codepoint	character	status	reason	ids
U+4E09	三	missing	missing	
U+4E20	丠	exact_ids	unresolved components: 北	⿱北一
U+4E34	临	missing	missing	
U+4E35	丵	exact_ids	unresolved components: 𢆉	⿱业𢆉
U+4E3A	为	exact_ids	structural collision: 办	⿻力丷
U+4E3D	丽	missing	missing	
U+4E55	乕	missing	missing	
U+4E56	乖	exact_ids	unresolved components: 北	⿻千北
U+4E58	乘	exact_ids	unresolved components: 北	⿻禾北
U+4E5E	乞	missing	missing	
U+4E6E	乮	exact_ids	unresolved components: 卯	⿱卯乙
U+4E79	乹	missing	missing	
U+4E7E	乾	exact_ids	unresolved components: 乞	⿰車乞
U+4E7F	乿	missing	missing	
U+4E81	亁	missing	missing	
U+4E82	亂	exact_ids	unresolved components: 𤔔	⿰𤔔乚
U+4E87	亇	missing	missing	
U+4E89	争	missing	missing	
U+4E8A	亊	missing	missing	
U+4E93	亓	missing	missing	
U+4E98	亘	missing	missing	
U+4E99	亙	missing	missing	
U+4E9F	亟	missing	missing	
U+4EA3	亣	missing	missing	
U+4EA5	亥	missing	missing	
U+4EA8	亨	missing	missing	
U+4EAB	享	missing	missing	
U+4EAC	京	missing	missing	
U+4EAD	亭	missing	missing	
U+4EAE	亮	missing	missing	
U+4EAF	亯	missing	missing	
U+4EB3	亳	missing	missing	
U+4EB4	亴	missing	missing	
U+4EB5	亵	missing	missing	
U+4EB6	亶	exact_ids	unresolved components: 回	⿱㐭旦
U+4EB7	亷	missing	missing	
U+4EB8	亸	exact_ids	unresolved components: 享,单	⿰享单
U+4EB9	亹	exact_ids	unresolved components: 舋	⿱亠舋
U+4EBE	亾	missing	missing	
U+4ECA	今	exact_ids	unresolved components: ㇇	⿱亼㇇
U+4ECB	介	missing	missing	
U+4EE1	仡	exact_ids	unresolved components: 乞	⿰亻乞
U+4EE2	仢	exact_ids	unresolved components: 勺	⿰亻勺
U+4EE8	仨	exact_ids	unresolved components: 三	⿰亻三
U+4EEE	仮	exact_ids	unresolved components: 反	⿰亻反
U+4EF1	仱	exact_ids	unresolved components: ㇇	⿰亻今
U+4EF7	价	exact_ids	unresolved components: 介	⿰亻介
U+4EFA	仺	missing	missing	
U+4F0A	伊	exact_ids	unresolved components: 尹	⿰亻尹
U+4F0B	伋	exact_ids	unresolved components: ㇏	⿰亻及
U+4F10	伐	exact_ids	unresolved components: 戈	⿰亻戈
U+4F1B	伛	exact_ids	unresolved components: 区	⿰亻区
U+4F1E	伞	missing	missing	
U+4F24	伤	missing	missing	
U+4F28	伨	exact_ids	unresolved components: 匀	⿰亻匀
U+4F2C	伬	exact_ids	unresolved components: ㇏	⿰亻尺
U+4F35	伵	exact_ids	unresolved components: 四	⿰亻四
U+4F37	伷	exact_ids	unresolved components: 由	⿰亻由
U+4F38	伸	exact_ids	unresolved components: 申	⿰亻申
U+4F3A	伺	exact_ids	unresolved components: 司	⿰亻司
U+4F45	佅	exact_ids	structural collision: 体	⿰亻未
U+4F48	佈	exact_ids	unresolved components: 布	⿰亻布
U+4F50	佐	exact_ids	unresolved components: 左	⿰亻左
U+4F53	体	exact_ids	structural collision: 佅	⿰亻本
U+4F5D	佝	exact_ids	unresolved components: 句	⿰亻句
U+4F5E	佞	missing	missing	
U+4F60	你	exact_ids	unresolved components: ⺈	⿰亻尔
U+4F65	佥	missing	missing	
U+4F68	佨	exact_ids	unresolved components: 包	⿰亻包
U+4F69	佩	exact_ids	unresolved components: 凧	⿰亻凧
U+4F6A	佪	exact_ids	unresolved components: 回	⿰亻回
U+4F79	佹	exact_ids	unresolved components: ⺈	⿰亻危
U+4F7F	使	exact_ids	unresolved components: 吏	⿰亻吏
U+4F83	侃	missing	missing	
U+4F85	侅	exact_ids	unresolved components: 亥	⿰亻亥
U+4F8A	侊	exact_ids	unresolved components: ⺌	⿰亻光
U+4F8C	侌	exact_ids	unresolved components: ㇇	⿱今云
U+4F90	侐	exact_ids	unresolved components: 血	⿰亻血
U+4F93	侓	exact_ids	unresolved components: 聿	⿰亻聿
U+4F96	侖	exact_ids	unresolved components: 𠕁	⿱亼𠕁
U+4F97	侗	exact_ids	unresolved components: 同	⿰亻同
U+4F9A	侚	exact_ids	unresolved components: 旬	⿰亻旬
U+4F9F	侟	exact_ids	unresolved components: 存	⿰亻存
U+4FA5	侥	exact_ids	unresolved components: 尧	⿰亻尧
U+4FAD	侭	exact_ids	unresolved components: ㇏	⿰亻尽
U+4FAF	侯	missing	missing	
U+4FB0	侰	exact_ids	unresolved components: 尹	⿰亻君
U+4FB4	侴	missing	missing	
U+4FB6	侶	exact_ids	unresolved components: 呂	⿰亻呂
U+4FB7	侷	exact_ids	unresolved components: 局	⿰亻局
U+4FBA	侺	exact_ids	unresolved components: ㇇	⿰亻岑
U+4FC4	俄	exact_ids	unresolved components: 戈	⿰亻我
U+4FD3	俓	exact_ids	unresolved components: 巠	⿰亻巠
U+4FD9	俙	exact_ids	unresolved components: 布	⿰亻希
U+4FDA	俚	exact_ids	unresolved components: 里	⿰亻里
U+4FDC	俜	exact_ids	unresolved components: 由	⿰亻甹
U+4FEA	俪	exact_ids	unresolved components: 丽	⿰亻丽
U+4FEB	俫	exact_ids	unresolved components: 来	⿰亻来
U+4FED	俭	exact_ids	unresolved components: 佥	⿰亻佥
U+4FEE	修	missing	missing	
U+4FF1	俱	exact_ids	structural collision: 倶	⿰亻具
U+4FF4	俴	exact_ids	unresolved components: 戈	⿰亻戔
U+4FF5	俵	exact_ids	unresolved components: 表	⿰亻表
U+4FFA	俺	exact_ids	unresolved components: 电	⿰亻奄
U+4FFC	俼	exact_ids	unresolved components: 育	⿰亻育
U+5002	倂	exact_ids	unresolved components: 幷	⿰亻幷
U+5005	倅	exact_ids	unresolved components: 卒	⿰亻卒
U+5009	倉	missing	missing	
U+500B	個	exact_ids	unresolved components: 固	⿰亻固
U+500F	倏	missing	missing	
U+5010	倐	missing	missing	
U+5016	倖	exact_ids	unresolved components: 𢆉	⿰亻幸
U+5018	倘	exact_ids	unresolved components: 冋	⿰亻尚
U+5019	候	exact_ids	unresolved components: 侯	⿰亻侯
U+501C	倜	exact_ids	unresolved components: 周	⿰亻周
U+501D	倝	missing	missing	
U+501E	倞	exact_ids	unresolved components: 京	⿰亻京
U+501F	借	exact_ids	unresolved components: 龷	⿰亻昔
U+5022	倢	exact_ids	unresolved components: 疌	⿰亻疌
U+5024	値	exact_ids	structural collision: 值	⿰亻直
U+5029	倩	exact_ids	unresolved components: 円,龶	⿰亻靑
U+502B	倫	exact_ids	unresolved components: 𠕁	⿰亻侖
U+5035	倵	exact_ids	unresolved components: 武	⿰亻武
U+5036	倶	exact_ids	structural collision: 俱	⿰亻具
U+503A	债	exact_ids	unresolved components: 龶	⿰亻责
U+503C	值	exact_ids	structural collision: 値	⿰亻直
U+5043	偃	exact_ids	unresolved components: 匽	⿰亻匽
U+5045	偅	exact_ids	unresolved components: 里	⿰亻重
U+5048	偈	exact_ids	unresolved components: 匃	⿰亻曷
U+504A	偊	exact_ids	unresolved components: 禹	⿰亻禹
U+504D	偍	exact_ids	unresolved components: 𤴓	⿰亻是
U+504F	偏	exact_ids	unresolved components: 𠕁	⿰亻扁
U+505C	停	exact_ids	unresolved components: 亭	⿰亻亭
U+505D	偝	exact_ids	unresolved components: 北	⿰亻背
U+5061	偡	exact_ids	unresolved components: 匹	⿰亻甚
U+5064	偤	exact_ids	unresolved components: 酉	⿰亻酋
U+5065	健	exact_ids	unresolved components: 聿	⿰亻建
U+5069	偩	exact_ids	unresolved components: ⺈	⿰亻負
U+506A	偪	exact_ids	unresolved components: 畐	⿰亻畐
U+506F	偯	exact_ids	unresolved components: 哀	⿰亻哀
U+5071	偱	exact_ids	unresolved components: ⺁	⿰亻盾
U+5078	偸	exact_ids	unresolved components: 兪	⿰亻兪
U+5079	偹	missing	missing	
U+507C	偼	exact_ids	unresolved components: 疌	⿰亻疌
U+5081	傁	exact_ids	unresolved components: 𦥔	⿰亻叟
U+5082	傂	exact_ids	unresolved components: 虒	⿰亻虒
U+5083	傃	exact_ids	unresolved components: 龶	⿰亻素
U+5084	傄	exact_ids	unresolved components: 眘	⿰亻眘
U+508F	傏	exact_ids	unresolved components: 唐	⿰亻唐
U+5090	傐	exact_ids	unresolved components: 高	⿰亻高
U+5096	傖	exact_ids	unresolved components: 倉	⿰亻倉
U+5098	傘	missing	missing	
U+5099	備	missing	missing	
U+509C	傜	missing	missing	
U+509D	傝	exact_ids	unresolved components: 冃	⿰亻𦐇
U+50A4	傤	exact_ids	unresolved components: 载	⿰亻载
U+50AA	傪	exact_ids	unresolved components: 參	⿰亻參
U+50AD	傭	exact_ids	unresolved components: 庸	⿰亻庸
U+50AE	傮	exact_ids	unresolved components: 曹	⿰亻曹
U+50AF	傯	exact_ids	unresolved components: 囱	⿰亻悤
U+50B1	傱	exact_ids	unresolved components: 從	⿰亻從
U+50B2	傲	exact_ids	unresolved components: 敖	⿰亻敖
U+50B3	傳	exact_ids	unresolved components: 𤰔	⿰亻專
U+50B4	傴	exact_ids	unresolved components: 區	⿰亻區
U+50B5	債	exact_ids	unresolved components: 龶	⿰亻責
U+50B6	傶	exact_ids	unresolved components: 戚	⿰亻戚
U+50B7	傷	missing	missing	
U+50B8	傸	exact_ids	unresolved components: 㸚	⿰亻爽
U+50BA	傺	exact_ids	unresolved components: 祭	⿰亻祭
U+50BB	傻	missing	missing	
U+50BC	傼	exact_ids	unresolved components: 𦰩	⿰亻𦰩
U+50C2	僂	exact_ids	unresolved components: 婁	⿰亻婁
U+50C3	僃	exact_ids	unresolved components: 甸	⿰亻䓒
U+50C8	僈	exact_ids	unresolved components: 曼	⿰亻曼
U+50C9	僉	missing	missing	
U+50CB	僋	exact_ids	unresolved components: ㇇	⿰亻貪
U+50CD	働	exact_ids	unresolved components: 里	⿰亻動
U+50D0	僐	exact_ids	unresolved components: 善	⿰亻善
U+50D1	僑	exact_ids	unresolved components: 冋	⿰亻喬
U+50D2	僒	exact_ids	unresolved components: 尹	⿰亻窘
U+50D4	僔	exact_ids	unresolved components: 酉	⿰亻尊
U+50D8	僘	exact_ids	unresolved components: 冋	⿰亻敞
U+50DA	僚	exact_ids	unresolved components: 昚	⿰亻尞
U+50DE	僞	exact_ids	unresolved components: 爲	⿰亻爲
U+50DF	僟	exact_ids	unresolved components: 戍	⿰亻幾
U+50E1	僡	exact_ids	unresolved components: 𤰔	⿰亻惠
U+50E4	僤	exact_ids	unresolved components: 單	⿰亻單
U+50E6	僦	exact_ids	unresolved components: 京	⿰亻就
U+50E7	僧	exact_ids	unresolved components: 曽	⿰亻曽
U+50E9	僩	exact_ids	unresolved components: 閒	⿰亻閒
U+50EE	僮	exact_ids	unresolved components: 里	⿰亻童
U+50F2	僲	missing	missing	
U+50F4	僴	exact_ids	unresolved components: 間	⿰亻間
U+50F5	僵	exact_ids	unresolved components: 三	⿰亻畺
U+50FB	僻	exact_ids	unresolved components: 𡰪	⿰亻辟
U+5100	儀	exact_ids	unresolved components: 義	⿰亻義
U+5103	儃	exact_ids	unresolved components: 回	⿰亻亶
U+5105	儅	exact_ids	unresolved components: 冋	⿰亻當
U+5106	儆	exact_ids	unresolved components: 句	⿰亻敬
U+5107	儇	exact_ids	unresolved components: 睘	⿰亻睘
U+5108	儈	exact_ids	unresolved components: 曾	⿰亻會
U+5109	儉	exact_ids	unresolved components: 僉	⿰亻僉
U+510B	儋	exact_ids	unresolved components: 詹	⿰亻詹
U+510C	儌	exact_ids	unresolved components: 敫	⿰亻敫
U+510D	儍	missing	missing	
U+510E	儎	exact_ids	unresolved components: 載	⿰亻載
U+510F	儏	exact_ids	unresolved components: 𣦼	⿰亻粲
U+5110	儐	exact_ids	unresolved components: 賓	⿰亻賓
U+5114	儔	exact_ids	unresolved components: 壽	⿰亻壽
U+5116	儖	exact_ids	unresolved components: 監	⿰亻監
U+5117	儗	exact_ids	unresolved components: 疑	⿰亻疑
U+5118	儘	exact_ids	unresolved components: 盡	⿰亻盡
U+511A	儚	exact_ids	unresolved components: 夢	⿰亻夢
U+511B	儛	exact_ids	unresolved components: 舞	⿰亻舞
U+511C	儜	exact_ids	unresolved components: 寍	⿰亻寧
U+511F	償	exact_ids	unresolved components: 冋	⿰亻賞
U+5120	儠	exact_ids	unresolved components: 巤	⿰亻巤
U+512B	儫	exact_ids	unresolved components: 豪	⿰亻豪
U+512C	儬	exact_ids	unresolved components: 龶	⿰亻靚
U+5133	儳	exact_ids	unresolved components: 毚	⿰亻毚
U+5134	儴	exact_ids	unresolved components: 襄	⿰亻襄
U+5135	儵	missing	missing	
U+5137	儷	exact_ids	unresolved components: 丽	⿰亻麗
U+513B	儻	exact_ids	unresolved components: 冋	⿰亻黨
U+513C	儼	exact_ids	unresolved components: 𠪚	⿰亻嚴
U+5147	兇	exact_ids	unresolved components: 凶	⿱凶儿
U+5149	光	exact_ids	unresolved components: ⺌	⿱⺌兀
U+514E	兎	missing	missing	
U+514F	兏	missing	missing	
U+515C	兜	missing	missing	
U+5160	兠	missing	missing	
U+5163	兣	exact_ids	unresolved components: 里	⿰克厘
U+5164	兤	exact_ids	unresolved components: ⺌	⿰光廣
U+5166	兦	missing	missing	
U+516A	兪	missing	missing	
U+5170	兰	exact_ids	unresolved components: 三	⿱丷三
U+517B	养	exact_ids	unresolved components: 介,𦍌	⿻𦍌介
U+517D	兽	missing	missing	
U+517F	兿	missing	missing	
U+5180	冀	exact_ids	unresolved components: 北	⿱北異
U+5181	冁	exact_ids	unresolved components: 单,展	⿰单展
U+5183	冃	missing	missing	
U+5185	内	exact_ids	structural collision: 贝	⿻冂人
U+5186	円	missing	missing	
U+5188	冈	missing	missing	
U+518B	冋	missing	missing	
U+5190	冐	exact_ids	unresolved components: 冃	⿱冃月
U+5191	冑	exact_ids	unresolved components: 冃,由	⿱由冃
U+5192	冒	exact_ids	unresolved components: 冃	⿱冃目
U+5194	冔	exact_ids	unresolved components: 冃	⿱冃吁
U+5195	冕	exact_ids	unresolved components: 冃	⿱冃免
U+51A1	冡	exact_ids	unresolved components: 冃	⿱冃𧰨
U+51A2	冢	exact_ids	unresolved components: 豖	⿱冖豖
U+51A6	冦	missing	missing	
U+51A8	冨	exact_ids	unresolved components: 畐	⿱冖畐
U+51A9	冩	exact_ids	unresolved components: 灳	⿱冖舄
U+51B9	冹	exact_ids	unresolved components: 犮	⿰冫犮
U+51BF	冿	exact_ids	unresolved components: 聿	⿰冫聿
U+51C0	净	exact_ids	unresolved components: 争	⿰冫争
U+51C4	凄	exact_ids	unresolved components: 妻	⿰冫妻
U+51C5	凅	exact_ids	unresolved components: 固	⿰冫固
U+51C9	凉	exact_ids	unresolved components: 京	⿰冫京
U+51CA	凊	exact_ids	unresolved components: 龶	⿰冫青
U+51CB	凋	exact_ids	unresolved components: 周	⿰冫周
U+51CF	减	exact_ids	unresolved components: 咸	⿰冫咸
U+51D4	凔	exact_ids	unresolved components: 倉	⿰冫倉
U+51D9	凙	exact_ids	unresolved components: 𢆉	⿰冫睪
U+51DB	凛	exact_ids	unresolved components: 禀	⿰冫禀
U+51DC	凜	exact_ids	unresolved components: 回	⿰冫稟
U+51DD	凝	exact_ids	unresolved components: 疑	⿰冫疑
U+51DE	凞	exact_ids	unresolved components: 熈	⿰冫熈
U+51E1	凡	missing	missing	
U+51E4	凤	missing	missing	
U+51E7	凧	missing	missing	
U+51E8	凨	missing	missing	
U+51E9	凩	missing	missing	
U+51EA	凪	missing	missing	
U+51EC	凬	missing	missing	
U+51EE	凮	missing	missing	
U+51F0	凰	missing	missing	
U+51F2	凲	missing	missing	
U+51F6	凶	missing	missing	
U+51F7	凷	missing	missing	
U+51FB	击	missing	missing	
U+51FC	凼	missing	missing	
U+51FF	凿	exact_ids	unresolved components: 𢆉	⿱丵凵
U+5209	刉	exact_ids	unresolved components: 乞	⿰乞刂
U+520D	刍	exact_ids	unresolved components: ⺈	⿱⺈彐
U+5212	划	exact_ids	unresolved components: 戈	⿰戈刂
U+521A	刚	exact_ids	unresolved components: 冈	⿰冈刂
U+5228	刨	exact_ids	unresolved components: 包	⿰包刂
U+522C	刬	exact_ids	unresolved components: 戈	⿰戋刂
U+522D	刭	missing	missing	
U+522F	刯	exact_ids	unresolved components: 亘	⿰亘刂
U+5236	制	missing	missing	
U+5237	刷	missing	missing	
U+523B	刻	exact_ids	unresolved components: 亥	⿰亥刂
U+5244	剄	exact_ids	unresolved components: 巠	⿰巠刂
U+524E	剎	missing	missing	
U+5251	剑	exact_ids	unresolved components: 佥	⿰佥刂
U+5252	剒	exact_ids	unresolved components: 龷	⿰昔刂
U+5253	剓	missing	missing	
U+5257	剗	exact_ids	unresolved components: 戈	⿰戔刂
U+525B	剛	exact_ids	unresolved components: 岡	⿰岡刂
U+5260	剠	exact_ids	unresolved components: 京	⿰京刂
U+5262	剢	exact_ids	unresolved components: 豖	⿰豖刂
U+5264	剤	exact_ids	unresolved components: 斉	⿰斉刂
U+5266	剦	exact_ids	unresolved components: 电	⿰奄刂
U+5269	剩	exact_ids	unresolved components: 北	⿰乘刂
U+526B	剫	exact_ids	unresolved components: 度	⿰度刂
U+526F	副	exact_ids	unresolved components: 畐	⿰畐刂
U+5272	割	exact_ids	unresolved components: 害	⿰害刂
U+5275	創	exact_ids	unresolved components: 倉	⿰倉刂
U+5278	剸	exact_ids	unresolved components: 𤰔	⿰專刂
U+527A	剺	missing	missing	
U+527C	剼	exact_ids	unresolved components: 參	⿰參刂
U+527E	剾	exact_ids	unresolved components: 區	⿰區刂
U+5283	劃	exact_ids	unresolved components: 畫	⿰畫刂
U+5284	劄	exact_ids	unresolved components: 亇	⿰答刂
U+5285	劅	exact_ids	unresolved components: 𠣜	⿰蜀刂
U+5288	劈	exact_ids	unresolved components: 𡰪	⿱辟刀
U+5289	劉	exact_ids	unresolved components: 𨥫	⿰𨥫刂
U+528A	劊	exact_ids	unresolved components: 曾	⿰會刂
U+528C	劌	exact_ids	unresolved components: 歲	⿰歲刂
U+528D	劍	exact_ids	unresolved components: 僉	⿰僉刂
U+528E	劎	exact_ids	unresolved components: 僉	⿰僉刀
U+528F	劏	exact_ids	unresolved components: 冋	⿰當刂
U+5292	劒	exact_ids	unresolved components: 僉	⿰僉刃
U+5294	劔	exact_ids	unresolved components: 僉	⿰僉刄
U+5296	劖	exact_ids	unresolved components: 毚	⿰毚刂
U+529A	劚	exact_ids	unresolved components: 屬	⿰屬刂
U+529E	办	exact_ids	structural collision: 为	⿻力丷
U+52AC	劬	exact_ids	unresolved components: 句	⿰句力
U+52B2	劲	missing	missing	
U+52B6	劶	exact_ids	unresolved components: 后	⿰后力
U+52BB	劻	exact_ids	unresolved components: 匡	⿰匡力
U+52BE	劾	exact_ids	unresolved components: 亥	⿰亥力
U+52C0	勀	exact_ids	structural collision: 勊	⿰克力
U+52C1	勁	exact_ids	unresolved components: 巠	⿰巠力
U+52CA	勊	exact_ids	structural collision: 勀	⿰克力
U+52CD	勍	exact_ids	unresolved components: 京	⿰京力
U+52D5	動	exact_ids	unresolved components: 里	⿰重力
U+52D6	勖	exact_ids	unresolved components: 冃	⿰冒力
U+52D8	勘	exact_ids	unresolved components: 匹	⿰甚力
U+52E3	勣	exact_ids	unresolved components: 龶	⿰責力
U+52E7	勧	missing	missing	
U+52E8	勨	missing	missing	
U+52EA	勪	exact_ids	unresolved components: 冋	⿰喬力
U+52ED	勭	exact_ids	unresolved components: 里	⿰童力
U+52EF	勯	exact_ids	unresolved components: 回	⿰亶力
U+52F2	勲	exact_ids	unresolved components: 里	⿱動灬
U+52F3	勳	exact_ids	unresolved components: 熏	⿰熏力
U+52F6	勶	exact_ids	unresolved components: 徹	⿱徹力
U+52F7	勷	exact_ids	unresolved components: 襄	⿰襄力
U+52FA	勺	missing	missing	
U+52FB	勻	missing	missing	
U+52FC	勼	missing	missing	
U+52FD	勽	missing	missing	
U+52FE	勾	missing	missing	
U+5300	匀	missing	missing	
U+5302	匂	missing	missing	
U+5303	匃	missing	missing	
U+5304	匄	missing	missing	
U+5305	包	missing	missing	
U+5307	匇	missing	missing	
U+5308	匈	missing	missing	
U+5309	匉	missing	missing	
U+530A	匊	missing	missing	
U+530B	匋	missing	missing	
U+530C	匌	missing	missing	
U+530D	匍	missing	missing	
U+530E	匎	missing	missing	
U+530F	匏	exact_ids	unresolved components: 包	⿰夸包
U+5310	匐	missing	missing	
U+5311	匑	missing	missing	
U+5312	匒	missing	missing	
U+5313	匓	missing	missing	
U+5314	匔	missing	missing	
U+5317	北	missing	missing	
U+5318	匘	exact_ids	unresolved components: 囟	⿰匕𡿺
U+5319	匙	exact_ids	unresolved components: 𤴓	⿰是匕
U+531B	匛	missing	missing	
U+531C	匜	missing	missing	
U+531D	匝	missing	missing	
U+531E	匞	missing	missing	
U+531F	匟	missing	missing	
U+5320	匠	missing	missing	
U+5321	匡	missing	missing	
U+5322	匢	missing	missing	
U+5323	匣	missing	missing	
U+5324	匤	missing	missing	
U+5325	匥	missing	missing	
U+5326	匦	missing	missing	
U+5327	匧	missing	missing	
U+5328	匨	missing	missing	
U+5329	匩	missing	missing	
U+532A	匪	missing	missing	
U+532B	匫	missing	missing	
U+532C	匬	missing	missing	
U+532D	匭	missing	missing	
U+532E	匮	missing	missing	
U+532F	匯	missing	missing	
U+5330	匰	missing	missing	
U+5331	匱	missing	missing	
U+5332	匲	missing	missing	
U+5333	匳	missing	missing	
U+5334	匴	missing	missing	
U+5335	匵	missing	missing	
U+5336	匶	missing	missing	
U+5337	匷	missing	missing	
U+5339	匹	missing	missing	
U+533A	区	missing	missing	
U+533B	医	missing	missing	
U+533C	匼	missing	missing	
U+533D	匽	missing	missing	
U+533E	匾	missing	missing	
U+533F	匿	missing	missing	
U+5340	區	missing	missing	
U+5352	卒	missing	missing	
U+5355	单	missing	missing	
U+5357	南	missing	missing	
U+5358	単	missing	missing	
U+5359	卙	exact_ids	unresolved components: 匹	⿰甚十
U+5364	卤	exact_ids	unresolved components: 龱	⿱卜龱
U+5365	卥	missing	missing	
U+536E	卮	missing	missing	
U+536F	卯	missing	missing	
U+5370	印	missing	missing	
U+5371	危	exact_ids	unresolved components: ⺈	⿱⺈厄
U+5379	卹	exact_ids	unresolved components: 血	⿰血卩
U+537C	卼	exact_ids	unresolved components: ⺈	⿰兀危
U+5383	厃	exact_ids	unresolved components: ⺈	⿱⺈厂
U+5398	厘	exact_ids	unresolved components: 里	⿱厂里
U+539D	厝	exact_ids	unresolved components: 龷	⿱厂昔
U+53A3	厣	exact_ids	unresolved components: 甲	⿱厌甲
U+53A6	厦	exact_ids	unresolved components: 夏	⿱厂夏
U+53A8	厨	missing	missing	
U+53AB	厫	exact_ids	unresolved components: 敖	⿱厂敖
U+53AD	厭	exact_ids	unresolved components: 冃	⿱厂猒
U+53AF	厯	missing	missing	
U+53B0	厰	exact_ids	unresolved components: 冋	⿱厂敞
U+53B1	厱	exact_ids	unresolved components: 僉	⿱厂僉
U+53B3	厳	missing	missing	
U+53B4	厴	exact_ids	unresolved components: 冃,甲	⿱厭甲
U+53B7	厷	missing	missing	
U+53C0	叀	exact_ids	unresolved components: 𤰔	⿱𤰔厶
U+53C1	叁	missing	missing	
U+53C2	参	missing	missing	
U+53C3	參	missing	missing	
U+53C4	叄	exact_ids	unresolved components: 三	⿱𠫯三
U+53C5	叅	exact_ids	unresolved components: 㣺	⿱𠫯㣺
U+53C7	叇	exact_ids	unresolved components: 隶	⿰云逮
U+53CA	及	exact_ids	unresolved components: ㇏	⿻乃㇏
U+53CD	反	missing	missing	
U+53CF	叏	missing	missing	
U+53DB	叛	exact_ids	unresolved components: 反	⿰半反
U+53DE	叞	missing	missing	
U+53DF	叟	exact_ids	unresolved components: 𦥔	⿻𦥔又
U+53E1	叡	exact_ids	unresolved components: 眘	⿰睿又
U+53E2	叢	missing	missing	
U+53E5	句	missing	missing	
U+53EE	叮	exact_ids	structural collision: 可	⿰口丁
U+53EF	可	exact_ids	structural collision: 叮	⿰口丁
U+53F8	司	missing	missing	
U+5403	吃	exact_ids	unresolved components: 乞	⿰口乞
U+540C	同	missing	missing	
U+540E	后	missing	missing	
U+540F	吏	missing	missing	
U+5411	向	exact_ids	unresolved components: 冋	⿱丶冋
U+541A	吚	exact_ids	unresolved components: 尹	⿰口尹
U+541B	君	exact_ids	unresolved components: 尹	⿱尹口
U+541F	吟	exact_ids	unresolved components: ㇇	⿰口今
U+5420	吠	exact_ids	structural collision: 呔	⿰口犬
U+5424	吤	exact_ids	unresolved components: 介	⿰口介
U+542B	含	exact_ids	unresolved components: ㇇	⿱今口
U+5430	吰	exact_ids	unresolved components: 厷	⿰口厷
U+5438	吸	exact_ids	unresolved components: ㇏	⿰口及
U+543F	吿	exact_ids	structural collision: 告	⿱牛口
U+5441	呁	exact_ids	unresolved components: 匀	⿰口匀
U+5442	呂	missing	missing	
U+5449	呉	missing	missing	
U+544A	告	exact_ids	structural collision: 吿	⿱牛口
U+544E	呎	exact_ids	unresolved components: ㇏	⿰口尺
U+5450	呐	exact_ids	structural collision: 呗	⿰口内
U+5454	呔	exact_ids	structural collision: 吠	⿰口太
U+5455	呕	exact_ids	unresolved components: 区	⿰口区
U+5457	呗	exact_ids	structural collision: 呐	⿰口贝
U+5458	员	exact_ids	structural collision: 呙	⿱口贝
U+5459	呙	exact_ids	structural collision: 员	⿱口内
U+545E	呞	exact_ids	unresolved components: 司	⿰口司
U+5460	呠	exact_ids	structural collision: 味	⿰口本
U+5468	周	missing	missing	
U+546C	呬	exact_ids	unresolved components: 四	⿰口四
U+5473	味	exact_ids	structural collision: 呠	⿰口未
U+5474	呴	exact_ids	unresolved components: 句	⿰口句
U+5477	呷	exact_ids	unresolved components: 甲	⿰口甲
U+547B	呻	exact_ids	unresolved components: 申	⿰口申
U+5482	咂	exact_ids	unresolved components: 匝	⿰口匝
U+5486	咆	exact_ids	unresolved components: 包	⿰口包
U+548F	咏	exact_ids	unresolved components: 永	⿰口永
U+5497	咗	exact_ids	unresolved components: 左	⿰口左
U+5498	咘	exact_ids	unresolved components: 布	⿰口布
U+54A3	咣	exact_ids	unresolved components: ⺌	⿰口光
U+54AB	咫	exact_ids	unresolved components: ㇏	⿰尺只
U+54B0	咰	exact_ids	unresolved components: 旬	⿰口旬
U+54B3	咳	exact_ids	unresolved components: 亥	⿰口亥
U+54B8	咸	missing	missing	
U+54BA	咺	exact_ids	unresolved components: 亘	⿰口亘
U+54BD	咽	exact_ids	unresolved components: 因	⿰口因
U+54BF	咿	exact_ids	unresolved components: 尹	⿰口伊
U+54C0	哀	missing	missing	
U+54C3	哃	exact_ids	unresolved components: 同	⿰口同
U+54C5	哅	exact_ids	unresolved components: 匈	⿰口匈
U+54C9	哉	missing	missing	
U+54CC	哌	missing	missing	
U+54CD	响	exact_ids	unresolved components: 冋	⿰口向
U+54D0	哐	exact_ids	unresolved components: 匡	⿰口匡
U+54D3	哓	exact_ids	unresolved components: 尧	⿰口尧
U+54DF	哟	exact_ids	unresolved components: 勺	⿰口约
U+54E6	哦	exact_ids	unresolved components: 戈	⿰口我
U+54E9	哩	exact_ids	unresolved components: 里	⿰口里
U+54FC	哼	exact_ids	unresolved components: 亨	⿰口亨
U+5503	唃	exact_ids	unresolved components: ⺈	⿰口角
U+5505	唅	exact_ids	unresolved components: ㇇	⿰口含
U+550F	唏	exact_ids	unresolved components: 布	⿰口希
U+5510	唐	missing	missing	
U+5512	唒	exact_ids	unresolved components: 酉	⿰口酉
U+5518	唘	missing	missing	
U+551B	唛	exact_ids	unresolved components: 龶	⿰口麦
U+5522	唢	missing	missing	
U+5524	唤	exact_ids	unresolved components: ⺈	⿰口奂
U+5530	唰	exact_ids	unresolved components: 刷	⿰口刷
U+5535	唵	exact_ids	unresolved components: 电	⿰口奄
U+5536	唶	exact_ids	unresolved components: 龷	⿰口昔
U+5537	唷	exact_ids	unresolved components: 育	⿰口育
U+5538	唸	exact_ids	unresolved components: ㇇	⿰口念
U+5541	啁	exact_ids	unresolved components: 周	⿰口周
U+5547	啇	missing	missing	
U+5548	啈	exact_ids	unresolved components: 𢆉	⿰口幸
U+554D	啍	exact_ids	unresolved components: 享	⿰口享
U+554F	問	missing	missing	
U+5550	啐	exact_ids	unresolved components: 卒	⿰口卒
U+5551	啑	exact_ids	unresolved components: 疌	⿰口疌
U+5553	啓	missing	missing	
U+5554	啔	missing	missing	
U+5555	啕	exact_ids	unresolved components: 匋	⿰口匋
U+5557	啗	exact_ids	unresolved components: ⺈	⿰口臽
U+555A	啚	missing	missing	
U+555B	啛	exact_ids	unresolved components: 妻	⿰口妻
U+5567	啧	exact_ids	unresolved components: 龶	⿰口责
U+5568	啨	exact_ids	unresolved components: 龶	⿰口青
U+556C	啬	missing	missing	
U+556F	啯	exact_ids	unresolved components: 国	⿰口国
U+5572	啲	exact_ids	unresolved components: 勺	⿰口的
U+5574	啴	exact_ids	unresolved components: 单	⿰口单
U+5576	啶	exact_ids	unresolved components: 𤴓	⿰口定
U+5578	啸	exact_ids	unresolved components: 肃	⿰口肃
U+557F	啿	exact_ids	unresolved components: 匹	⿰口甚
U+5583	喃	exact_ids	unresolved components: 南	⿰口南
U+5584	善	missing	missing	
U+5589	喉	exact_ids	unresolved components: 侯	⿰口侯
U+558A	喊	exact_ids	unresolved components: 咸	⿰口咸
U+559A	喚	exact_ids	unresolved components: 奐	⿰口奐
U+559D	喝	exact_ids	unresolved components: 匃	⿰口曷
U+55A0	喠	exact_ids	unresolved components: 里	⿰口重
U+55A3	喣	exact_ids	unresolved components: 句	⿱呴灬
U+55A5	喥	exact_ids	unresolved components: 度	⿰口度
U+55A6	喦	exact_ids	structural collision: 嵒	⿱品山
U+55A7	喧	exact_ids	unresolved components: 亘	⿰口宣
U+55A8	喨	exact_ids	unresolved components: 亮	⿰口亮
U+55A9	喩	exact_ids	unresolved components: 兪	⿰口兪
U+55AC	喬	exact_ids	unresolved components: 冋	⿱呑冋
U+55AE	單	missing	missing	
U+55B1	喱	exact_ids	unresolved components: 里	⿰口厘
U+55B2	喲	exact_ids	unresolved components: 勺	⿰口約
U+55B4	喴	exact_ids	unresolved components: 威	⿰口威
U+55B6	営	exact_ids	unresolved components: 呂	⿳小冖呂
U+55BC	喼	exact_ids	unresolved components: ⺈	⿰口急
U+55C0	嗀	missing	missing	
U+55C1	嗁	exact_ids	unresolved components: 虒	⿰口虒
U+55C3	嗃	exact_ids	unresolved components: 高	⿰口高
U+55C4	嗄	exact_ids	unresolved components: 夏	⿰口夏
U+55C6	嗆	exact_ids	unresolved components: 倉	⿰口倉
U+55C7	嗇	exact_ids	unresolved components: 回	⿱夾回
U+55C9	嗉	exact_ids	unresolved components: 龶	⿰口素
U+55CC	嗌	exact_ids	unresolved components: 益	⿰口益
U+55CF	嗏	exact_ids	unresolved components: 茶	⿰口茶
U+55D0	嗐	exact_ids	unresolved components: 害	⿰口害
U+55D6	嗖	exact_ids	unresolved components: 𦥔	⿰口叟
U+55E2	嗢	exact_ids	unresolved components: 囚	⿰口𥁕
U+55E3	嗣	missing	missing	
U+55E4	嗤	exact_ids	unresolved components: 蚩	⿰口蚩
U+55E7	嗧	exact_ids	unresolved components: 𠕁	⿱加侖
U+55EF	嗯	exact_ids	unresolved components: 因	⿰口恩
U+55F0	嗰	exact_ids	unresolved components: 固	⿰口個
U+55F7	嗷	exact_ids	unresolved components: 敖	⿰口敖
U+55F8	嗸	exact_ids	unresolved components: 敖	⿱敖口
U+55FE	嗾	exact_ids	unresolved components: 族	⿰口族
U+55FF	嗿	exact_ids	unresolved components: ㇇	⿰口貪
U+5600	嘀	exact_ids	unresolved components: 啇	⿰口啇
U+5601	嘁	exact_ids	unresolved components: 戚	⿰口戚
U+5603	嘃	exact_ids	unresolved components: 庸	⿰口庸
U+5604	嘄	exact_ids	unresolved components: 梟	⿰口梟
U+5606	嘆	exact_ids	unresolved components: 𦰩	⿰口𦰩
U+5607	嘇	exact_ids	unresolved components: 參	⿰口參
U+5608	嘈	exact_ids	unresolved components: 曹	⿰口曹
U+560D	嘍	exact_ids	unresolved components: 婁	⿰口婁
U+560E	嘎	exact_ids	unresolved components: 戈	⿰口戛
U+5613	嘓	exact_ids	unresolved components: 國	⿰口國
U+5614	嘔	exact_ids	unresolved components: 區	⿰口區
U+5616	嘖	exact_ids	unresolved components: 龶	⿰口責
U+5617	嘗	exact_ids	unresolved components: 冋	⿱尚旨
U+561D	嘝	exact_ids	unresolved components: ⺈	⿰口斛
U+5620	嘠	exact_ids	unresolved components: 戈	⿰口戞
U+5621	嘡	exact_ids	unresolved components: 冋	⿰口堂
U+5622	嘢	exact_ids	unresolved components: 里	⿰口野
U+5628	嘨	exact_ids	unresolved components: 粛	⿰口粛
U+5630	嘰	exact_ids	unresolved components: 戍	⿰口幾
U+5631	嘱	exact_ids	unresolved components: 禹	⿰口属
U+5632	嘲	exact_ids	unresolved components: 朝	⿰口朝
U+5634	嘴	exact_ids	unresolved components: ⺈	⿰口觜
U+5637	嘷	exact_ids	unresolved components: 臯	⿰口臯
U+5639	嘹	exact_ids	unresolved components: 昚	⿰口尞
U+563A	嘺	exact_ids	unresolved components: 冋	⿰口喬
U+563D	嘽	exact_ids	unresolved components: 單	⿰口單
U+5642	噂	exact_ids	unresolved components: 酉	⿰口尊
U+5647	噇	exact_ids	unresolved components: 里	⿰口童
U+5648	噈	exact_ids	unresolved components: 京	⿰口就
U+5649	噉	exact_ids	unresolved components: 敢	⿰口敢
U+564B	噋	exact_ids	unresolved components: 享	⿰口敦
U+564C	噌	exact_ids	unresolved components: 曽	⿰口曽
U+5651	噑	exact_ids	unresolved components: 皐	⿰口皐
U+5653	噓	exact_ids	unresolved components: 虛	⿰口虛
U+5655	噕	exact_ids	unresolved components: 爲	⿱爲口
U+5656	噖	exact_ids	unresolved components: ㇇	⿰口琴
U+5659	噙	exact_ids	unresolved components: 凶	⿰口禽
U+565A	噚	exact_ids	unresolved components: 尋	⿰口尋
U+565E	噞	exact_ids	unresolved components: 僉	⿰口僉
U+5661	噡	exact_ids	unresolved components: 詹	⿰口詹
U+5663	噣	exact_ids	unresolved components: 𠣜	⿰口蜀
U+5666	噦	exact_ids	unresolved components: 歲	⿰口歲
U+566C	噬	exact_ids	unresolved components: 亇	⿰口筮
U+566D	噭	exact_ids	unresolved components: 敫	⿰口敫
U+566E	噮	exact_ids	unresolved components: 睘	⿰口睘
U+5670	噰	exact_ids	unresolved components: 雍	⿰口雍
U+5672	噲	exact_ids	unresolved components: 曾	⿰口會
U+5676	噶	exact_ids	unresolved components: 匃	⿰口葛
U+5679	噹	exact_ids	unresolved components: 冋	⿰口當
U+567C	噼	exact_ids	unresolved components: 𡰪	⿰口辟
U+567F	噿	exact_ids	unresolved components: 卒	⿰口翠
U+5680	嚀	exact_ids	unresolved components: 寍	⿰口寧
U+5682	嚂	exact_ids	unresolved components: 監	⿰口監
U+5686	嚆	exact_ids	unresolved components: 高	⿰口蒿
U+5688	嚈	exact_ids	unresolved components: 冃	⿰口厭
U+5689	嚉	exact_ids	unresolved components: 𢆉	⿰口對
U+568B	嚋	exact_ids	unresolved components: 壽	⿰口壽
U+568D	嚍	exact_ids	unresolved components: 盡	⿰口盡
U+568E	嚎	exact_ids	unresolved components: 豪	⿰口豪
U+568F	嚏	exact_ids	unresolved components: 疐	⿰口疐
U+5690	嚐	exact_ids	unresolved components: 冋	⿰口嘗
U+5691	嚑	exact_ids	unresolved components: 熏	⿰口熏
U+5693	嚓	exact_ids	unresolved components: 祭	⿰口察
U+5694	嚔	exact_ids	unresolved components: 𤴛	⿰口𤴡
U+569B	嚛	exact_ids	unresolved components: 樂	⿰口樂
U+569F	嚟	exact_ids	unresolved components: 黎	⿰口黎
U+56A0	嚠	exact_ids	unresolved components: 𨥫	⿰口劉
U+56A2	嚢	missing	missing	
U+56A3	嚣	missing	missing	
U+56A5	嚥	exact_ids	unresolved components: 燕	⿰口燕
U+56A7	嚧	exact_ids	unresolved components: 𧆨	⿰口盧
U+56AA	嚪	exact_ids	unresolved components: 閻	⿰口閻
U+56AE	嚮	exact_ids	unresolved components: 冋	⿱鄉向
U+56B1	嚱	exact_ids	unresolved components: 䖒,戈	⿰口戲
U+56B2	嚲	exact_ids	unresolved components: 享,單	⿰享單
U+56B3	嚳	missing	missing	
U+56B4	嚴	exact_ids	unresolved components: 𠪚	⿱⿰口口𠪚
U+56B5	嚵	exact_ids	unresolved components: 毚	⿰口毚
U+56B7	嚷	exact_ids	unresolved components: 襄	⿰口襄
U+56BA	嚺	missing	missing	
U+56BB	嚻	exact_ids	structural collision: 囂	⿲吕頁吕
U+56BC	嚼	exact_ids	unresolved components: 爵	⿰口爵
U+56BD	嚽	exact_ids	unresolved components: 敖	⿰口贅
U+56BF	嚿	exact_ids	unresolved components: 舊	⿰口舊
U+56C0	囀	exact_ids	unresolved components: 𤰔	⿰口轉
U+56C2	囂	exact_ids	structural collision: 嚻	⿲吕頁吕
U+56C3	囃	exact_ids	unresolved components: 雜	⿰口雜
U+56C4	囄	exact_ids	unresolved components: 凶	⿰口離
U+56C5	囅	exact_ids	unresolved components: 單,展	⿰單展
U+56C7	囇	exact_ids	unresolved components: 丽	⿰口麗
U+56CE	囎	exact_ids	unresolved components: 曽	⿰口贈
U+56D1	囑	exact_ids	unresolved components: 屬	⿰口屬
U+56D2	囒	exact_ids	unresolved components: 闌	⿰口蘭
U+56D5	囕	exact_ids	unresolved components: 覽	⿰口覽
U+56D6	囖	exact_ids	unresolved components: 亇	⿰口籮
U+56D8	囘	missing	missing	
U+56DA	囚	missing	missing	
U+56DB	四	missing	missing	
U+56DC	囜	missing	missing	
U+56DD	囝	missing	missing	
U+56DE	回	missing	missing	
U+56DF	囟	missing	missing	
U+56E0	因	missing	missing	
U+56E1	囡	missing	missing	
U+56E2	团	missing	missing	
U+56E3	団	missing	missing	
U+56E4	囤	missing	missing	
U+56E5	囥	missing	missing	
U+56E6	囦	missing	missing	
U+56E8	囨	missing	missing	
U+56E9	囩	missing	missing	
U+56EB	囫	missing	missing	
U+56EC	囬	missing	missing	
U+56ED	园	missing	missing	
U+56EE	囮	missing	missing	
U+56EF	囯	missing	missing	
U+56F0	困	missing	missing	
U+56F1	囱	missing	missing	
U+56F2	囲	missing	missing	
U+56F3	図	missing	missing	
U+56F4	围	missing	missing	
U+56F5	囵	missing	missing	
U+56F6	囶	missing	missing	
U+56F7	囷	missing	missing	
U+56F8	囸	missing	missing	
U+56F9	囹	missing	missing	
U+56FA	固	missing	missing	
U+56FB	囻	missing	missing	
U+56FC	囼	missing	missing	
U+56FD	国	missing	missing	
U+56FE	图	missing	missing	
U+56FF	囿	missing	missing	
U+5700	圀	missing	missing	
U+5701	圁	missing	missing	
U+5702	圂	missing	missing	
U+5703	圃	missing	missing	
U+5704	圄	missing	missing	
U+5705	圅	missing	missing	
U+5706	圆	missing	missing	
U+5707	圇	missing	missing	
U+5708	圈	missing	missing	
U+5709	圉	missing	missing	
U+570A	圊	missing	missing	
U+570B	國	missing	missing	
U+570C	圌	missing	missing	
U+570D	圍	missing	missing	
U+570E	圎	missing	missing	
U+570F	圏	missing	missing	
U+5710	圐	missing	missing	
U+5711	圑	missing	missing	
U+5712	園	missing	missing	
U+5713	圓	missing	missing	
U+5714	圔	missing	missing	
U+5715	圕	missing	missing	
U+5716	圖	missing	missing	
U+5717	圗	missing	missing	
U+5718	團	missing	missing	
U+5719	圙	missing	missing	
U+571A	圚	missing	missing	
U+571B	圛	missing	missing	
U+571C	圜	missing	missing	
U+571D	圝	missing	missing	
U+571E	圞	missing	missing	
U+572A	圪	exact_ids	unresolved components: 乞	⿰土乞
U+5734	圴	exact_ids	unresolved components: 勺	⿰土勺
U+573A	场	exact_ids	unresolved components: 𠃓	⿰土𠃓
U+573E	圾	exact_ids	unresolved components: ㇏	⿰土及
U+573F	圿	exact_ids	unresolved components: 介	⿰土介
U+5742	坂	exact_ids	unresolved components: 反	⿰土反
U+5745	坅	exact_ids	unresolved components: ㇇	⿰土今
U+5747	均	exact_ids	unresolved components: 匀	⿰土匀
U+5759	坙	missing	missing	
U+5764	坤	exact_ids	unresolved components: 申	⿰土申
U+5770	坰	exact_ids	unresolved components: 冋	⿰土冋
U+5778	坸	exact_ids	unresolved components: 句	⿰土句
U+577A	坺	exact_ids	unresolved components: 犮	⿰土犮
U+5789	垉	exact_ids	unresolved components: 包	⿰土包
U+578C	垌	exact_ids	unresolved components: 同	⿰土同
U+578F	垏	exact_ids	unresolved components: 聿	⿰土聿
U+5793	垓	exact_ids	unresolved components: 亥	⿰土亥
U+5795	垕	exact_ids	unresolved components: 后	⿱后土
U+5799	垙	exact_ids	unresolved components: ⺌	⿰土光
U+579D	垝	exact_ids	unresolved components: ⺈	⿰土危
U+57A1	垡	exact_ids	unresolved components: 戈	⿱伐土
U+57A2	垢	exact_ids	unresolved components: 后	⿰土后
U+57A3	垣	exact_ids	unresolved components: 亘	⿰土亘
U+57A7	垧	exact_ids	unresolved components: 冋	⿰土向
U+57B4	垴	exact_ids	unresolved components: 凶	⿰土㐫
U+57C0	埀	missing	missing	
U+57C1	埁	exact_ids	unresolved components: ㇇	⿰土岑
U+57C6	埆	exact_ids	unresolved components: ⺈	⿰土角
U+57CB	埋	exact_ids	unresolved components: 里	⿰土里
U+57CE	城	exact_ids	unresolved components: 成	⿰土成
U+57D1	埑	missing	missing	
U+57D2	埒	exact_ids	structural collision: 埓	⿰土寽
U+57D3	埓	exact_ids	structural collision: 埒	⿰土寽
U+57D9	埙	exact_ids	structural collision: 埚	⿰土员
U+57DA	埚	exact_ids	structural collision: 埙	⿰土呙
U+57DD	埝	exact_ids	unresolved components: ㇇	⿰土念
U+57DE	埞	exact_ids	unresolved components: 𤴓	⿰土定
U+57DF	域	exact_ids	unresolved components: 或	⿰土或
U+57E3	埣	exact_ids	unresolved components: 卒	⿰土卒
U+57E5	埥	exact_ids	unresolved components: 龶	⿰土青
U+57E8	埨	exact_ids	unresolved components: 𠕁	⿰土侖
U+57EB	埫	exact_ids	unresolved components: 冋	⿰土尚
U+57ED	埭	exact_ids	unresolved components: 隶	⿰土隶
U+57EF	埯	exact_ids	unresolved components: 电	⿰土奄
U+57F3	埳	exact_ids	unresolved components: ⺈	⿰土臽
U+57F7	執	exact_ids	unresolved components: 𢆉	⿰幸丸
U+57FB	埻	exact_ids	unresolved components: 享	⿰土享
U+5802	堂	exact_ids	unresolved components: 冋	⿱尚土
U+5808	堈	exact_ids	unresolved components: 岡	⿰土岡
U+5809	堉	exact_ids	unresolved components: 育	⿰土育
U+580C	堌	exact_ids	unresolved components: 固	⿰土固
U+5814	堔	exact_ids	unresolved components: ⺳	⿰土罙
U+5816	堖	exact_ids	unresolved components: 囟	⿰土𡿺
U+5818	堘	missing	missing	
U+581B	堛	exact_ids	unresolved components: 畐	⿰土畐
U+5820	堠	exact_ids	unresolved components: 侯	⿰土侯
U+5824	堤	exact_ids	unresolved components: 𤴓	⿰土是
U+5828	堨	exact_ids	unresolved components: 匃	⿰土曷
U+5829	堩	exact_ids	unresolved components: 亙	⿰土恆
U+582A	堪	exact_ids	unresolved components: 匹	⿰土甚
U+582B	堫	exact_ids	unresolved components: 凶	⿰土㚇
U+5830	堰	exact_ids	unresolved components: 匽	⿰土匽
U+5831	報	exact_ids	unresolved components: 𢆉	⿰幸𠬝
U+5836	堶	missing	missing	
U+5839	堹	exact_ids	unresolved components: 里	⿰土重
U+583A	堺	exact_ids	unresolved components: 介	⿰土界
U+583B	堻	exact_ids	unresolved components: 聿	⿱津土
U+583F	堿	exact_ids	unresolved components: 咸	⿰土咸
U+5841	塁	missing	missing	
U+5844	塄	missing	missing	
U+5845	塅	exact_ids	unresolved components: 段	⿰土段
U+5847	塇	exact_ids	unresolved components: 亘	⿰土宣
U+584C	塌	exact_ids	unresolved components: 冃	⿰土𦐇
U+584D	塍	missing	missing	
U+5850	塐	exact_ids	unresolved components: 龶	⿰土素
U+5856	塖	exact_ids	unresolved components: 北	⿰土乘
U+5858	塘	exact_ids	unresolved components: 唐	⿰土唐
U+5859	塙	exact_ids	unresolved components: 高	⿰土高
U+585A	塚	exact_ids	unresolved components: 冃	⿰土冡
U+585C	塜	exact_ids	unresolved components: 冃	⿰土冡
U+585F	塟	exact_ids	unresolved components: 㘸	⿱卄㘸
U+5867	塧	exact_ids	unresolved components: 益	⿰土益
U+5868	塨	exact_ids	unresolved components: 㣺	⿰土恭
U+586D	塭	exact_ids	unresolved components: 囚	⿰土𥁕
U+586F	塯	exact_ids	unresolved components: 留	⿰土留
U+5872	塲	missing	missing	
U+5878	塸	exact_ids	unresolved components: 區	⿰土區
U+587C	塼	exact_ids	unresolved components: 𤰔	⿰土專
U+587D	塽	exact_ids	unresolved components: 㸚	⿰土爽
U+587E	塾	exact_ids	unresolved components: 享	⿱孰土
U+587F	塿	exact_ids	unresolved components: 婁	⿰土婁
U+5880	墀	exact_ids	unresolved components: 犀	⿰土犀
U+5881	墁	exact_ids	unresolved components: 曼	⿰土曼
U+5884	墄	exact_ids	unresolved components: 戚	⿰土戚
U+5885	墅	exact_ids	unresolved components: 里	⿱野土
U+5888	墈	exact_ids	unresolved components: 匹	⿰土勘
U+5889	墉	exact_ids	unresolved components: 庸	⿰土庸
U+588A	墊	exact_ids	unresolved components: 𢆉	⿱執土
U+588B	墋	exact_ids	unresolved components: 參	⿰土參
U+588E	墎	exact_ids	unresolved components: 享	⿰土郭
U+588F	墏	exact_ids	unresolved components: 將	⿱將土
U+5891	墑	exact_ids	unresolved components: 啇	⿰土啇
U+5897	増	exact_ids	unresolved components: 曽	⿰土曽
U+5898	墘	exact_ids	unresolved components: 乞	⿰土乾
U+5899	墙	exact_ids	unresolved components: 啬	⿰土啬
U+589A	墚	exact_ids	unresolved components: 梁	⿰土梁
U+589B	墛	exact_ids	unresolved components: 尉	⿰土尉
U+589E	增	exact_ids	unresolved components: 曾	⿰土曾
U+58A0	墠	exact_ids	unresolved components: 單	⿰土單
U+58A1	墡	exact_ids	unresolved components: 善	⿰土善
U+58A2	墢	exact_ids	unresolved components: 發	⿰土發
U+58A5	墥	exact_ids	unresolved components: 里	⿰土童
U+58A7	墧	exact_ids	unresolved components: 冋	⿰土喬
U+58A9	墩	exact_ids	unresolved components: 享	⿰土敦
U+58AA	墪	exact_ids	unresolved components: 享	⿱敦土
U+58AB	墫	exact_ids	unresolved components: 酉	⿰土尊
U+58AD	墭	exact_ids	unresolved components: 成	⿰土盛
U+58B9	墹	exact_ids	unresolved components: 間	⿰土間
U+58BB	墻	exact_ids	unresolved components: 回	⿰土嗇
U+58BD	墽	exact_ids	unresolved components: 敫	⿰土敫
U+58BF	墿	exact_ids	unresolved components: 𢆉	⿰土睪
U+58C0	壀	exact_ids	unresolved components: 𡰪	⿰土辟
U+58C1	壁	exact_ids	unresolved components: 𡰪	⿱辟土
U+58C2	壂	exact_ids	unresolved components: 殿	⿱殿土
U+58C3	壃	exact_ids	unresolved components: 三	⿰土畺
U+58C5	壅	exact_ids	unresolved components: 雍	⿱雍土
U+58C6	壆	missing	missing	
U+58C7	壇	exact_ids	unresolved components: 回	⿰土亶
U+58C8	壈	exact_ids	unresolved components: 回	⿰土稟
U+58CA	壊	missing	missing	
U+58CB	壋	exact_ids	unresolved components: 冋	⿰土當
U+58CC	壌	exact_ids	unresolved components: 㐮	⿰土㐮
U+58CE	壎	exact_ids	unresolved components: 熏	⿰土熏
U+58CF	壏	exact_ids	unresolved components: 監	⿰土監
U+58D1	壑	exact_ids	unresolved components: 㕡	⿱㕡土
U+58D3	壓	exact_ids	unresolved components: 冃	⿱厭土
U+58D4	壔	exact_ids	unresolved components: 壽	⿰土壽
U+58D5	壕	exact_ids	unresolved components: 豪	⿰土豪
U+58D7	壗	exact_ids	unresolved components: 盡	⿰土盡
U+58DA	壚	exact_ids	unresolved components: 𧆨	⿰土盧
U+58DB	壛	exact_ids	unresolved components: 閻	⿰土閻
U+58DE	壞	exact_ids	unresolved components: 褱	⿰土褱
U+58E1	壡	exact_ids	unresolved components: 眘	⿰睿圣
U+58E3	壣	exact_ids	unresolved components: 𢇇	⿰土聯
U+58E4	壤	exact_ids	unresolved components: 襄	⿰土襄
U+58E7	壧	exact_ids	unresolved components: 𠪚	⿰土嚴
U+58E9	壩	exact_ids	unresolved components: 䩗	⿰土霸
U+58F7	壷	missing	missing	
U+58FA	壺	missing	missing	
U+58FD	壽	missing	missing	
U+58FF	壿	exact_ids	unresolved components: 酉	⿰士尊
U+5900	夀	missing	missing	
U+5901	夁	exact_ids	unresolved components: 䍛	⿱士䍛
U+590D	复	missing	missing	
U+590F	夏	missing	missing	
U+5910	夐	missing	missing	
U+5911	夑	missing	missing	
U+5912	夒	missing	missing	
U+5913	夓	missing	missing	
U+5914	夔	exact_ids	unresolved components: 夒	⿱丷夒
U+5919	夙	missing	missing	
U+591C	夜	missing	missing	
U+591F	够	exact_ids	unresolved components: 句	⿰句多
U+5920	夠	exact_ids	unresolved components: 句	⿰多句
U+5922	夢	missing	missing	
U+5923	夣	missing	missing	
U+5924	夤	exact_ids	unresolved components: 寅	⿱夕寅
U+5926	夦	exact_ids	unresolved components: 匹	⿰甚多
U+5929	天	exact_ids	structural collision: 夫	⿻一大
U+592A	太	exact_ids	structural collision: 犬	⿻大丶
U+592B	夫	exact_ids	structural collision: 天	⿻一大
U+5941	奁	exact_ids	unresolved components: 区	⿱大区
U+5942	奂	exact_ids	unresolved components: ⺈	⿱⺈央
U+5944	奄	exact_ids	unresolved components: 电	⿱大电
U+5945	奅	exact_ids	unresolved components: 卯	⿱大卯
U+5950	奐	missing	missing	
U+5952	奒	exact_ids	unresolved components: 亥	⿱大亥
U+5956	奖	missing	missing	
U+5959	奙	exact_ids	unresolved components: 电	⿱厶奄
U+595D	奝	exact_ids	unresolved components: 周	⿱大周
U+5960	奠	exact_ids	unresolved components: 酉	⿱酋大
U+5961	奡	missing	missing	
U+5968	奨	exact_ids	unresolved components: 将	⿱将大
U+5969	奩	exact_ids	unresolved components: 區	⿱大區
U+596C	奬	exact_ids	unresolved components: 將	⿱將大
U+596F	奯	exact_ids	unresolved components: 歲	⿱大歲
U+5970	奰	missing	missing	
U+5972	奲	exact_ids	unresolved components: 單	⿰奢單
U+5981	妁	exact_ids	unresolved components: 勺	⿰女勺
U+598E	妎	exact_ids	unresolved components: 介	⿰女介
U+5997	妗	exact_ids	unresolved components: ㇇	⿰女今
U+599B	妛	missing	missing	
U+59AA	妪	exact_ids	unresolved components: 区	⿰女区
U+59AD	妭	exact_ids	unresolved components: 犮	⿰女犮
U+59AF	妯	exact_ids	unresolved components: 由	⿰女由
U+59B3	妳	exact_ids	unresolved components: ⺈	⿰女尔
U+59B9	妹	exact_ids	structural collision: 妺	⿰女未
U+59BA	妺	exact_ids	structural collision: 妹	⿰女末
U+59BB	妻	missing	missing	
U+59BD	妽	exact_ids	unresolved components: 申	⿰女申
U+59C1	姁	exact_ids	unresolved components: 句	⿰女句
U+59DB	姛	exact_ids	unresolved components: 同	⿰女同
U+59DC	姜	exact_ids	unresolved components: 𦍌	⿱𦍌女
U+59DF	姟	exact_ids	unresolved components: 亥	⿰女亥
U+59E0	姠	exact_ids	unresolved components: 冋	⿰女向
U+59E4	姤	exact_ids	unresolved components: 后	⿰女后
U+59E7	姧	missing	missing	
U+59EC	姬	exact_ids	unresolved components: 𦣞	⿰女𦣞
U+59EE	姮	exact_ids	unresolved components: 亘	⿰女亘
U+59EF	姯	exact_ids	unresolved components: ⺌	⿰女光
U+59F0	姰	exact_ids	unresolved components: 旬	⿰女旬
U+59F5	姵	exact_ids	unresolved components: 凧	⿰女凧
U+59FB	姻	exact_ids	unresolved components: 因	⿰女因
U+59FD	姽	exact_ids	unresolved components: ⺈	⿰女危
U+5A00	娀	exact_ids	unresolved components: 戈	⿰女戎
U+5A01	威	missing	missing	
U+5A06	娆	exact_ids	unresolved components: 尧	⿰女尧
U+5A09	娉	exact_ids	unresolved components: 由	⿰女甹
U+5A0C	娌	exact_ids	unresolved components: 里	⿰女里
U+5A0D	娍	exact_ids	unresolved components: 成	⿰女成
U+5A19	娙	exact_ids	unresolved components: 巠	⿰女巠
U+5A22	娢	exact_ids	unresolved components: ㇇	⿰女含
U+5A25	娥	exact_ids	unresolved components: 戈	⿰女我
U+5A2C	娬	exact_ids	unresolved components: 武	⿰女武
U+5A2F	娯	exact_ids	unresolved components: 呉	⿰女呉
U+5A34	娴	exact_ids	unresolved components: 闲	⿰女闲
U+5A41	婁	missing	missing	
U+5A45	婅	exact_ids	unresolved components: 匊	⿰女匊
U+5A4A	婊	exact_ids	unresolved components: 表	⿰女表
U+5A55	婕	exact_ids	unresolved components: 疌	⿰女疌
U+5A56	婖	exact_ids	unresolved components: 㣺	⿰女忝
U+5A59	婙	exact_ids	unresolved components: 争	⿰女争
U+5A5B	婛	exact_ids	unresolved components: 京	⿰女京
U+5A5D	婝	exact_ids	unresolved components: 𤴓	⿰女定
U+5A5E	婞	exact_ids	unresolved components: 𢆉	⿰女幸
U+5A5F	婟	exact_ids	unresolved components: 固	⿰女固
U+5A64	婤	exact_ids	unresolved components: 周	⿰女周
U+5A67	婧	exact_ids	unresolved components: 龶	⿰女青
U+5A68	婨	exact_ids	unresolved components: 𠕁	⿰女侖
U+5A6F	婯	exact_ids	unresolved components: 丽	⿱丽女
U+5A73	婳	exact_ids	unresolved components: 画	⿰女画
U+5A75	婵	exact_ids	unresolved components: 单	⿰女单
U+5A76	婶	exact_ids	unresolved components: 申	⿰女审
U+5A77	婷	exact_ids	unresolved components: 亭	⿰女亭
U+5A7B	婻	exact_ids	unresolved components: 南	⿰女南
U+5A7E	婾	exact_ids	unresolved components: 兪	⿰女兪
U+5A84	媄	exact_ids	unresolved components: 美	⿰女美
U+5A85	媅	exact_ids	unresolved components: 匹	⿰女甚
U+5A8D	媍	exact_ids	unresolved components: ⺈	⿰女負
U+5A90	媐	exact_ids	unresolved components: 𦣞	⿱巸女
U+5A91	媑	exact_ids	unresolved components: 里	⿰女重
U+5A97	媗	exact_ids	unresolved components: 亘	⿰女宣
U+5A99	媙	exact_ids	unresolved components: 威	⿰女威
U+5A9E	媞	exact_ids	unresolved components: 𤴓	⿰女是
U+5AA2	媢	exact_ids	unresolved components: 冃	⿰女冒
U+5AA5	媥	exact_ids	unresolved components: 𠕁	⿰女扁
U+5AA8	媨	exact_ids	unresolved components: 酉	⿰女酋
U+5AAB	媫	exact_ids	unresolved components: 疌	⿰女疌
U+5AB0	媰	exact_ids	unresolved components: 芻	⿰女芻
U+5AB2	媲	exact_ids	unresolved components: 囟	⿰女𣬉
U+5AB4	媴	exact_ids	unresolved components: 袁	⿰女袁
U+5AB5	媵	missing	missing	
U+5AB8	媸	exact_ids	unresolved components: 蚩	⿰女蚩
U+5AB9	媹	exact_ids	unresolved components: 留	⿰女留
U+5ABC	媼	exact_ids	unresolved components: 囚	⿰女𥁕
U+5AC2	嫂	exact_ids	unresolved components: 𦥔	⿰女叟
U+5ACA	嫊	exact_ids	unresolved components: 龶	⿰女素
U+5AD3	嫓	missing	missing	
U+5AD5	嫕	exact_ids	unresolved components: 医	⿰女悘
U+5AD7	嫗	exact_ids	unresolved components: 區	⿰女區
U+5AD9	嫙	exact_ids	unresolved components: 旋	⿰女旋
U+5ADA	嫚	exact_ids	unresolved components: 曼	⿰女曼
U+5ADB	嫛	exact_ids	unresolved components: 医	⿱殹女
U+5ADD	嫝	exact_ids	unresolved components: 隶	⿰女康
U+5ADE	嫞	exact_ids	unresolved components: 庸	⿰女庸
U+5ADF	嫟	exact_ids	unresolved components: 匿	⿰女匿
U+5AE1	嫡	exact_ids	unresolved components: 啇	⿰女啇
U+5AE5	嫥	exact_ids	unresolved components: 𤰔	⿰女專
U+5AE7	嫧	exact_ids	unresolved components: 龶	⿰女責
U+5AE8	嫨	exact_ids	unresolved components: 𦰩	⿰女𦰩
U+5AEF	嫯	exact_ids	unresolved components: 敖	⿱敖女
U+5AF1	嫱	exact_ids	unresolved components: 啬	⿰女啬
U+5AF3	嫳	exact_ids	unresolved components: 㡀	⿱敝女
U+5AF8	嫸	exact_ids	unresolved components: 善	⿰女善
U+5AFA	嫺	exact_ids	unresolved components: 閒	⿰女閒
U+5AFB	嫻	exact_ids	unresolved components: 閑	⿰女閑
U+5AFD	嫽	exact_ids	unresolved components: 昚	⿰女尞
U+5AFF	嫿	exact_ids	unresolved components: 畫	⿰女畫
U+5B00	嬀	exact_ids	unresolved components: 爲	⿰女爲
U+5B02	嬂	exact_ids	unresolved components: 戈	⿰女戠
U+5B0A	嬊	missing	missing	
U+5B0B	嬋	exact_ids	unresolved components: 單	⿰女單
U+5B0C	嬌	exact_ids	unresolved components: 冋	⿰女喬
U+5B0D	嬍	missing	missing	
U+5B0E	嬎	missing	missing	
U+5B10	嬐	exact_ids	unresolved components: 僉	⿰女僉
U+5B12	嬒	exact_ids	unresolved components: 曾	⿰女會
U+5B13	嬓	exact_ids	unresolved components: 敫	⿰女敫
U+5B14	嬔	missing	missing	
U+5B15	嬕	exact_ids	unresolved components: 𢆉	⿰女睪
U+5B16	嬖	exact_ids	unresolved components: 𡰪	⿱辟女
U+5B17	嬗	exact_ids	unresolved components: 回	⿰女亶
U+5B19	嬙	exact_ids	unresolved components: 回	⿰女嗇
U+5B1B	嬛	exact_ids	unresolved components: 睘	⿰女睘
U+5B1D	嬝	exact_ids	unresolved components: 裊	⿰女裊
U+5B1E	嬞	exact_ids	unresolved components: 里	⿰女董
U+5B1F	嬟	exact_ids	unresolved components: 義	⿰女義
U+5B22	嬢	exact_ids	unresolved components: 㐮	⿰女㐮
U+5B23	嬣	exact_ids	unresolved components: 寍	⿰女寧
U+5B26	嬦	exact_ids	unresolved components: 壽	⿰女壽
U+5B27	嬧	exact_ids	unresolved components: 盡	⿰女盡
U+5B2A	嬪	exact_ids	unresolved components: 賓	⿰女賓
U+5B2E	嬮	exact_ids	unresolved components: 冃	⿱厭女
U+5B34	嬴	missing	missing	
U+5B39	嬹	exact_ids	unresolved components: 興	⿰女興
U+5B3A	嬺	exact_ids	unresolved components: 匿	⿰女慝
U+5B3C	嬼	exact_ids	unresolved components: 𨥫	⿰女劉
U+5B3D	嬽	exact_ids	unresolved components: 𡚇	⿰女𡚇
U+5B3E	嬾	exact_ids	unresolved components: 賴	⿰女賴
U+5B3F	嬿	exact_ids	unresolved components: 燕	⿰女燕
U+5B41	孁	exact_ids	unresolved components: 𠱠	⿱霝女
U+5B42	孂	exact_ids	unresolved components: 亇	⿰女簋
U+5B43	孃	exact_ids	unresolved components: 襄	⿰女襄
U+5B44	孄	exact_ids	unresolved components: 闌	⿰女闌
U+5B45	孅	exact_ids	unresolved components: 韱	⿰女韱
U+5B4B	孋	exact_ids	unresolved components: 丽	⿰女麗
U+5B4D	孍	exact_ids	unresolved components: 𠪚	⿰女嚴
U+5B4E	孎	exact_ids	unresolved components: 屬	⿰女屬
U+5B4F	孏	exact_ids	unresolved components: 闌	⿰女蘭
U+5B58	存	missing	missing	
U+5B60	孠	exact_ids	unresolved components: 司	⿱司子
U+5B62	孢	exact_ids	unresolved components: 包	⿰子包
U+5B69	孩	exact_ids	unresolved components: 亥	⿰子亥
U+5B70	孰	exact_ids	unresolved components: 享	⿰享丸
U+5B76	孶	missing	missing	
U+5B77	孷	missing	missing	
U+5B78	學	exact_ids	unresolved components: 𦥯	⿳𦥯冖子
U+5B79	孹	exact_ids	unresolved components: 𡰪	⿱辟子
U+5B7B	孻	exact_ids	unresolved components: 盡	⿰子盡
U+5B7C	孼	exact_ids	unresolved components: 𡴎	⿱辥子
U+5B7D	孽	exact_ids	unresolved components: 薛	⿱薛子
U+5B8F	宏	exact_ids	unresolved components: 厷	⿱宀厷
U+5B90	宐	missing	missing	
U+5B99	宙	exact_ids	unresolved components: 由	⿱宀由
U+5B9A	定	exact_ids	unresolved components: 𤴓	⿱宀𤴓
U+5BA1	审	exact_ids	unresolved components: 申	⿱宀申
U+5BA3	宣	exact_ids	unresolved components: 亘	⿱宀亘
U+5BA7	宧	exact_ids	unresolved components: 𦣞	⿱宀𦣞
U+5BAC	宬	exact_ids	unresolved components: 成	⿱宀成
U+5BAD	宭	exact_ids	unresolved components: 尹	⿱宀君
U+5BAE	宮	exact_ids	unresolved components: 呂	⿱宀呂
U+5BB3	害	missing	missing	
U+5BBB	宻	missing	missing	
U+5BBC	宼	missing	missing	
U+5BC1	寁	exact_ids	unresolved components: 疌	⿱宀疌
U+5BC5	寅	missing	missing	
U+5BC7	寇	missing	missing	
U+5BC8	寈	exact_ids	unresolved components: 龶	⿱宀青
U+5BCC	富	exact_ids	unresolved components: 畐	⿱宀畐
U+5BCD	寍	missing	missing	
U+5BCE	寎	missing	missing	
U+5BCF	寏	exact_ids	unresolved components: 奐	⿱宀奐
U+5BD0	寐	missing	missing	
U+5BD4	寔	exact_ids	unresolved components: 𤴓	⿱宀是
U+5BD5	寕	missing	missing	
U+5BDA	寚	missing	missing	
U+5BDC	寜	missing	missing	
U+5BDD	寝	missing	missing	
U+5BDF	察	exact_ids	unresolved components: 祭	⿱宀祭
U+5BE0	寠	exact_ids	unresolved components: 婁	⿱宀婁
U+5BE1	寡	missing	missing	
U+5BE2	寢	missing	missing	
U+5BE3	寣	missing	missing	
U+5BE7	寧	exact_ids	unresolved components: 寍	⿱寍丁
U+5BE8	寨	missing	missing	
U+5BEB	寫	exact_ids	unresolved components: 灳	⿱宀舄
U+5BED	寭	exact_ids	unresolved components: 𤰔	⿱宀惠
U+5BEE	寮	exact_ids	unresolved components: 昚	⿱宀尞
U+5BF0	寰	exact_ids	unresolved components: 睘	⿱宀睘
U+5BF1	寱	missing	missing	
U+5BF2	寲	exact_ids	unresolved components: 疑	⿱宀疑
U+5BF3	寳	missing	missing	
U+5BF6	寶	missing	missing	
U+5BF7	寷	exact_ids	unresolved components: 𠁳	⿱宀豐
U+5C02	専	exact_ids	unresolved components: 𤰔	⿱𤰔寸
U+5C06	将	missing	missing	
U+5C07	將	missing	missing	
U+5C08	專	exact_ids	unresolved components: 𤰔	⿱叀寸
U+5C09	尉	missing	missing	
U+5C0A	尊	exact_ids	unresolved components: 酉	⿱酋寸
U+5C0B	尋	missing	missing	
U+5C0D	對	exact_ids	unresolved components: 𢆉	⿰丵寸
U+5C13	尓	missing	missing	
U+5C14	尔	exact_ids	unresolved components: ⺈	⿱⺈小
U+5C19	尙	exact_ids	unresolved components: 冋	⿱小冋
U+5C1A	尚	exact_ids	unresolved components: 冋	⿱小冋
U+5C1E	尞	exact_ids	unresolved components: 昚	⿱昚小
U+5C1F	尟	exact_ids	unresolved components: 𤴓	⿰是少
U+5C20	尠	exact_ids	unresolved components: 匹	⿰甚少
U+5C21	尡	exact_ids	unresolved components: ⺌	⿰光昆
U+5C25	尥	exact_ids	unresolved components: 勺	⿰尢勺
U+5C26	尦	exact_ids	unresolved components: 勺	⿰尣勺
U+5C27	尧	missing	missing	
U+5C2C	尬	exact_ids	unresolved components: 介	⿰尢介
U+5C2F	尯	exact_ids	unresolved components: ⺈	⿰尢危
U+5C30	尰	exact_ids	unresolved components: 里	⿰尢重
U+5C31	就	exact_ids	unresolved components: 京	⿰京尤
U+5C34	尴	exact_ids	unresolved components: 监	⿰尢监
U+5C36	尶	exact_ids	unresolved components: 監	⿰兀監
U+5C37	尷	exact_ids	unresolved components: 監	⿰尢監
U+5C39	尹	missing	missing	
U+5C3A	尺	exact_ids	unresolved components: ㇏	⿱尸㇏
U+5C3D	尽	exact_ids	unresolved components: ㇏	⿱尺冫
U+5C40	局	missing	missing	
U+5C46	屆	exact_ids	unresolved components: 𠙽	⿱尸𠙽
U+5C4A	届	exact_ids	unresolved components: 由	⿱尸由
U+5C50	屐	missing	missing	
U+5C55	展	missing	missing	
U+5C5B	屛	exact_ids	unresolved components: 幷	⿱尸幷
U+5C5C	屜	missing	missing	
U+5C5E	属	exact_ids	unresolved components: 禹	⿱尸禹
U+5C62	屢	exact_ids	unresolved components: 婁	⿱尸婁
U+5C64	層	exact_ids	unresolved components: 曽	⿱尸曽
U+5C65	履	exact_ids	unresolved components: 复	⿱尸復
U+5C66	屦	missing	missing	
U+5C67	屧	missing	missing	
U+5C68	屨	missing	missing	
U+5C69	屩	exact_ids	unresolved components: 冋	⿱尸𢕪
U+5C6A	屪	exact_ids	unresolved components: 昚	⿱尸寮
U+5C6B	屫	missing	missing	
U+5C6C	屬	missing	missing	
U+5C79	屹	exact_ids	unresolved components: 乞	⿰山乞
U+5C85	岅	exact_ids	unresolved components: 反	⿰山反
U+5C8B	岋	exact_ids	unresolved components: ㇏	⿰山及
U+5C8C	岌	exact_ids	unresolved components: ㇏	⿱山及
U+5C91	岑	exact_ids	unresolved components: ㇇	⿱山今
U+5C92	岒	exact_ids	unresolved components: ㇇	⿰山今
U+5C95	岕	exact_ids	unresolved components: 介	⿱山介
U+5C96	岖	exact_ids	unresolved components: 区	⿰山区
U+5C97	岗	exact_ids	unresolved components: 冈	⿱山冈
U+5C9A	岚	exact_ids	unresolved components: 风	⿱山风
U+5CA1	岡	missing	missing	
U+5CA3	岣	exact_ids	unresolved components: 句	⿰山句
U+5CAB	岫	exact_ids	unresolved components: 由	⿰山由
U+5CAC	岬	exact_ids	unresolved components: 甲	⿰山甲
U+5CC0	峀	exact_ids	unresolved components: 由	⿱山由
U+5CC1	峁	exact_ids	unresolved components: 卯	⿱山卯
U+5CCA	峊	missing	missing	
U+5CCB	峋	exact_ids	unresolved components: 旬	⿰山旬
U+5CCD	峍	exact_ids	unresolved components: 聿	⿰山聿
U+5CD0	峐	exact_ids	unresolved components: 亥	⿰山亥
U+5CD2	峒	exact_ids	unresolved components: 同	⿰山同
U+5CD7	峗	exact_ids	unresolved components: ⺈	⿰山危
U+5CD8	峘	exact_ids	unresolved components: 亘	⿰山亘
U+5CDA	峚	missing	missing	
U+5CDD	峝	exact_ids	unresolved components: 同	⿱山同
U+5CDE	峞	exact_ids	unresolved components: ⺈	⿱山危
U+5CE3	峣	exact_ids	unresolved components: 尧	⿰山尧
U+5CE5	峥	exact_ids	unresolved components: 争	⿰山争
U+5CE8	峨	exact_ids	unresolved components: 戈	⿰山我
U+5CE9	峩	exact_ids	unresolved components: 戈	⿱山我
U+5CEE	峮	exact_ids	unresolved components: 尹	⿰山君
U+5CF1	峱	missing	missing	
U+5CF3	峳	exact_ids	unresolved components: 攸	⿱山攸
U+5CF5	峵	exact_ids	unresolved components: 厷	⿰山宏
U+5CF6	島	missing	missing	
U+5CF8	峸	exact_ids	unresolved components: 成	⿰山成
U+5D03	崃	exact_ids	unresolved components: 来	⿰山来
U+5D04	崄	exact_ids	unresolved components: 佥	⿰山佥
U+5D05	崅	exact_ids	unresolved components: ⺈	⿰山角
U+5D12	崒	exact_ids	unresolved components: 卒	⿱山卒
U+5D13	崓	exact_ids	unresolved components: 固	⿰山固
U+5D17	崗	exact_ids	unresolved components: 岡	⿱山岡
U+5D18	崘	exact_ids	unresolved components: 𠕁	⿰山侖
U+5D19	崙	exact_ids	unresolved components: 𠕁	⿱山侖
U+5D1D	崝	exact_ids	unresolved components: 龶	⿰山青
U+5D1E	崞	exact_ids	unresolved components: 享	⿰山享
U+5D26	崦	exact_ids	unresolved components: 电	⿰山奄
U+5D28	崨	exact_ids	unresolved components: 疌	⿰山疌
U+5D2A	崪	exact_ids	unresolved components: 卒	⿰山卒
U+5D2E	崮	exact_ids	unresolved components: 固	⿱山固
U+5D34	崴	exact_ids	unresolved components: 威	⿱山威
U+5D37	崷	exact_ids	unresolved components: 酉	⿰山酋
U+5D3C	崼	exact_ids	unresolved components: 𤴓	⿰山是
U+5D41	嵁	exact_ids	unresolved components: 匹	⿰山甚
U+5D42	嵂	exact_ids	unresolved components: 聿	⿱山律
U+5D44	嵄	exact_ids	unresolved components: 美	⿰山美
U+5D45	嵅	exact_ids	unresolved components: 咸	⿱山咸
U+5D46	嵆	missing	missing	
U+5D47	嵇	missing	missing	
U+5D49	嵉	exact_ids	unresolved components: 亭	⿰山亭
U+5D4A	嵊	exact_ids	unresolved components: 北	⿰山乘
U+5D4F	嵏	exact_ids	unresolved components: 凶	⿱山㚇
U+5D51	嵑	exact_ids	unresolved components: 匃	⿰山曷
U+5D52	嵒	exact_ids	structural collision: 喦	⿱品山
U+5D55	嵕	exact_ids	unresolved components: 凶	⿰山㚇
U+5D57	嵗	missing	missing	
U+5D62	嵢	exact_ids	unresolved components: 倉	⿰山倉
U+5D63	嵣	exact_ids	unresolved components: 唐	⿰山唐
U+5D67	嵧	exact_ids	unresolved components: 留	⿰山留
U+5D69	嵩	exact_ids	unresolved components: 高	⿱山高
U+5D6A	嵪	exact_ids	unresolved components: 高	⿰山高
U+5D77	嵷	exact_ids	unresolved components: 從	⿰山從
U+5D78	嵸	exact_ids	unresolved components: 從	⿱山從
U+5D7B	嵻	exact_ids	unresolved components: 隶	⿰山康
U+5D7E	嵾	exact_ids	unresolved components: 參	⿱山參
U+5D81	嶁	exact_ids	unresolved components: 婁	⿰山婁
U+5D85	嶅	exact_ids	unresolved components: 敖	⿱敖山
U+5D86	嶆	exact_ids	unresolved components: 曹	⿰山曹
U+5D87	嶇	exact_ids	unresolved components: 區	⿰山區
U+5D88	嶈	exact_ids	unresolved components: 將	⿱山將
U+5D8E	嶎	exact_ids	unresolved components: 尉	⿱山尉
U+5D8F	嶏	exact_ids	unresolved components: 酉	⿱屵配
U+5D90	嶐	exact_ids	unresolved components: 隆	⿱山隆
U+5D92	嶒	exact_ids	unresolved components: 曾	⿰山曾
U+5D98	嶘	exact_ids	unresolved components: 戈	⿱山棧
U+5D9A	嶚	exact_ids	unresolved components: 昚	⿱山尞
U+5D9B	嶛	exact_ids	unresolved components: 昚	⿰山尞
U+5D9F	嶟	exact_ids	unresolved components: 酉	⿰山尊
U+5DA0	嶠	exact_ids	unresolved components: 冋	⿰山喬
U+5DA6	嶦	exact_ids	unresolved components: 詹	⿰山詹
U+5DA7	嶧	exact_ids	unresolved components: 𢆉	⿰山睪
U+5DA8	嶨	missing	missing	
U+5DAC	嶬	exact_ids	unresolved components: 義	⿰山義
U+5DAD	嶭	missing	missing	
U+5DAE	嶮	exact_ids	unresolved components: 僉	⿰山僉
U+5DAF	嶯	exact_ids	unresolved components: 戈	⿱山戢
U+5DB0	嶰	exact_ids	unresolved components: 解	⿰山解
U+5DB1	嶱	exact_ids	unresolved components: 匃	⿰山葛
U+5DB3	嶳	missing	missing	
U+5DB7	嶷	exact_ids	unresolved components: 疑	⿱山疑
U+5DB9	嶹	exact_ids	unresolved components: 壽	⿰山壽
U+5DBB	嶻	exact_ids	unresolved components: 戈	⿱山截
U+5DBE	嶾	missing	missing	
U+5DC0	巀	exact_ids	unresolved components: 戈	⿱山𢧵
U+5DC6	巆	exact_ids	unresolved components: 呂	⿰山營
U+5DC7	巇	exact_ids	unresolved components: 䖒,戈	⿰山戲
U+5DC8	巈	exact_ids	unresolved components: 匊	⿱山鞠
U+5DC9	巉	exact_ids	unresolved components: 毚	⿰山毚
U+5DCB	巋	exact_ids	unresolved components: 歸	⿱山歸
U+5DCC	巌	exact_ids	unresolved components: 厳	⿱山厳
U+5DCE	巎	exact_ids	unresolved components: 夒	⿰山夒
U+5DD0	巐	exact_ids	unresolved components: 高	⿱山髜
U+5DD5	巕	missing	missing	
U+5DD6	巖	exact_ids	unresolved components: 𠪚	⿱山嚴
U+5DD7	巗	exact_ids	unresolved components: 𠪚	⿰山嚴
U+5DD9	巙	exact_ids	unresolved components: 夒	⿰山夔
U+5DE0	巠	missing	missing	
U+5DE3	巣	exact_ids	unresolved components: ⺍	⿱⺍果
U+5DE4	巤	missing	missing	
U+5DE6	左	missing	missing	
U+5DE9	巩	exact_ids	unresolved components: 凡	⿰工凡
U+5DEC	巬	missing	missing	
U+5DEF	巯	missing	missing	
U+5DF0	巰	exact_ids	unresolved components: 巠	⿰巠㐬
U+5DF5	巵	missing	missing	
U+5DF8	巸	exact_ids	unresolved components: 𦣞	⿰𦣞巳
U+5DFA	巺	missing	missing	
U+5E03	布	missing	missing	
U+5E06	帆	exact_ids	unresolved components: 凡	⿰巾凡
U+5E0C	希	exact_ids	unresolved components: 布	⿱乂布
U+5E17	帗	exact_ids	unresolved components: 犮	⿰巾犮
U+5E25	帥	missing	missing	
U+5E2B	師	missing	missing	
U+5E2C	帬	exact_ids	unresolved components: 尹	⿱君巾
U+5E32	帲	exact_ids	unresolved components: 幷	⿰巾幷
U+5E34	帴	exact_ids	unresolved components: 戈	⿰巾戔
U+5E3B	帻	exact_ids	unresolved components: 龶	⿰巾责
U+5E3C	帼	exact_ids	unresolved components: 国	⿰巾国
U+5E3D	帽	exact_ids	unresolved components: 冃	⿰巾冒
U+5E3F	帿	exact_ids	unresolved components: 侯	⿰巾侯
U+5E45	幅	exact_ids	unresolved components: 畐	⿰巾畐
U+5E46	幆	exact_ids	unresolved components: 匃	⿰巾曷
U+5E4C	幌	exact_ids	unresolved components: ⺌	⿰巾晃
U+5E51	幑	missing	missing	
U+5E52	幒	exact_ids	unresolved components: 囱	⿰巾悤
U+5E53	幓	exact_ids	unresolved components: 參	⿰巾參
U+5E54	幔	exact_ids	unresolved components: 曼	⿰巾曼
U+5E57	幗	exact_ids	unresolved components: 國	⿰巾國
U+5E58	幘	exact_ids	unresolved components: 龶	⿰巾責
U+5E5C	幜	exact_ids	unresolved components: 京	⿰巾景
U+5E5D	幝	exact_ids	unresolved components: 單	⿰巾單
U+5E5F	幟	exact_ids	unresolved components: 戈	⿰巾戠
U+5E62	幢	exact_ids	unresolved components: 里	⿰巾童
U+5E63	幣	exact_ids	unresolved components: 㡀	⿱敝巾
U+5E64	幤	exact_ids	unresolved components: 冋	⿱敞巾
U+5E65	幥	exact_ids	unresolved components: 冋	⿰巾掌
U+5E66	幦	exact_ids	unresolved components: 𡰪	⿱辟巾
U+5E68	幨	exact_ids	unresolved components: 詹	⿰巾詹
U+5E6A	幪	exact_ids	unresolved components: 冃	⿰巾蒙
U+5E6C	幬	exact_ids	unresolved components: 壽	⿰巾壽
U+5E6D	幭	exact_ids	unresolved components: 戌	⿰巾蔑
U+5E6F	幯	exact_ids	unresolved components: 亇	⿰巾節
U+5E70	幰	exact_ids	unresolved components: 憲	⿰巾憲
U+5E71	幱	exact_ids	unresolved components: 闌	⿰巾闌
U+5E77	幷	missing	missing	
U+5E78	幸	exact_ids	unresolved components: 𢆉	⿱土𢆉
U+5E79	幹	missing	missing	
U+5E7B	幻	exact_ids	unresolved components: ㇇	⿰幺㇇
U+5E7E	幾	exact_ids	unresolved components: 戍	⿱𢆶戍
U+5E88	庈	exact_ids	unresolved components: ㇇	⿱广今
U+5E8E	庎	exact_ids	unresolved components: 介	⿱广介
U+5E94	应	missing	missing	
U+5E96	庖	exact_ids	unresolved components: 包	⿱广包
U+5E98	庘	exact_ids	unresolved components: 甲	⿱广甲
U+5E99	庙	exact_ids	unresolved components: 由	⿱广由
U+5E9A	庚	missing	missing	
U+5EA6	度	missing	missing	
U+5EAE	庮	exact_ids	unresolved components: 酉	⿱广酉
U+5EB4	庴	exact_ids	unresolved components: 龷	⿱广昔
U+5EB5	庵	exact_ids	unresolved components: 电	⿱广奄
U+5EB7	康	exact_ids	unresolved components: 隶	⿱广隶
U+5EB8	庸	missing	missing	
U+5EB9	庹	missing	missing	
U+5EC3	廃	exact_ids	unresolved components: 発	⿱广発
U+5EC4	廄	missing	missing	
U+5EC7	廇	exact_ids	unresolved components: 留	⿱广留
U+5EC8	廈	exact_ids	unresolved components: 夏	⿱广夏
U+5ECB	廋	exact_ids	unresolved components: 𦥔	⿱广叟
U+5ECF	廏	exact_ids	unresolved components: 𣪘	⿱广𣪘
U+5ED2	廒	exact_ids	unresolved components: 敖	⿱广敖
U+5ED3	廓	exact_ids	unresolved components: 享	⿱广郭
U+5ED4	廔	exact_ids	unresolved components: 婁	⿱广婁
U+5ED5	廕	exact_ids	unresolved components: ㇇	⿱广陰
U+5EDB	廛	exact_ids	unresolved components: 里,𡉀	⿱㢆𡉀
U+5EDF	廟	exact_ids	unresolved components: 朝	⿱广朝
U+5EE0	廠	exact_ids	unresolved components: 冋	⿱广敞
U+5EE2	廢	exact_ids	unresolved components: 發	⿱广發
U+5EE5	廥	exact_ids	unresolved components: 曾	⿱广會
U+5EE6	廦	exact_ids	unresolved components: 𡰪	⿱广辟
U+5EE7	廧	exact_ids	unresolved components: 回	⿱广嗇
U+5EE8	廨	exact_ids	unresolved components: 解	⿱广解
U+5EE9	廩	exact_ids	unresolved components: 回	⿱广稟
U+5EEA	廪	exact_ids	unresolved components: 禀	⿱广禀
U+5EEC	廬	exact_ids	unresolved components: 𧆨	⿱广盧
U+5EED	廭	exact_ids	unresolved components: 龶	⿱广積
U+5EF0	廰	exact_ids	unresolved components: 聴	⿱广聴
U+5EF2	廲	exact_ids	unresolved components: 丽	⿱广麗
U+5EF3	廳	exact_ids	unresolved components: 聽	⿱广聽
U+5EF8	廸	exact_ids	unresolved components: 由	⿰廴由
U+5EFA	建	exact_ids	unresolved components: 聿	⿰廴聿
U+5EFB	廻	exact_ids	unresolved components: 回	⿰廴回
U+5EFD	廽	exact_ids	unresolved components: 囬	⿰廴囬
U+5F0A	弊	exact_ids	unresolved components: 㡀	⿱敝廾
U+5F0E	弎	exact_ids	unresolved components: 三	⿱弋三
U+5F12	弒	exact_ids	unresolved components: 朮	⿰𣏂式
U+5F25	弥	exact_ids	unresolved components: ⺈	⿰弓尔
U+5F2C	弬	exact_ids	unresolved components: 𦣝	⿰弓𦣝
U+5F33	弳	exact_ids	unresolved components: 巠	⿰弓巠
U+5F34	弴	exact_ids	unresolved components: 享	⿰弓享
U+5F36	弶	exact_ids	unresolved components: 京	⿰弓京
U+5F39	弹	exact_ids	unresolved components: 单	⿰弓单
U+5F3E	弾	exact_ids	unresolved components: 単	⿰弓単
U+5F3F	弿	missing	missing	
U+5F40	彀	missing	missing	
U+5F44	彄	exact_ids	unresolved components: 區	⿰弓區
U+5F46	彆	exact_ids	unresolved components: 㡀	⿱敝弓
U+5F48	彈	exact_ids	unresolved components: 單	⿰弓單
U+5F4A	彊	exact_ids	unresolved components: 三	⿰弓畺
U+5F4B	彋	exact_ids	unresolved components: 睘	⿰弓睘
U+5F58	彘	missing	missing	
U+5F5B	彛	missing	missing	
U+5F5C	彜	missing	missing	
U+5F5D	彝	missing	missing	
U+5F5E	彞	missing	missing	
U+5F60	彠	exact_ids	unresolved components: 尋	⿰尋蒦
U+5F65	彥	exact_ids	structural collision: 彦	⿱产彡
U+5F66	彦	exact_ids	structural collision: 彥	⿱产彡
U+5F67	彧	missing	missing	
U+5F68	彨	exact_ids	unresolved components: 丽	⿰丽彡
U+5F6B	彫	exact_ids	unresolved components: 周	⿰周彡
U+5F71	影	exact_ids	unresolved components: 京	⿰景彡
U+5F72	彲	exact_ids	unresolved components: 丽	⿰麗彡
U+5F74	彴	exact_ids	unresolved components: 勺	⿰彳勺
U+5F76	彶	exact_ids	unresolved components: ㇏	⿰彳及
U+5F87	徇	exact_ids	unresolved components: 旬	⿰彳旬
U+5F8A	徊	exact_ids	unresolved components: 回	⿰彳回
U+5F8B	律	exact_ids	unresolved components: 聿	⿰彳聿
U+5F8C	後	missing	missing	
U+5F91	徑	exact_ids	unresolved components: 巠	⿰彳巠
U+5F93	従	missing	missing	
U+5F95	徕	exact_ids	unresolved components: 来	⿰彳来
U+5F9C	徜	exact_ids	unresolved components: 冋	⿰彳尚
U+5F9E	從	missing	missing	
U+5F9F	徟	exact_ids	unresolved components: 周	⿰彳周
U+5FA2	徢	exact_ids	unresolved components: 疌	⿰彳疌
U+5FA3	徣	exact_ids	unresolved components: 龷	⿰彳昔
U+5FA4	徤	exact_ids	unresolved components: 聿	⿰彳建
U+5FA5	徥	exact_ids	unresolved components: 𤴓	⿰彳是
U+5FA7	徧	exact_ids	unresolved components: 𠕁	⿰彳扁
U+5FA9	復	exact_ids	unresolved components: 复	⿰彳复
U+5FAA	循	exact_ids	unresolved components: ⺁	⿰彳盾
U+5FB0	徰	missing	missing	
U+5FB2	徲	exact_ids	unresolved components: 犀	⿰彳犀
U+5FB3	徳	missing	missing	
U+5FB4	徴	missing	missing	
U+5FB5	徵	missing	missing	
U+5FB6	徶	exact_ids	unresolved components: 㡀	⿰彳敝
U+5FB7	德	exact_ids	unresolved components: 𢛳	⿰彳𢛳
U+5FB8	徸	exact_ids	unresolved components: 里	⿰彳童
U+5FB9	徹	missing	missing	
U+5FBB	徻	exact_ids	unresolved components: 曾	⿰彳會
U+5FBC	徼	exact_ids	unresolved components: 敫	⿰彳敫
U+5FBD	徽	missing	missing	
U+5FBE	徾	missing	missing	
U+5FC0	忀	exact_ids	unresolved components: 襄	⿰彳襄
U+5FC1	忁	missing	missing	
U+5FD4	忔	exact_ids	unresolved components: 乞	⿰忄乞
U+5FDB	忛	exact_ids	unresolved components: 凡	⿰忄凡
U+5FDD	忝	exact_ids	unresolved components: 㣺	⿱夭㣺
U+5FE3	忣	exact_ids	unresolved components: ㇏	⿰忄及
U+5FE6	忦	exact_ids	unresolved components: 介	⿰忄介
U+5FF4	忴	exact_ids	unresolved components: ㇇	⿰忄今
U+5FF5	念	exact_ids	unresolved components: ㇇	⿱今心
U+5FF7	忷	exact_ids	unresolved components: 凶	⿰忄凶
U+6004	怄	exact_ids	unresolved components: 区	⿰忄区
U+6009	怉	exact_ids	unresolved components: 包	⿰忄包
U+6010	怐	exact_ids	unresolved components: 句	⿰忄句
U+6016	怖	exact_ids	unresolved components: 布	⿰忄布
U+601E	怞	exact_ids	unresolved components: 由	⿰忄由
U+6025	急	exact_ids	unresolved components: ⺈	⿱刍心
U+602C	怬	exact_ids	unresolved components: 四	⿰忄四
U+6034	怴	exact_ids	unresolved components: 戈	⿰忄戉
U+6035	怵	exact_ids	unresolved components: 朮	⿰忄朮
U+6037	怷	exact_ids	unresolved components: 朮	⿱朮心
U+603A	怺	exact_ids	unresolved components: 永	⿰忄永
U+603B	总	exact_ids	unresolved components: 𠮦	⿱𠮦心
U+6042	恂	exact_ids	unresolved components: 旬	⿰忄旬
U+6046	恆	exact_ids	unresolved components: 亙	⿰忄亙
U+6047	恇	exact_ids	unresolved components: 匡	⿰忄匡
U+604D	恍	exact_ids	unresolved components: ⺌	⿰忄光
U+6050	恐	exact_ids	unresolved components: 凡	⿱巩心
U+6051	恑	exact_ids	unresolved components: ⺈	⿰忄危
U+6052	恒	exact_ids	unresolved components: 亘	⿰忄亘
U+6056	恖	exact_ids	unresolved components: 囟	⿱囟心
U+6059	恙	missing	missing	
U+605B	恛	exact_ids	unresolved components: 回	⿰忄回
U+605F	恟	exact_ids	unresolved components: 匈	⿰忄匈
U+6064	恤	exact_ids	unresolved components: 血	⿰忄血
U+6066	恦	exact_ids	unresolved components: 冋	⿰忄向
U+6069	恩	exact_ids	unresolved components: 因	⿱因心
U+606B	恫	exact_ids	unresolved components: 同	⿰忄同
U+606D	恭	exact_ids	unresolved components: 㣺	⿱共㣺
U+6075	恵	exact_ids	unresolved components: 𤰔	⿱𤰔心
U+607C	恼	exact_ids	unresolved components: 凶	⿰忄㐫
U+6083	悃	exact_ids	unresolved components: 困	⿰忄困
U+6085	悅	exact_ids	structural collision: 悦	⿰忄兌
U+6088	悈	exact_ids	unresolved components: 戈	⿰忄戒
U+6095	悕	exact_ids	unresolved components: 布	⿰忄希
U+6098	悘	exact_ids	unresolved components: 医	⿱医心
U+6099	悙	exact_ids	unresolved components: 亨	⿰忄亨
U+609D	悝	exact_ids	unresolved components: 里	⿰忄里
U+60A0	悠	exact_ids	unresolved components: 攸	⿱攸心
U+60A4	悤	exact_ids	unresolved components: 囱	⿱囱心
U+60A6	悦	exact_ids	structural collision: 悅	⿰忄兌
U+60A8	您	exact_ids	unresolved components: ⺈	⿱你心
U+60A9	悩	missing	missing	
U+60AF	悯	exact_ids	unresolved components: 闵	⿰忄闵
U+60B3	悳	exact_ids	structural collision: 惪	⿱直心
U+60B4	悴	exact_ids	unresolved components: 卒	⿰忄卒
U+60B6	悶	missing	missing	
U+60BB	悻	exact_ids	unresolved components: 𢆉	⿰忄幸
U+60BD	悽	exact_ids	unresolved components: 妻	⿰忄妻
U+60BF	悿	exact_ids	unresolved components: 㣺	⿰忄忝
U+60C0	惀	exact_ids	unresolved components: 𠕁	⿰忄侖
U+60C2	惂	exact_ids	unresolved components: ⺈	⿰忄臽
U+60C5	情	exact_ids	unresolved components: 龶	⿰忄青
U+60C6	惆	exact_ids	unresolved components: 周	⿰忄周
U+60C7	惇	exact_ids	unresolved components: 享	⿰忄享
U+60CA	惊	exact_ids	unresolved components: 京	⿰忄京
U+60D0	惐	exact_ids	unresolved components: 或	⿰忄或
U+60D1	惑	exact_ids	unresolved components: 或	⿱或心
U+60D7	惗	exact_ids	unresolved components: ㇇	⿰忄念
U+60D8	惘	exact_ids	unresolved components: 罔	⿰忄罔
U+60DC	惜	exact_ids	unresolved components: 龷	⿰忄昔
U+60DD	惝	exact_ids	unresolved components: 冋	⿰忄尚
U+60E0	惠	exact_ids	unresolved components: 𤰔	⿱叀心
U+60E8	惨	exact_ids	unresolved components: 参	⿰忄参
U+60EA	惪	exact_ids	structural collision: 悳	⿱直心
U+60EC	惬	missing	missing	
U+60EE	惮	exact_ids	unresolved components: 单	⿰忄单
U+60F1	惱	exact_ids	unresolved components: 囟	⿰忄𡿺
U+60F8	惸	exact_ids	unresolved components: 旬	⿰忄㝁
U+60FC	惼	exact_ids	unresolved components: 𠕁	⿰忄扁
U+60FE	惾	exact_ids	unresolved components: 凶	⿰忄㚇
U+60FF	惿	exact_ids	unresolved components: 𤴓	⿰忄是
U+6103	愃	exact_ids	unresolved components: 亘	⿰忄宣
U+610A	愊	exact_ids	unresolved components: 畐	⿰忄畐
U+610C	愌	exact_ids	unresolved components: 奐	⿰忄奐
U+610E	愎	exact_ids	unresolved components: 复	⿰忄复
U+6112	愒	exact_ids	unresolved components: 匃	⿰忄曷
U+6116	愖	exact_ids	unresolved components: 匹	⿰忄甚
U+611C	愜	exact_ids	unresolved components: 匧	⿰忄匧
U+611D	愝	exact_ids	unresolved components: 匽	⿰忄匽
U+611F	感	exact_ids	unresolved components: 咸	⿱咸心
U+6123	愣	missing	missing	
U+6128	愨	exact_ids	unresolved components: 𣪊	⿱𣪊心
U+612B	愫	exact_ids	unresolved components: 龶	⿰忄素
U+6130	愰	exact_ids	unresolved components: ⺌	⿰忄晃
U+6134	愴	exact_ids	unresolved components: 倉	⿰忄倉
U+6141	慁	exact_ids	unresolved components: 圂	⿱圂心
U+614B	態	exact_ids	unresolved components: 能	⿱能心
U+614D	慍	exact_ids	unresolved components: 囚	⿰忄𥁕
U+6152	慒	exact_ids	unresolved components: 曹	⿰忄曹
U+6155	慕	exact_ids	unresolved components: 㣺	⿱莫㣺
U+6156	慖	exact_ids	unresolved components: 國	⿰忄國
U+6158	慘	exact_ids	unresolved components: 參	⿰忄參
U+615D	慝	exact_ids	unresolved components: 匿	⿱匿心
U+615F	慟	exact_ids	unresolved components: 里	⿰忄動
U+6160	慠	exact_ids	unresolved components: 敖	⿰忄敖
U+6161	慡	exact_ids	unresolved components: 㸚	⿰忄爽
U+6162	慢	exact_ids	unresolved components: 曼	⿰忄曼
U+6164	慤	exact_ids	unresolved components: 殼	⿱殼心
U+616A	慪	exact_ids	unresolved components: 區	⿰忄區
U+616B	慫	exact_ids	unresolved components: 從	⿱從心
U+616D	慭	missing	missing	
U+616F	慯	missing	missing	
U+6170	慰	exact_ids	unresolved components: 尉	⿱尉心
U+6171	慱	exact_ids	unresolved components: 𤰔	⿰忄專
U+6175	慵	exact_ids	unresolved components: 庸	⿰忄庸
U+6176	慶	missing	missing	
U+6177	慷	exact_ids	unresolved components: 隶	⿰忄康
U+6179	慹	exact_ids	unresolved components: 𢆉	⿱執心
U+617A	慺	exact_ids	unresolved components: 婁	⿰忄婁
U+617C	慼	exact_ids	unresolved components: 戚	⿱戚心
U+617D	慽	exact_ids	unresolved components: 戚	⿰忄戚
U+617F	慿	missing	missing	
U+6181	憁	exact_ids	unresolved components: 囱	⿰忄悤
U+6185	憅	exact_ids	unresolved components: 里	⿱動心
U+6186	憆	exact_ids	unresolved components: 冋	⿰忄堂
U+618A	憊	exact_ids	unresolved components: 備	⿱備心
U+618B	憋	exact_ids	unresolved components: 㡀	⿱敝心
U+618C	憌	exact_ids	unresolved components: 匀	⿱鈞心
U+618D	憍	exact_ids	unresolved components: 冋	⿰忄喬
U+618E	憎	exact_ids	unresolved components: 曽	⿰忄曽
U+618F	憏	exact_ids	unresolved components: 祭	⿰忄祭
U+6193	憓	exact_ids	unresolved components: 𤰔	⿰忄惠
U+6197	憗	missing	missing	
U+619A	憚	exact_ids	unresolved components: 單	⿰忄單
U+619D	憝	exact_ids	unresolved components: 享	⿱敦心
U+619E	憞	exact_ids	unresolved components: 享	⿰忄敦
U+61A1	憡	exact_ids	unresolved components: 亇	⿰忄策
U+61A7	憧	exact_ids	unresolved components: 里	⿰忄童
U+61A8	憨	exact_ids	unresolved components: 敢	⿱敢心
U+61A9	憩	missing	missing	
U+61AA	憪	exact_ids	unresolved components: 閒	⿰忄閒
U+61AB	憫	exact_ids	unresolved components: 閔	⿰忄閔
U+61AC	憬	exact_ids	unresolved components: 京	⿰忄景
U+61AD	憭	exact_ids	unresolved components: 昚	⿰忄尞
U+61B1	憱	exact_ids	unresolved components: 京	⿰忄就
U+61B2	憲	missing	missing	
U+61B3	憳	exact_ids	unresolved components: 尋	⿰忄尋
U+61B5	憵	exact_ids	unresolved components: 𡰪	⿱辟心
U+61B8	憸	exact_ids	unresolved components: 僉	⿰忄僉
U+61BA	憺	exact_ids	unresolved components: 詹	⿰忄詹
U+61BB	憻	exact_ids	unresolved components: 回	⿰忄亶
U+61BC	憼	exact_ids	unresolved components: 句	⿱敬心
U+61BE	憾	exact_ids	unresolved components: 咸	⿰忄感
U+61BF	憿	exact_ids	unresolved components: 敫	⿰忄敫
U+61C0	懀	exact_ids	unresolved components: 曾	⿰忄會
U+61C1	懁	exact_ids	unresolved components: 睘	⿰忄睘
U+61C2	懂	exact_ids	unresolved components: 里	⿰忄董
U+61C8	懈	exact_ids	unresolved components: 解	⿰忄解
U+61C9	應	missing	missing	
U+61CC	懌	exact_ids	unresolved components: 𢆉	⿰忄睪
U+61CD	懍	exact_ids	unresolved components: 回	⿰忄稟
U+61CE	懎	exact_ids	unresolved components: 回	⿰忄嗇
U+61D0	懐	missing	missing	
U+61D1	懑	exact_ids	unresolved components: 满	⿱满心
U+61D2	懒	exact_ids	unresolved components: ⺈	⿰忄赖
U+61D4	懔	exact_ids	unresolved components: 禀	⿰忄禀
U+61D5	懕	exact_ids	unresolved components: 冃	⿱厭心
U+61DA	懚	missing	missing	
U+61DC	懜	exact_ids	unresolved components: 夢	⿰忄夢
U+61DD	懝	exact_ids	unresolved components: 疑	⿰忄疑
U+61DE	懞	exact_ids	unresolved components: 冃	⿰忄蒙
U+61DF	懟	exact_ids	unresolved components: 𢆉	⿱對心
U+61E2	懢	exact_ids	unresolved components: 監	⿰忄監
U+61E4	懤	exact_ids	unresolved components: 壽	⿰忄壽
U+61E5	懥	exact_ids	unresolved components: 疐	⿰忄疐
U+61E7	懧	exact_ids	unresolved components: 寍	⿰忄寧
U+61E8	懨	exact_ids	unresolved components: 冃	⿰忄厭
U+61E9	懩	exact_ids	unresolved components: 養	⿰忄養
U+61EF	懯	exact_ids	unresolved components: 敷	⿱敷心
U+61F0	懰	exact_ids	unresolved components: 𨥫	⿰忄劉
U+61F1	懱	exact_ids	unresolved components: 戌	⿰忄蔑
U+61F2	懲	exact_ids	unresolved components: 徵	⿱徵心
U+61F4	懴	exact_ids	unresolved components: 韯	⿰忄韯
U+61F5	懵	exact_ids	unresolved components: 瞢	⿰忄瞢
U+61F6	懶	exact_ids	unresolved components: 賴	⿰忄賴
U+61F7	懷	exact_ids	unresolved components: 褱	⿰忄褱
U+61F8	懸	exact_ids	unresolved components: 県	⿱縣心
U+61F9	懹	exact_ids	unresolved components: 襄	⿰忄襄
U+61FA	懺	exact_ids	unresolved components: 韱	⿰忄韱
U+61FB	懻	exact_ids	unresolved components: 北	⿰忄冀
U+6203	戃	exact_ids	unresolved components: 冋	⿰忄黨
U+6206	戆	exact_ids	unresolved components: 赣	⿱赣心
U+6207	戇	exact_ids	unresolved components: 贛	⿱贛心
U+6208	戈	missing	missing	
U+6209	戉	exact_ids	unresolved components: 戈	⿻乚戈
U+620A	戊	exact_ids	unresolved components: 戈	⿻丿戈
U+620B	戋	exact_ids	unresolved components: 戈	⿻一戈
U+620C	戌	missing	missing	
U+620D	戍	missing	missing	
U+620E	戎	exact_ids	unresolved components: 戈	⿰𠂇戈
U+620F	戏	exact_ids	unresolved components: 戈	⿰又戈
U+6210	成	missing	missing	
U+6211	我	exact_ids	unresolved components: 戈	⿻千戈
U+6212	戒	exact_ids	unresolved components: 戈	⿰廾戈
U+6213	戓	exact_ids	unresolved components: 戈	⿰口戈
U+6214	戔	exact_ids	unresolved components: 戈	⿱戈戈
U+6215	戕	exact_ids	unresolved components: 戈	⿰爿戈
U+6216	或	missing	missing	
U+6217	戗	exact_ids	unresolved components: 戈	⿰仓戈
U+6218	战	exact_ids	unresolved components: 戈	⿰占戈
U+6219	戙	exact_ids	unresolved components: 同,戈	⿰同戈
U+621A	戚	missing	missing	
U+621B	戛	exact_ids	unresolved components: 戈	⿱𦣻戈
U+621C	戜	exact_ids	unresolved components: 戈	⿰呈戈
U+621D	戝	exact_ids	unresolved components: 戈	⿰貝戈
U+621E	戞	exact_ids	unresolved components: 戈	⿳百冖戈
U+621F	戟	missing	missing	
U+6220	戠	exact_ids	unresolved components: 戈	⿰音戈
U+6221	戡	exact_ids	unresolved components: 匹,戈	⿰甚戈
U+6222	戢	exact_ids	unresolved components: 戈	⿰咠戈
U+6223	戣	exact_ids	unresolved components: 戈	⿰癸戈
U+6224	戤	exact_ids	unresolved components: 戈	⿰盈戈
U+6225	戥	exact_ids	unresolved components: 戈	⿰星戈
U+6226	戦	exact_ids	unresolved components: 単,戈	⿰単戈
U+6227	戧	exact_ids	unresolved components: 倉,戈	⿰倉戈
U+6228	戨	exact_ids	unresolved components: 戈	⿰哥戈
U+6229	戩	exact_ids	unresolved components: 戈,晉	⿰晉戈
U+622A	截	exact_ids	unresolved components: 戈	⿰隹𢦏
U+622B	戫	exact_ids	unresolved components: 或	⿰有或
U+622C	戬	exact_ids	unresolved components: 戈	⿰晋戈
U+622D	戭	exact_ids	unresolved components: 寅,戈	⿰寅戈
U+622E	戮	exact_ids	unresolved components: 戈	⿰翏戈
U+622F	戯	exact_ids	unresolved components: 戈	⿰虚戈
U+6230	戰	exact_ids	unresolved components: 單,戈	⿰單戈
U+6231	戱	exact_ids	unresolved components: 戈,虛	⿰虛戈
U+6232	戲	exact_ids	unresolved components: 䖒,戈	⿰䖒戈
U+6233	戳	exact_ids	unresolved components: 戈	⿰翟戈
U+6234	戴	missing	missing	
U+6235	戵	exact_ids	unresolved components: 戈	⿰瞿戈
U+6241	扁	exact_ids	unresolved components: 𠕁	⿱戸𠕁
U+6243	扃	exact_ids	unresolved components: 冋	⿱戶冋
U+6244	扄	exact_ids	unresolved components: 冋	⿱户向
U+625A	扚	exact_ids	unresolved components: 勺	⿰扌勺
U+6262	扢	exact_ids	unresolved components: 乞	⿰扌乞
U+6265	扥	missing	missing	
U+626C	扬	exact_ids	unresolved components: 𠃓	⿰扌𠃓
U+6271	扱	exact_ids	unresolved components: ㇏	⿰扌及
U+6272	扲	exact_ids	unresolved components: ㇇	⿰扌今
U+6273	扳	exact_ids	unresolved components: 反	⿰扌反
U+6274	扴	exact_ids	unresolved components: 介	⿰扌介
U+627E	找	exact_ids	unresolved components: 戈	⿰扌戈
U+6285	抅	exact_ids	unresolved components: 勾	⿰扌勾
U+629B	抛	exact_ids	unresolved components: 𠠵	⿰扌𠠵
U+629D	抝	exact_ids	unresolved components: ㇇	⿰扌幻
U+629E	択	exact_ids	unresolved components: ㇏	⿰扌尺
U+62A0	抠	exact_ids	unresolved components: 区	⿰扌区
U+62A3	抣	exact_ids	unresolved components: 匀	⿰扌匀
U+62AA	抪	exact_ids	unresolved components: 布	⿰扌布
U+62AD	抭	missing	missing	
U+62B1	抱	exact_ids	unresolved components: 包	⿰扌包
U+62B9	抹	exact_ids	structural collision: 抺	⿰扌末
U+62BA	抺	exact_ids	structural collision: 抹	⿰扌未
U+62BB	抻	exact_ids	unresolved components: 申	⿰扌申
U+62BC	押	exact_ids	unresolved components: 甲	⿰扌甲
U+62BD	抽	exact_ids	unresolved components: 由	⿰扌由
U+62CB	拋	exact_ids	unresolved components: 𡯄	⿰扌𡯄
U+62D4	拔	exact_ids	unresolved components: 犮	⿰扌犮
U+62D8	拘	exact_ids	unresolved components: 句	⿰扌句
U+62DC	拜	missing	missing	
U+62DD	拝	missing	missing	
U+62E3	拣	exact_ids	unresolved components: 𫠣	⿰扌𫠣
U+62E6	拦	exact_ids	unresolved components: 三	⿰扌兰
U+62F5	拵	exact_ids	unresolved components: 存	⿰扌存
U+6300	挀	missing	missing	
U+6304	挄	exact_ids	unresolved components: ⺌	⿰扌光
U+630F	挏	exact_ids	unresolved components: 同	⿰扌同
U+6320	挠	exact_ids	unresolved components: 尧	⿰扌尧
U+6323	挣	exact_ids	unresolved components: 争	⿰扌争
U+6329	挩	exact_ids	structural collision: 捝	⿰扌兌
U+6333	挳	exact_ids	unresolved components: 巠	⿰扌巠
U+6336	挶	exact_ids	unresolved components: 局	⿰扌局
U+633F	挿	exact_ids	unresolved components: 甲	⿰扌𢆍
U+6343	捃	exact_ids	unresolved components: 尹	⿰扌君
U+6346	捆	exact_ids	unresolved components: 困	⿰扌困
U+6351	捑	missing	missing	
U+6354	捔	exact_ids	unresolved components: ⺈	⿰扌角
U+635A	捚	exact_ids	unresolved components: 里	⿰扌里
U+635C	捜	missing	missing	
U+635D	捝	exact_ids	structural collision: 挩	⿰扌兌
U+6361	捡	exact_ids	unresolved components: 佥	⿰扌佥
U+6362	换	exact_ids	unresolved components: ⺈	⿰扌奂
U+6377	捷	exact_ids	unresolved components: 疌	⿰扌疌
U+6378	捸	exact_ids	unresolved components: 隶	⿰扌隶
U+637B	捻	exact_ids	unresolved components: ㇇	⿰扌念
U+637D	捽	exact_ids	unresolved components: 卒	⿰扌卒
U+637F	捿	exact_ids	unresolved components: 妻	⿰扌妻
U+6384	掄	exact_ids	unresolved components: 𠕁	⿰扌侖
U+6385	掅	exact_ids	unresolved components: 龶	⿰扌青
U+6386	掆	exact_ids	unresolved components: 岡	⿰扌岡
U+638C	掌	exact_ids	unresolved components: 冋	⿱尚手
U+638F	掏	exact_ids	unresolved components: 匋	⿰扌匋
U+6390	掐	exact_ids	unresolved components: ⺈	⿰扌臽
U+6396	掖	exact_ids	unresolved components: 夜	⿰扌夜
U+639D	掝	exact_ids	unresolved components: 或	⿰扌或
U+639F	掟	exact_ids	unresolved components: 𤴓	⿰扌定
U+63A0	掠	exact_ids	unresolved components: 京	⿰扌京
U+63A2	探	exact_ids	unresolved components: ⺳	⿰扌罙
U+63A3	掣	exact_ids	unresolved components: 制	⿱制手
U+63A9	掩	exact_ids	unresolved components: 电	⿰扌奄
U+63AA	措	exact_ids	unresolved components: 龷	⿰扌昔
U+63AC	掬	exact_ids	unresolved components: 匊	⿰扌匊
U+63AD	掭	exact_ids	unresolved components: 㣺	⿰扌忝
U+63B2	掲	missing	missing	
U+63B4	掴	exact_ids	unresolved components: 国	⿰扌国
U+63B6	掶	exact_ids	unresolved components: 庚	⿰扌庚
U+63B8	掸	exact_ids	unresolved components: 单	⿰扌单
U+63BA	掺	exact_ids	unresolved components: 参	⿰扌参
U+63C2	揂	exact_ids	unresolved components: 酉	⿰扌酋
U+63C4	揄	exact_ids	unresolved components: 兪	⿰扌兪
U+63C7	揇	exact_ids	unresolved components: 南	⿰扌南
U+63C8	揈	exact_ids	unresolved components: 訇	⿰扌訇
U+63CA	揊	exact_ids	unresolved components: 畐	⿰扌畐
U+63CE	揎	exact_ids	unresolved components: 亘	⿰扌宣
U+63D0	提	exact_ids	unresolved components: 𤴓	⿰扌是
U+63D1	揑	missing	missing	
U+63D5	揕	exact_ids	unresolved components: 匹	⿰扌甚
U+63D7	揗	exact_ids	unresolved components: ⺁	⿰扌盾
U+63D9	揙	exact_ids	unresolved components: 𠕁	⿰扌扁
U+63DB	換	exact_ids	unresolved components: 奐	⿰扌奐
U+63E0	揠	exact_ids	unresolved components: 匽	⿰扌匽
U+63E8	揨	exact_ids	unresolved components: 亭	⿰扌亭
U+63ED	揭	exact_ids	unresolved components: 匃	⿰扌曷
U+63EF	揯	exact_ids	unresolved components: 亙	⿰扌恆
U+63F0	揰	exact_ids	unresolved components: 里	⿰扌重
U+63F5	揵	exact_ids	unresolved components: 聿	⿰扌建
U+63F7	揷	exact_ids	unresolved components: 𦥛	⿰扌𦥛
U+63F9	揹	exact_ids	unresolved components: 北	⿰扌背
U+63FA	揺	missing	missing	
U+63FB	揻	exact_ids	unresolved components: 威	⿰扌威
U+63FD	揽	exact_ids	unresolved components: 览	⿰扌览
U+6400	搀	missing	missing	
U+6401	搁	exact_ids	unresolved components: 阁	⿰扌阁
U+6403	搃	exact_ids	unresolved components: 𠮦	⿰扌总
U+6404	搄	exact_ids	unresolved components: 亘	⿰扌恒
U+6407	搇	exact_ids	unresolved components: ㇇	⿰扌衾
U+640A	搊	exact_ids	unresolved components: 芻	⿰扌芻
U+640B	搋	exact_ids	unresolved components: 虒	⿰扌虒
U+640C	搌	exact_ids	unresolved components: 展	⿰扌展
U+6416	搖	exact_ids	structural collision: 摇	⿰扌䍃
U+6417	搗	exact_ids	unresolved components: 島	⿰扌島
U+641C	搜	exact_ids	unresolved components: 𦥔	⿰扌叟
U+641E	搞	exact_ids	unresolved components: 高	⿰扌高
U+6422	搢	exact_ids	unresolved components: 晉	⿰扌晉
U+6423	搣	exact_ids	unresolved components: 烕	⿰扌烕
U+6424	搤	exact_ids	unresolved components: 益	⿰扌益
U+6428	搨	exact_ids	unresolved components: 冃	⿰扌𦐇
U+642A	搪	exact_ids	unresolved components: 唐	⿰扌唐
U+6433	搳	exact_ids	unresolved components: 害	⿰扌害
U+6434	搴	missing	missing	
U+6435	搵	exact_ids	unresolved components: 囚	⿰扌𥁕
U+6436	搶	exact_ids	unresolved components: 倉	⿰扌倉
U+643D	搽	exact_ids	unresolved components: 茶	⿰扌茶
U+6441	摁	exact_ids	unresolved components: 因	⿰扌恩
U+6442	摂	missing	missing	
U+6447	摇	exact_ids	structural collision: 搖	⿰扌䍃
U+6449	摉	missing	missing	
U+6450	摐	exact_ids	unresolved components: 從	⿰扌從
U+6451	摑	exact_ids	unresolved components: 國	⿰扌國
U+6454	摔	exact_ids	unresolved components: 率	⿰扌率
U+6456	摖	exact_ids	unresolved components: 祭	⿰扌祭
U+6458	摘	exact_ids	unresolved components: 啇	⿰扌啇
U+645A	摚	exact_ids	unresolved components: 冋	⿰扌堂
U+645B	摛	exact_ids	unresolved components: 凶	⿰扌离
U+645F	摟	exact_ids	unresolved components: 婁	⿰扌婁
U+6460	摠	exact_ids	unresolved components: 囱	⿰扌悤
U+6464	摤	exact_ids	unresolved components: 㸚	⿰扌爽
U+6465	摥	missing	missing	
U+6468	摨	exact_ids	unresolved components: 犀	⿰扌犀
U+646A	摪	exact_ids	unresolved components: 將	⿰扌將
U+646E	摮	exact_ids	unresolved components: 敖	⿱敖手
U+646F	摯	exact_ids	unresolved components: 𢆉	⿱執手
U+6471	摱	exact_ids	unresolved components: 曼	⿰扌曼
U+6473	摳	exact_ids	unresolved components: 區	⿰扌區
U+6475	摵	exact_ids	unresolved components: 戚	⿰扌戚
U+6476	摶	exact_ids	unresolved components: 𤰔	⿰扌專
U+647B	摻	exact_ids	unresolved components: 參	⿰扌參
U+647F	摿	missing	missing	
U+6481	撁	exact_ids	unresolved components: 牽	⿰扌牽
U+6486	撆	exact_ids	unresolved components: 㡀	⿱敝手
U+6487	撇	exact_ids	unresolved components: 㡀	⿰扌敝
U+6489	撉	exact_ids	unresolved components: 享	⿱敦手
U+648A	撊	exact_ids	unresolved components: 閒	⿰扌閒
U+648B	撋	exact_ids	unresolved components: 閏	⿰扌閏
U+648F	撏	exact_ids	unresolved components: 尋	⿰扌尋
U+6490	撐	exact_ids	unresolved components: 冋	⿰扌牚
U+6491	撑	exact_ids	unresolved components: 冋	⿰扌掌
U+6492	撒	exact_ids	unresolved components: 散	⿰扌散
U+6494	撔	exact_ids	unresolved components: 京	⿰扌景
U+6496	撖	exact_ids	unresolved components: 敢	⿰扌敢
U+6498	撘	exact_ids	unresolved components: 亇	⿰扌答
U+6499	撙	exact_ids	unresolved components: 酉	⿰扌尊
U+649D	撝	exact_ids	unresolved components: 爲	⿰扌爲
U+649E	撞	exact_ids	unresolved components: 里	⿰扌童
U+649F	撟	exact_ids	unresolved components: 冋	⿰扌喬
U+64A0	撠	exact_ids	unresolved components: 戟	⿰扌戟
U+64A1	撡	exact_ids	unresolved components: 㣺	⿰扌叅
U+64A3	撣	exact_ids	unresolved components: 單	⿰扌單
U+64A4	撤	missing	missing	
U+64A5	撥	exact_ids	unresolved components: 發	⿰扌發
U+64A7	撧	exact_ids	unresolved components: ⺈	⿰扌絶
U+64A9	撩	exact_ids	unresolved components: 昚	⿰扌尞
U+64AA	撪	exact_ids	unresolved components: 軬	⿰扌軬
U+64B4	撴	exact_ids	unresolved components: 享	⿰扌敦
U+64BC	撼	exact_ids	unresolved components: 咸	⿰扌感
U+64BD	撽	exact_ids	unresolved components: 敫	⿰扌敫
U+64BF	撿	exact_ids	unresolved components: 僉	⿰扌僉
U+64C0	擀	exact_ids	unresolved components: 幹	⿰扌幹
U+64C1	擁	exact_ids	unresolved components: 雍	⿰扌雍
U+64C5	擅	exact_ids	unresolved components: 回	⿰扌亶
U+64C7	擇	exact_ids	unresolved components: 𢆉	⿰扌睪
U+64C9	擉	exact_ids	unresolved components: 𠣜	⿰扌蜀
U+64CA	擊	missing	missing	
U+64CB	擋	exact_ids	unresolved components: 冋	⿰扌當
U+64CC	擌	exact_ids	unresolved components: 亇	⿰扌筴
U+64CE	擎	exact_ids	unresolved components: 句	⿱敬手
U+64CF	擏	exact_ids	unresolved components: 句	⿰扌敬
U+64D0	擐	exact_ids	unresolved components: 睘	⿰扌睘
U+64D1	擑	exact_ids	unresolved components: 戈	⿰扌戢
U+64D2	擒	exact_ids	unresolved components: 凶	⿰扌禽
U+64D3	擓	exact_ids	unresolved components: 匯	⿰扌匯
U+64D4	擔	exact_ids	unresolved components: 詹	⿰扌詹
U+64D6	擖	exact_ids	unresolved components: 匃	⿰扌葛
U+64D7	擗	exact_ids	unresolved components: 𡰪	⿰扌辟
U+64D8	擘	exact_ids	unresolved components: 𡰪	⿱辟手
U+64DC	擜	exact_ids	unresolved components: 南	⿰扌献
U+64E3	擣	exact_ids	unresolved components: 壽	⿰扌壽
U+64E5	擥	missing	missing	
U+64E6	擦	exact_ids	unresolved components: 祭	⿰扌察
U+64E8	擨	exact_ids	unresolved components: 虒	⿰扌歋
U+64EA	擪	exact_ids	unresolved components: 冃	⿱厭手
U+64EB	擫	exact_ids	unresolved components: 冃	⿰扌厭
U+64EC	擬	exact_ids	unresolved components: 疑	⿰扌疑
U+64EE	擮	exact_ids	unresolved components: 戈	⿰扌截
U+64EF	擯	exact_ids	unresolved components: 賓	⿰扌賓
U+64F0	擰	exact_ids	unresolved components: 寍	⿰扌寧
U+64F1	擱	exact_ids	unresolved components: 閣	⿰扌閣
U+64F2	擲	exact_ids	unresolved components: 酉	⿰扌鄭
U+64F3	擳	exact_ids	unresolved components: 亇	⿰扌節
U+64F6	擶	exact_ids	unresolved components: 亇	⿰扌箭
U+64F8	擸	exact_ids	unresolved components: 巤	⿰扌巤
U+64FA	擺	exact_ids	unresolved components: 能	⿰扌罷
U+64FB	擻	exact_ids	unresolved components: 婁	⿰扌數
U+64FD	擽	exact_ids	unresolved components: 樂	⿰扌樂
U+64FF	擿	exact_ids	unresolved components: 啇	⿰扌適
U+6501	攁	exact_ids	unresolved components: 養	⿰扌養
U+6503	攃	exact_ids	unresolved components: 祭	⿰扌蔡
U+6507	攇	exact_ids	unresolved components: 憲	⿰扌憲
U+650B	攋	exact_ids	unresolved components: 賴	⿰扌賴
U+650C	攌	exact_ids	unresolved components: 圜	⿰扌圜
U+650D	攍	exact_ids	unresolved components: 嬴	⿰扌嬴
U+650E	攎	exact_ids	unresolved components: 𧆨	⿰扌盧
U+6510	攐	exact_ids	unresolved components: 褰	⿰扌褰
U+6512	攒	exact_ids	unresolved components: 赞	⿰扌赞
U+6513	攓	exact_ids	unresolved components: 蹇	⿰扌蹇
U+6514	攔	exact_ids	unresolved components: 闌	⿰扌闌
U+6515	攕	exact_ids	unresolved components: 韱	⿰扌韱
U+6518	攘	exact_ids	unresolved components: 襄	⿰扌襄
U+6519	攙	exact_ids	unresolved components: 毚	⿰扌毚
U+651A	攚	exact_ids	unresolved components: 呂	⿰扌營
U+651F	攟	exact_ids	unresolved components: 囷	⿰扌麕
U+6521	攡	exact_ids	unresolved components: 凶	⿰扌離
U+6525	攥	exact_ids	unresolved components: 纂	⿰扌纂
U+6526	攦	exact_ids	unresolved components: 丽	⿰扌麗
U+6528	攨	missing	missing	
U+6529	攩	exact_ids	unresolved components: 冋	⿰扌黨
U+652A	攪	exact_ids	unresolved components: 覺	⿰扌覺
U+652C	攬	exact_ids	unresolved components: 覽	⿰扌覽
U+6533	攳	exact_ids	unresolved components: 尋	⿰支尋
U+6538	攸	missing	missing	
U+6542	敂	exact_ids	unresolved components: 句	⿰句攵
U+654E	敎	missing	missing	
U+6552	敒	exact_ids	unresolved components: 申	⿰伸攵
U+6553	敓	exact_ids	structural collision: 敚	⿰兌攵
U+6556	敖	missing	missing	
U+655A	敚	exact_ids	structural collision: 敓	⿰兌攵
U+655B	敛	exact_ids	unresolved components: 佥	⿰佥攵
U+655C	敜	exact_ids	unresolved components: ㇇	⿰念攵
U+655D	敝	exact_ids	unresolved components: 㡀	⿰㡀攵
U+655E	敞	exact_ids	unresolved components: 冋	⿰尚攵
U+6562	敢	missing	missing	
U+6563	散	missing	missing	
U+6566	敦	exact_ids	unresolved components: 享	⿰享攵
U+656B	敫	missing	missing	
U+656C	敬	exact_ids	unresolved components: 句	⿰苟攵
U+6572	敲	exact_ids	unresolved components: 高	⿰高攴
U+6575	敵	exact_ids	unresolved components: 啇	⿰啇攵
U+6577	敷	missing	missing	
U+6578	數	exact_ids	unresolved components: 婁	⿰婁攵
U+6579	敹	missing	missing	
U+657A	敺	exact_ids	unresolved components: 區	⿰區攴
U+657B	敻	missing	missing	
U+657D	敽	exact_ids	unresolved components: 冋	⿰喬攴
U+657E	敾	exact_ids	unresolved components: 善	⿰善攵
U+657F	敿	exact_ids	unresolved components: 冋	⿰喬攵
U+6580	斀	exact_ids	unresolved components: 𠣜	⿰蜀攴
U+6581	斁	exact_ids	unresolved components: 𢆉	⿰睪攵
U+6582	斂	exact_ids	unresolved components: 僉	⿰僉攵
U+6583	斃	exact_ids	unresolved components: 㡀	⿱敝死
U+6585	斅	exact_ids	unresolved components: 𦥯	⿰學攴
U+6586	斆	exact_ids	unresolved components: 𦥯	⿰學攵
U+6589	斉	missing	missing	
U+658C	斌	exact_ids	unresolved components: 武	⿰文武
U+658E	斎	missing	missing	
U+6592	斒	exact_ids	unresolved components: 𠕁	⿰文扁
U+6593	斓	exact_ids	unresolved components: 阑	⿰文阑
U+6595	斕	exact_ids	unresolved components: 闌	⿰文闌
U+6596	斖	exact_ids	unresolved components: 舋	⿱文舋
U+659B	斛	exact_ids	unresolved components: ⺈	⿰角斗
U+659F	斟	exact_ids	unresolved components: 匹	⿰甚斗
U+65A1	斡	missing	missing	
U+65A3	斣	exact_ids	unresolved components: 𠣜	⿰蜀斗
U+65AA	斪	exact_ids	unresolved components: 句	⿰句斤
U+65AD	断	missing	missing	
U+65AE	斮	exact_ids	unresolved components: 龷	⿰昔斤
U+65B2	斲	missing	missing	
U+65B5	斵	missing	missing	
U+65B6	斶	exact_ids	unresolved components: 𠣜	⿰斤蜀
U+65B8	斸	exact_ids	unresolved components: 屬	⿰屬斤
U+65BA	斺	exact_ids	unresolved components: 介	⿰方介
U+65C2	旂	missing	missing	
U+65C3	旃	missing	missing	
U+65C4	旄	missing	missing	
U+65C5	旅	missing	missing	
U+65C6	旆	missing	missing	
U+65C7	旇	missing	missing	
U+65CA	旊	missing	missing	
U+65CB	旋	missing	missing	
U+65CC	旌	missing	missing	
U+65CD	旍	missing	missing	
U+65CE	旎	missing	missing	
U+65CF	族	missing	missing	
U+65D0	旐	missing	missing	
U+65D2	旒	missing	missing	
U+65D3	旓	missing	missing	
U+65D4	旔	exact_ids	unresolved components: 聿	⿰方建
U+65D6	旖	missing	missing	
U+65D7	旗	missing	missing	
U+65D8	旘	exact_ids	unresolved components: 戈	⿰方戠
U+65DA	旚	missing	missing	
U+65DB	旛	missing	missing	
U+65DC	旜	missing	missing	
U+65DD	旝	missing	missing	
U+65DE	旞	missing	missing	
U+65DF	旟	missing	missing	
U+65EC	旬	missing	missing	
U+65F3	旳	exact_ids	unresolved components: 勺	⿰日勺
U+65F8	旸	exact_ids	unresolved components: 𠃓	⿰日𠃓
U+6600	昀	exact_ids	unresolved components: 匀	⿰日匀
U+6604	昄	exact_ids	unresolved components: 反	⿰日反
U+6605	昅	exact_ids	unresolved components: ㇏	⿰日及
U+6611	昑	exact_ids	unresolved components: ㇇	⿰日今
U+6614	昔	exact_ids	unresolved components: 龷	⿱龷日
U+661A	昚	missing	missing	
U+6627	昧	exact_ids	structural collision: 昩	⿰日未
U+6629	昩	exact_ids	structural collision: 昧	⿰日末
U+662B	昫	exact_ids	unresolved components: 句	⿰日句
U+662F	是	exact_ids	unresolved components: 𤴓	⿱日𤴓
U+6634	昴	exact_ids	unresolved components: 卯	⿱日卯
U+6636	昶	exact_ids	unresolved components: 永	⿰永日
U+6639	昹	exact_ids	unresolved components: 永	⿰日永
U+663C	昼	exact_ids	unresolved components: ㇏	⿱尺旦
U+6643	晃	exact_ids	unresolved components: ⺌	⿱日光
U+6644	晄	exact_ids	unresolved components: ⺌	⿰日光
U+6645	晅	exact_ids	unresolved components: 亘	⿰日亘
U+6649	晉	missing	missing	
U+664C	晌	exact_ids	unresolved components: 冋	⿰日向
U+664D	晍	exact_ids	unresolved components: 同	⿰日同
U+6650	晐	exact_ids	unresolved components: 亥	⿰日亥
U+6651	晑	exact_ids	unresolved components: 冋	⿱日向
U+6653	晓	exact_ids	unresolved components: 尧	⿰日尧
U+6657	晗	exact_ids	unresolved components: ㇇	⿰日含
U+665A	晚	exact_ids	structural collision: 晩	⿰日免
U+665D	晝	exact_ids	unresolved components: 聿	⿱聿旦
U+665E	晞	exact_ids	unresolved components: 布	⿰日希
U+665F	晟	exact_ids	unresolved components: 成	⿱日成
U+6660	晠	exact_ids	unresolved components: 成	⿰日成
U+6669	晩	exact_ids	structural collision: 晚	⿰日免
U+666C	晬	exact_ids	unresolved components: 卒	⿰日卒
U+666D	晭	exact_ids	unresolved components: 周	⿰日周
U+666F	景	exact_ids	unresolved components: 京	⿱日京
U+6674	晴	exact_ids	unresolved components: 龶	⿰日青
U+6675	晵	missing	missing	
U+667B	晻	exact_ids	unresolved components: 电	⿰日奄
U+667E	晾	exact_ids	unresolved components: 京	⿰日京
U+6684	暄	exact_ids	unresolved components: 亘	⿰日宣
U+6685	暅	exact_ids	unresolved components: 亘	⿰日恒
U+668D	暍	exact_ids	unresolved components: 匃	⿰日曷
U+6694	暔	exact_ids	unresolved components: 南	⿰日南
U+66A0	暠	exact_ids	unresolved components: 高	⿱日高
U+66A2	暢	exact_ids	unresolved components: 申	⿰申昜
U+66A9	暩	exact_ids	unresolved components: 祭	⿰日祭
U+66AD	暭	exact_ids	unresolved components: 皐	⿰日皐
U+66B0	暰	exact_ids	unresolved components: 從	⿰日從
U+66B1	暱	exact_ids	unresolved components: 匿	⿰日匿
U+66B5	暵	exact_ids	unresolved components: 𦰩	⿰日𦰩
U+66B6	暶	exact_ids	unresolved components: 旋	⿰日旋
U+66B7	暷	exact_ids	unresolved components: 𤰔	⿰日專
U+66B8	暸	exact_ids	unresolved components: 昚	⿰日尞
U+66BA	暺	exact_ids	unresolved components: 單	⿰日單
U+66BB	暻	exact_ids	unresolved components: 京	⿰日景
U+66BC	暼	exact_ids	unresolved components: 㡀	⿱敝日
U+66BE	暾	exact_ids	unresolved components: 享	⿰日敦
U+66C3	曃	exact_ids	unresolved components: 隶	⿰日逮
U+66C8	曈	exact_ids	unresolved components: 里	⿰日童
U+66CD	曍	exact_ids	unresolved components: 臯	⿰日臯
U+66CE	曎	exact_ids	unresolved components: 𢆉	⿰日睪
U+66D2	曒	exact_ids	unresolved components: 敫	⿰日敫
U+66D3	曓	missing	missing	
U+66D4	曔	exact_ids	unresolved components: 句	⿰日敬
U+66D5	曕	exact_ids	unresolved components: 詹	⿰日詹
U+66DA	曚	exact_ids	unresolved components: 冃	⿰日蒙
U+66DB	曛	exact_ids	unresolved components: 熏	⿰日熏
U+66E2	曢	exact_ids	unresolved components: 昚	⿰日寮
U+66E3	曣	exact_ids	unresolved components: 燕	⿰日燕
U+66E5	曥	exact_ids	unresolved components: 𧆨	⿰日盧
U+66E6	曦	exact_ids	unresolved components: 羲	⿰日羲
U+66E9	曩	exact_ids	unresolved components: 襄	⿱日襄
U+66EC	曬	exact_ids	unresolved components: 丽	⿰日麗
U+66ED	曭	exact_ids	unresolved components: 冋	⿰日黨
U+66EE	曮	exact_ids	unresolved components: 𠪚	⿰日嚴
U+66EF	曯	exact_ids	unresolved components: 屬	⿰日屬
U+66F1	曱	missing	missing	
U+66F7	曷	exact_ids	unresolved components: 匃	⿱曰匃
U+66F8	書	exact_ids	unresolved components: 聿	⿱聿曰
U+66F9	曹	missing	missing	
U+66FA	曺	exact_ids	unresolved components: 𤰔	⿱𤰔曰
U+66FC	曼	missing	missing	
U+66FD	曽	missing	missing	
U+66FE	曾	missing	missing	
U+6703	會	exact_ids	unresolved components: 曾	⿱曾曰
U+6704	朄	exact_ids	unresolved components: 申	⿰申柬
U+6705	朅	exact_ids	unresolved components: 匃	⿰去曷
U+6706	朆	missing	missing	
U+6707	朇	exact_ids	unresolved components: 曾	⿰會卑
U+670C	朌	exact_ids	structural collision: 肦	⿰月分
U+6710	朐	exact_ids	unresolved components: 句	⿰月句
U+6718	朘	exact_ids	structural collision: 脧	⿰月夋
U+671C	朜	exact_ids	unresolved components: 享	⿰月享
U+671D	朝	missing	missing	
U+6721	朡	exact_ids	unresolved components: 凶	⿰月㚇
U+6722	朢	missing	missing	
U+6723	朣	exact_ids	unresolved components: 里	⿰月童
U+6726	朦	exact_ids	unresolved components: 冃	⿰月蒙
U+672A	未	exact_ids	structural collision: 末,本	⿻木一
U+672B	末	exact_ids	structural collision: 未,本	⿻木一
U+672C	本	exact_ids	structural collision: 未,末	⿻木一
U+672E	朮	missing	missing	
U+674B	杋	exact_ids	unresolved components: 凡	⿰木凡
U+6753	杓	exact_ids	unresolved components: 勺	⿰木勺
U+675A	杚	exact_ids	unresolved components: 乞	⿰木乞
U+6765	来	missing	missing	
U+6768	杨	exact_ids	unresolved components: 𠃓	⿰木𠃓
U+677F	板	exact_ids	unresolved components: 反	⿰木反
U+6781	极	exact_ids	unresolved components: ㇏	⿰木及
U+6783	枃	exact_ids	unresolved components: 匀	⿰木匀
U+6784	构	exact_ids	unresolved components: 勾	⿰木勾
U+6794	枔	exact_ids	unresolved components: ㇇	⿰木今
U+67A2	枢	exact_ids	unresolved components: 区	⿰木区
U+67AB	枫	exact_ids	unresolved components: 风	⿰木风
U+67AC	枬	exact_ids	structural collision: 栴	⿰木丹
U+67B8	枸	exact_ids	unresolved components: 句	⿰木句
U+67B9	枹	exact_ids	unresolved components: 包	⿰木包
U+67BE	枾	missing	missing	
U+67CC	柌	exact_ids	unresolved components: 司	⿰木司
U+67D2	柒	missing	missing	
U+67D9	柙	exact_ids	unresolved components: 甲	⿰木甲
U+67DA	柚	exact_ids	unresolved components: 由	⿰木由
U+67DB	柛	exact_ids	unresolved components: 申	⿰木申
U+67E1	柡	missing	missing	
U+67E8	柨	exact_ids	unresolved components: 布	⿰木布
U+67E9	柩	exact_ids	unresolved components: 匛	⿰木匛
U+67ED	柭	exact_ids	unresolved components: 犮	⿰木犮
U+67F3	柳	exact_ids	unresolved components: 卯	⿰木卯
U+67F6	柶	exact_ids	unresolved components: 四	⿰木四
U+6800	栀	exact_ids	unresolved components: 卮	⿰木卮
U+6806	栆	missing	missing	
U+6808	栈	exact_ids	unresolved components: 戈	⿰木戋
U+680F	栏	exact_ids	unresolved components: 三	⿰木兰
U+6810	栐	exact_ids	unresolved components: 永	⿰木永
U+6812	栒	exact_ids	unresolved components: 旬	⿰木旬
U+682B	栫	exact_ids	unresolved components: 存	⿰木存
U+682C	栬	exact_ids	unresolved components: ⺈	⿰木色
U+6830	栰	exact_ids	unresolved components: 戈	⿰木伐
U+6834	栴	exact_ids	structural collision: 枬	⿰木丹
U+6836	栶	exact_ids	unresolved components: 因	⿰木因
U+6838	核	exact_ids	unresolved components: 亥	⿰木亥
U+683D	栽	missing	missing	
U+6844	桄	exact_ids	unresolved components: ⺌	⿰木光
U+6845	桅	exact_ids	unresolved components: ⺈	⿰木危
U+6846	框	exact_ids	unresolved components: 匡	⿰木匡
U+6850	桐	exact_ids	unresolved components: 同	⿰木同
U+6853	桓	exact_ids	unresolved components: 亘	⿰木亘
U+6856	桖	exact_ids	unresolved components: 血	⿰木血
U+685C	桜	missing	missing	
U+685F	桟	exact_ids	unresolved components: 𢦑	⿰木𢦑
U+6861	桡	exact_ids	unresolved components: 尧	⿰木尧
U+6868	桨	missing	missing	
U+6871	桱	exact_ids	unresolved components: 巠	⿰木巠
U+6873	桳	missing	missing	
U+6877	桷	exact_ids	unresolved components: ⺈	⿰木角
U+6878	桸	exact_ids	unresolved components: 布	⿰木希
U+687E	桾	exact_ids	unresolved components: 尹	⿰木君
U+6881	梁	missing	missing	
U+6884	梄	exact_ids	unresolved components: 酉	⿰木酉
U+6888	梈	exact_ids	unresolved components: 亨	⿰木亨
U+6892	梒	exact_ids	unresolved components: ㇇	⿰木含
U+6894	梔	exact_ids	unresolved components: 巵	⿰木巵
U+689D	條	missing	missing	
U+689F	梟	missing	missing	
U+68A0	梠	exact_ids	unresolved components: 呂	⿰木呂
U+68A3	梣	exact_ids	unresolved components: ㇇	⿰木岑
U+68A4	梤	missing	missing	
U+68A5	梥	exact_ids	unresolved components: 𠫡	⿱穴𠫡
U+68A9	梩	exact_ids	unresolved components: 里	⿰木里
U+68AC	梬	exact_ids	unresolved components: 由	⿰木甹
U+68AE	梮	exact_ids	unresolved components: 局	⿰木局
U+68B0	械	exact_ids	unresolved components: 戈	⿰木戒
U+68B1	梱	exact_ids	unresolved components: 困	⿰木困
U+68B2	梲	exact_ids	structural collision: 棁	⿰木兌
U+68B5	梵	exact_ids	unresolved components: 凡	⿱⿰木木凡
U+68B7	梷	missing	missing	
U+68BE	梾	exact_ids	unresolved components: 来	⿰木来
U+68C0	检	exact_ids	unresolved components: 佥	⿰木佥
U+68C1	棁	exact_ids	structural collision: 梲	⿰木兌
U+68C3	棃	missing	missing	
U+68C5	棅	exact_ids	unresolved components: ⺕	⿰木秉
U+68C6	棆	exact_ids	unresolved components: 𠕁	⿰木侖
U+68C8	棈	exact_ids	unresolved components: 円,龶	⿰木靑
U+68CE	棎	exact_ids	unresolved components: ⺳	⿰木罙
U+68DB	棛	exact_ids	unresolved components: 育	⿰木育
U+68DD	棝	exact_ids	unresolved components: 固	⿰木固
U+68DE	棞	exact_ids	unresolved components: 囷	⿰木囷
U+68E1	棡	exact_ids	unresolved components: 岡	⿰木岡
U+68E2	棢	exact_ids	unresolved components: 罔	⿰木罔
U+68E3	棣	exact_ids	unresolved components: 隶	⿰木隶
U+68E4	棤	exact_ids	unresolved components: 龷	⿰木昔
U+68E7	棧	exact_ids	unresolved components: 戈	⿰木戔
U+68E8	棨	missing	missing	
U+68EB	棫	exact_ids	unresolved components: 或	⿰木或
U+68ED	棭	exact_ids	unresolved components: 夜	⿰木夜
U+68EF	棯	exact_ids	unresolved components: ㇇	⿰木念
U+68F2	棲	exact_ids	unresolved components: 妻	⿰木妻
U+68FD	棽	exact_ids	unresolved components: ㇇	⿱⿰木木今
U+6901	椁	exact_ids	unresolved components: 享	⿰木享
U+6906	椆	exact_ids	unresolved components: 周	⿰木周
U+6908	椈	exact_ids	unresolved components: 匊	⿰木匊
U+690A	椊	exact_ids	unresolved components: 卒	⿰木卒
U+690B	椋	exact_ids	unresolved components: 京	⿰木京
U+6913	椓	exact_ids	unresolved components: 豖	⿰木豖
U+6917	椗	exact_ids	unresolved components: 𤴓	⿰木定
U+6922	椢	exact_ids	unresolved components: 国	⿰木国
U+6929	椩	exact_ids	unresolved components: 庚	⿰木庚
U+692B	椫	exact_ids	unresolved components: 单	⿰木单
U+692E	椮	exact_ids	unresolved components: 参	⿰木参
U+6931	椱	exact_ids	unresolved components: 复	⿰木复
U+6934	椴	exact_ids	unresolved components: 段	⿰木段
U+6936	椶	exact_ids	unresolved components: 凶	⿰木㚇
U+6937	椷	exact_ids	unresolved components: 咸	⿰木咸
U+6939	椹	exact_ids	unresolved components: 匹	⿰木甚
U+693B	椻	exact_ids	unresolved components: 匽	⿰木匽
U+6940	楀	exact_ids	unresolved components: 禹	⿰木禹
U+6944	楄	exact_ids	unresolved components: 𠕁	⿰木扁
U+6945	楅	exact_ids	unresolved components: 畐	⿰木畐
U+694D	楍	exact_ids	unresolved components: 𠱠	⿱木𠱠
U+6950	楐	exact_ids	unresolved components: 介	⿰木界
U+6957	楗	exact_ids	unresolved components: 聿	⿰木建
U+695E	楞	missing	missing	
U+695F	楟	exact_ids	unresolved components: 亭	⿰木亭
U+6960	楠	exact_ids	unresolved components: 南	⿰木南
U+6961	楡	exact_ids	unresolved components: 兪	⿰木兪
U+6962	楢	exact_ids	unresolved components: 酉	⿰木酋
U+6966	楦	exact_ids	unresolved components: 亘	⿰木宣
U+696C	楬	exact_ids	unresolved components: 匃	⿰木曷
U+696F	楯	exact_ids	unresolved components: ⺁	⿰木盾
U+6972	楲	exact_ids	unresolved components: 威	⿰木威
U+6975	極	exact_ids	unresolved components: 亟	⿰木亟
U+697D	楽	missing	missing	
U+6984	榄	exact_ids	unresolved components: 览	⿰木览
U+6988	榈	exact_ids	unresolved components: 闾	⿰木闾
U+698A	榊	exact_ids	unresolved components: 申	⿰木神
U+698B	榋	missing	missing	
U+698E	榎	exact_ids	unresolved components: 夏	⿰木夏
U+698F	榏	exact_ids	unresolved components: 益	⿰木益
U+6990	榐	exact_ids	unresolved components: 展	⿰木展
U+6996	榖	missing	missing	
U+6997	榗	exact_ids	unresolved components: 晉	⿰木晉
U+699A	榚	exact_ids	unresolved components: 羔	⿰木羔
U+699D	榝	exact_ids	structural collision: 樧	⿰木殺
U+69A1	榡	exact_ids	unresolved components: 龶	⿰木素
U+69A5	榥	exact_ids	unresolved components: ⺌	⿰木晃
U+69A6	榦	missing	missing	
U+69A7	榧	exact_ids	unresolved components: 匪	⿰木匪
U+69AC	榬	exact_ids	unresolved components: 袁	⿰木袁
U+69B1	榱	exact_ids	unresolved components: 衰	⿰木衰
U+69B2	榲	exact_ids	unresolved components: 囚	⿰木𥁕
U+69B4	榴	exact_ids	unresolved components: 留	⿰木留
U+69B6	榶	exact_ids	unresolved components: 唐	⿰木唐
U+69B8	榸	exact_ids	unresolved components: 里	⿰木埋
U+69B9	榹	exact_ids	unresolved components: 虒	⿰木虒
U+69BB	榻	exact_ids	unresolved components: 冃	⿰木𦐇
U+69C0	槀	exact_ids	unresolved components: 高	⿱高木
U+69C1	槁	exact_ids	unresolved components: 高	⿰木高
U+69C6	槆	exact_ids	unresolved components: 旬	⿰木荀
U+69CD	槍	exact_ids	unresolved components: 倉	⿰木倉
U+69D7	槗	exact_ids	unresolved components: 冋	⿰木𠳮
U+69DB	槛	exact_ids	unresolved components: 监	⿰木监
U+69DD	槝	exact_ids	unresolved components: 島	⿰木島
U+69DE	槞	exact_ids	unresolved components: 电	⿰木竜
U+69E6	槦	exact_ids	unresolved components: 庸	⿰木庸
U+69E8	槨	exact_ids	unresolved components: 享	⿰木郭
U+69EB	槫	exact_ids	unresolved components: 𤰔	⿰木專
U+69ED	槭	exact_ids	unresolved components: 戚	⿰木戚
U+69EE	槮	exact_ids	unresolved components: 參	⿰木參
U+69F1	槱	exact_ids	unresolved components: 酉	⿱梄灬
U+69F2	槲	exact_ids	unresolved components: ⺈	⿰木斛
U+69F3	槳	exact_ids	unresolved components: 將	⿱將木
U+69F6	槶	exact_ids	unresolved components: 國	⿰木國
U+69F9	槹	exact_ids	unresolved components: 皐	⿰木皐
U+69FA	槺	exact_ids	unresolved components: 隶	⿰木康
U+69FD	槽	exact_ids	unresolved components: 曹	⿰木曹
U+69FE	槾	exact_ids	unresolved components: 曼	⿰木曼
U+6A00	樀	exact_ids	unresolved components: 啇	⿰木啇
U+6A02	樂	missing	missing	
U+6A05	樅	exact_ids	unresolved components: 從	⿰木從
U+6A06	樆	exact_ids	unresolved components: 凶	⿰木离
U+6A07	樇	exact_ids	unresolved components: 脩	⿰木脩
U+6A09	樉	exact_ids	unresolved components: 㸚	⿰木爽
U+6A0D	樍	exact_ids	unresolved components: 龶	⿰木責
U+6A11	樑	exact_ids	unresolved components: 梁	⿰木梁
U+6A13	樓	exact_ids	unresolved components: 婁	⿰木婁
U+6A18	樘	exact_ids	unresolved components: 冋	⿰木堂
U+6A1E	樞	exact_ids	unresolved components: 區	⿰木區
U+6A23	樣	exact_ids	unresolved components: 羕	⿰木羕
U+6A24	樤	exact_ids	unresolved components: 條	⿰木條
U+6A26	樦	exact_ids	unresolved components: 亇	⿰木䇠
U+6A27	樧	exact_ids	structural collision: 榝	⿰木殺
U+6A28	樨	exact_ids	unresolved components: 犀	⿰木犀
U+6A29	権	missing	missing	
U+6A2C	樬	exact_ids	unresolved components: 囱	⿰木悤
U+6A2F	樯	exact_ids	unresolved components: 啬	⿰木啬
U+6A33	樳	exact_ids	unresolved components: 尋	⿰木尋
U+6A34	樴	exact_ids	unresolved components: 戈	⿰木戠
U+6A3D	樽	exact_ids	unresolved components: 酉	⿰木尊
U+6A3E	樾	exact_ids	unresolved components: 戈	⿰木越
U+6A3F	樿	exact_ids	unresolved components: 單	⿰木單
U+6A40	橀	missing	missing	
U+6A41	橁	exact_ids	unresolved components: 亇,旬	⿰木筍
U+6A42	橂	exact_ids	unresolved components: 酉	⿰木奠
U+6A43	橃	exact_ids	unresolved components: 發	⿰木發
U+6A44	橄	exact_ids	unresolved components: 敢	⿰木敢
U+6A46	橆	missing	missing	
U+6A4B	橋	exact_ids	unresolved components: 冋	⿰木喬
U+6A4C	橌	exact_ids	unresolved components: 閒	⿰木閒
U+6A4D	橍	exact_ids	unresolved components: 閏	⿰木閏
U+6A4F	橏	exact_ids	unresolved components: 善	⿰木善
U+6A51	橑	exact_ids	unresolved components: 昚	⿰木尞
U+6A54	橔	exact_ids	unresolved components: 享	⿰木敦
U+6A55	橕	exact_ids	unresolved components: 冋	⿰木牚
U+6A5E	橞	exact_ids	unresolved components: 𤰔	⿰木惠
U+6A5F	機	exact_ids	unresolved components: 戍	⿰木幾
U+6A60	橠	exact_ids	unresolved components: 袲	⿰木袲
U+6A63	橣	exact_ids	unresolved components: 甯	⿰木甯
U+6A66	橦	exact_ids	unresolved components: 里	⿰木童
U+6A67	橧	exact_ids	unresolved components: 曾	⿰木曾
U+6A6E	橮	exact_ids	unresolved components: 貿	⿰木貿
U+6A70	橰	exact_ids	unresolved components: 臯	⿰木臯
U+6A71	橱	exact_ids	unresolved components: 厨	⿰木厨
U+6A75	橵	exact_ids	unresolved components: 散	⿰木散
U+6A76	橶	exact_ids	unresolved components: 戟	⿰木戟
U+6A77	橷	exact_ids	unresolved components: 兠	⿰木兠
U+6A7A	橺	exact_ids	unresolved components: 間	⿰木間
U+6A7B	橻	missing	missing	
U+6A7F	橿	exact_ids	unresolved components: 三	⿰木畺
U+6A80	檀	exact_ids	unresolved components: 回	⿰木亶
U+6A81	檁	exact_ids	unresolved components: 回	⿰木稟
U+6A83	檃	missing	missing	
U+6A84	檄	exact_ids	unresolved components: 敫	⿰木敫
U+6A85	檅	exact_ids	unresolved components: 歲	⿰木歲
U+6A88	檈	exact_ids	unresolved components: 睘	⿰木睘
U+6A89	檉	exact_ids	unresolved components: 𦔻	⿰木聖
U+6A8A	檊	exact_ids	unresolved components: 幹	⿰木幹
U+6A8E	檎	exact_ids	unresolved components: 凶	⿰木禽
U+6A90	檐	exact_ids	unresolved components: 詹	⿰木詹
U+6A93	檓	exact_ids	unresolved components: 毀	⿰木毀
U+6A94	檔	exact_ids	unresolved components: 冋	⿰木當
U+6A97	檗	exact_ids	unresolved components: 𡰪	⿱辟木
U+6A98	檘	exact_ids	unresolved components: 𡰪	⿰木辟
U+6A9C	檜	exact_ids	unresolved components: 曾	⿰木會
U+6A9D	檝	exact_ids	unresolved components: 戈	⿰木戢
U+6A9E	檞	exact_ids	unresolved components: 解	⿰木解
U+6AA0	檠	exact_ids	unresolved components: 句	⿱敬木
U+6AA1	檡	exact_ids	unresolved components: 𢆉	⿰木睪
U+6AA2	檢	exact_ids	unresolved components: 僉	⿰木僉
U+6AA3	檣	exact_ids	unresolved components: 回	⿰木嗇
U+6AA5	檥	exact_ids	unresolved components: 義	⿰木義
U+6AA9	檩	exact_ids	unresolved components: 禀	⿰木禀
U+6AAA	檪	exact_ids	unresolved components: 楽	⿰木楽
U+6AAB	檫	exact_ids	unresolved components: 祭	⿰木察
U+6AAC	檬	exact_ids	unresolved components: 冃	⿰木蒙
U+6AAE	檮	exact_ids	unresolved components: 壽	⿰木壽
U+6AB1	檱	exact_ids	unresolved components: 亇	⿰木箕
U+6AB2	檲	exact_ids	unresolved components: 團	⿰木團
U+6AB3	檳	exact_ids	unresolved components: 賓	⿰木賓
U+6AB6	檶	exact_ids	unresolved components: 區	⿰木奩
U+6AB8	檸	exact_ids	unresolved components: 寍	⿰木寧
U+6AB9	檹	exact_ids	unresolved components: 旖	⿰木旖
U+6ABA	檺	exact_ids	unresolved components: 豪	⿰木豪
U+6ABB	檻	exact_ids	unresolved components: 監	⿰木監
U+6ABC	檼	missing	missing	
U+6ABF	檿	exact_ids	unresolved components: 冃	⿱厭木
U+6AC3	櫃	exact_ids	unresolved components: 匱	⿰木匱
U+6AC4	櫄	exact_ids	unresolved components: 熏	⿰木熏
U+6ACA	櫊	exact_ids	unresolved components: 閣	⿰木閣
U+6ACB	櫋	exact_ids	unresolved components: 臱	⿰木臱
U+6ACF	櫏	exact_ids	unresolved components: 遷	⿰木遷
U+6AD2	櫒	exact_ids	unresolved components: 祭	⿰木蔡
U+6AD7	櫗	exact_ids	unresolved components: 戌	⿰木蔑
U+6AD9	櫙	exact_ids	unresolved components: 區	⿰木蓲
U+6ADA	櫚	exact_ids	unresolved components: 閭	⿰木閭
U+6ADB	櫛	exact_ids	unresolved components: 亇	⿰木節
U+6ADF	櫟	exact_ids	unresolved components: 樂	⿰木樂
U+6AE0	櫠	exact_ids	unresolved components: 發	⿰木廢
U+6AE1	櫡	exact_ids	unresolved components: 亇	⿰木箸
U+6AE2	櫢	exact_ids	unresolved components: 婁	⿰木數
U+6AE3	櫣	missing	missing	
U+6AE4	櫤	exact_ids	unresolved components: 亇	⿰木箭
U+6AE6	櫦	exact_ids	unresolved components: 慶	⿰木慶
U+6AE8	櫨	exact_ids	unresolved components: 𧆨	⿰木盧
U+6AE9	櫩	exact_ids	unresolved components: 閻	⿰木閻
U+6AF0	櫰	exact_ids	unresolved components: 褱	⿰木褱
U+6AF1	櫱	exact_ids	unresolved components: 𡴎	⿱辥木
U+6AF4	櫴	exact_ids	unresolved components: 賴	⿰木賴
U+6AF6	櫶	exact_ids	unresolved components: 憲	⿰木憲
U+6AFA	櫺	exact_ids	unresolved components: 𠱠	⿰木霝
U+6AFC	櫼	exact_ids	unresolved components: 韱	⿰木韱
U+6AFD	櫽	exact_ids	unresolved components: 隱	⿱隱木
U+6AFE	櫾	exact_ids	unresolved components: 繇	⿰木繇
U+6AFF	櫿	exact_ids	unresolved components: 呂	⿰木營
U+6B00	欀	exact_ids	unresolved components: 襄	⿰木襄
U+6B03	欃	exact_ids	unresolved components: 毚	⿰木毚
U+6B04	欄	exact_ids	unresolved components: 闌	⿰木闌
U+6B09	欉	exact_ids	unresolved components: 叢	⿰木叢
U+6B0C	欌	exact_ids	unresolved components: 臧	⿰木藏
U+6B0D	欍	exact_ids	unresolved components: 舊	⿰木舊
U+6B10	欐	exact_ids	unresolved components: 丽	⿰木麗
U+6B13	欓	exact_ids	unresolved components: 冋	⿰木黨
U+6B15	欕	exact_ids	unresolved components: 𠪚	⿰木嚴
U+6B16	欖	exact_ids	unresolved components: 覽	⿰木覽
U+6B17	欗	exact_ids	unresolved components: 闌	⿰木蘭
U+6B18	欘	exact_ids	unresolved components: 屬	⿰木屬
U+6B1B	欛	exact_ids	unresolved components: 䩗	⿰木霸
U+6B1D	欝	missing	missing	
U+6B1E	欞	exact_ids	unresolved components: 𠱠	⿰木靈
U+6B26	欦	exact_ids	unresolved components: ㇇	⿰今欠
U+6B27	欧	exact_ids	unresolved components: 区	⿰区欠
U+6B28	欨	exact_ids	unresolved components: 句	⿰句欠
U+6B2B	欫	missing	missing	
U+6B2C	欬	exact_ids	unresolved components: 亥	⿰亥欠
U+6B2D	欭	exact_ids	unresolved components: 因	⿰因欠
U+6B30	欰	exact_ids	unresolved components: 血	⿰血欠
U+6B33	欳	missing	missing	
U+6B35	欵	missing	missing	
U+6B37	欷	exact_ids	unresolved components: 布	⿰希欠
U+6B3E	款	missing	missing	
U+6B3F	欿	exact_ids	unresolved components: ⺈	⿰臽欠
U+6B41	歁	exact_ids	unresolved components: 匹	⿰甚欠
U+6B47	歇	exact_ids	unresolved components: 匃	⿰曷欠
U+6B4A	歊	exact_ids	unresolved components: 高	⿰高欠
U+6B4B	歋	exact_ids	unresolved components: 虒	⿰虒欠
U+6B4E	歎	exact_ids	structural collision: 歏	⿰堇欠
U+6B4F	歏	exact_ids	structural collision: 歎	⿰堇欠
U+6B50	歐	exact_ids	unresolved components: 區	⿰區欠
U+6B52	歒	exact_ids	unresolved components: 啇	⿰啇欠
U+6B53	歓	missing	missing	
U+6B5A	歚	exact_ids	unresolved components: 善	⿰善欠
U+6B5B	歛	exact_ids	unresolved components: 僉	⿰僉欠
U+6B5C	歜	exact_ids	unresolved components: 𠣜	⿰蜀欠
U+6B5D	歝	exact_ids	unresolved components: 𢆉	⿰睪欠
U+6B60	歠	missing	missing	
U+6B66	武	missing	missing	
U+6B70	歰	missing	missing	
U+6B71	歱	exact_ids	unresolved components: 里	⿰止重
U+6B72	歲	missing	missing	
U+6B73	歳	missing	missing	
U+6B74	歴	missing	missing	
U+6B75	歵	exact_ids	unresolved components: 龶	⿰止責
U+6B78	歸	missing	missing	
U+6B7F	歿	missing	missing	
U+6B87	殇	missing	missing	
U+6B88	殈	exact_ids	unresolved components: 血	⿰歹血
U+6B89	殉	exact_ids	unresolved components: 旬	⿰歹旬
U+6B8B	残	exact_ids	unresolved components: 𢦑	⿰歹𢦑
U+6B8C	殌	exact_ids	unresolved components: 巠	⿰歹巠
U+6B93	殓	exact_ids	unresolved components: 佥	⿰歹佥
U+6B94	殔	exact_ids	unresolved components: 隶	⿰歹隶
U+6B97	殗	exact_ids	unresolved components: 电	⿰歹奄
U+6B98	殘	exact_ids	unresolved components: 戈	⿰歹戔
U+6B9A	殚	exact_ids	unresolved components: 单	⿰歹单
U+6B9B	殛	exact_ids	unresolved components: 亟	⿰歹亟
U+6B9F	殟	exact_ids	unresolved components: 囚	⿰歹𥁕
U+6BA4	殤	missing	missing	
U+6BA5	殥	exact_ids	unresolved components: 寅	⿰歹寅
U+6BA7	殧	exact_ids	unresolved components: 京	⿰歹就
U+6BA9	殩	exact_ids	unresolved components: 𣦼	⿰歹粲
U+6BAB	殫	exact_ids	unresolved components: 單	⿰歹單
U+6BAC	殬	exact_ids	unresolved components: 𢆉	⿰歹睪
U+6BAD	殭	exact_ids	unresolved components: 三	⿰歹畺
U+6BAE	殮	exact_ids	unresolved components: 僉	⿰歹僉
U+6BAF	殯	exact_ids	unresolved components: 賓	⿰歹賓
U+6BB1	殱	exact_ids	unresolved components: 韯	⿰歹韯
U+6BB2	殲	exact_ids	unresolved components: 韱	⿰歹韱
U+6BB4	殴	exact_ids	unresolved components: 区	⿰区殳
U+6BB5	段	missing	missing	
U+6BB9	殹	exact_ids	unresolved components: 医	⿰医殳
U+6BBB	殻	missing	missing	
U+6BBC	殼	missing	missing	
U+6BBF	殿	missing	missing	
U+6BC0	毀	missing	missing	
U+6BC1	毁	missing	missing	
U+6BC2	毂	missing	missing	
U+6BC3	毃	exact_ids	unresolved components: 高	⿰高殳
U+6BC6	毆	exact_ids	unresolved components: 區	⿰區殳
U+6BC8	毈	exact_ids	unresolved components: 段	⿰卵段
U+6BC9	毉	exact_ids	unresolved components: 医	⿱殹巫
U+6BCA	毊	exact_ids	unresolved components: 冋	⿱殸喬
U+6BCE	毎	missing	missing	
U+6BD2	毒	exact_ids	unresolved components: 龶	⿱龶毋
U+6BDA	毚	missing	missing	
U+6BE5	毥	exact_ids	unresolved components: 旬	⿰毛旬
U+6BE7	毧	exact_ids	unresolved components: 戈	⿰毛戎
U+6BEB	毫	missing	missing	
U+6BF1	毱	exact_ids	unresolved components: 匊	⿰毛匊
U+6BF5	毵	exact_ids	unresolved components: 参	⿰参毛
U+6BF6	毶	exact_ids	unresolved components: 参	⿰毛参
U+6BF7	毷	exact_ids	unresolved components: 冃	⿰冒毛
U+6BFB	毻	missing	missing	
U+6BFC	毼	exact_ids	unresolved components: 匃	⿰曷毛
U+6BFD	毽	exact_ids	unresolved components: 聿	⿰毛建
U+6BFE	毾	exact_ids	unresolved components: 冃	⿰𦐇毛
U+6BFF	毿	exact_ids	unresolved components: 參	⿰參毛
U+6C00	氀	exact_ids	unresolved components: 婁	⿰婁毛
U+6C02	氂	missing	missing	
U+6C03	氃	exact_ids	unresolved components: 里	⿰童毛
U+6C05	氅	exact_ids	unresolved components: 冋	⿱敞毛
U+6C08	氈	exact_ids	unresolved components: 回	⿰亶毛
U+6C0A	氊	exact_ids	unresolved components: 回	⿰毛亶
U+6C0B	氋	exact_ids	unresolved components: 冃	⿰蒙毛
U+6C0E	氎	exact_ids	unresolved components: 𤴁	⿰𤴁毛
U+6C18	氘	missing	missing	
U+6C20	氠	exact_ids	unresolved components: 申	⿱气申
U+6C24	氤	exact_ids	unresolved components: 因	⿱气因
U+6C26	氦	exact_ids	unresolved components: 亥	⿱气亥
U+6C2B	氫	exact_ids	unresolved components: 巠	⿱气巠
U+6C30	氰	exact_ids	unresolved components: 龶	⿱气青
U+6C33	氳	exact_ids	unresolved components: 囚	⿱气𥁕
U+6C38	永	missing	missing	
U+6C4B	汋	exact_ids	unresolved components: 勺	⿰氵勺
U+6C4E	汎	exact_ids	unresolved components: 凡	⿰氵凡
U+6C54	汔	exact_ids	unresolved components: 乞	⿰氵乞
U+6C64	汤	exact_ids	unresolved components: 𠃓	⿰氵𠃓
U+6C6E	汮	exact_ids	unresolved components: 匀	⿰氵匀
U+6C6F	汯	exact_ids	unresolved components: 厷	⿰氵厷
U+6C70	汰	exact_ids	structural collision: 汱	⿰氵太
U+6C71	汱	exact_ids	structural collision: 汰	⿰氵犬
U+6C72	汲	exact_ids	unresolved components: ㇏	⿰氵及
U+6C73	汳	exact_ids	unresolved components: 反	⿰氵反
U+6C75	汵	exact_ids	unresolved components: ㇇	⿰氵今
U+6C79	汹	exact_ids	unresolved components: 凶	⿰氵凶
U+6C9F	沟	exact_ids	unresolved components: 勾	⿰氵勾
U+6CA2	沢	exact_ids	unresolved components: ㇏	⿰氵尺
U+6CA4	沤	exact_ids	unresolved components: 区	⿰氵区
U+6CA8	沨	exact_ids	unresolved components: 风	⿰氵风
U+6CAB	沫	exact_ids	structural collision: 沬,泍	⿰氵末
U+6CAC	沬	exact_ids	structural collision: 沫,泍	⿰氵未
U+6CAD	沭	exact_ids	unresolved components: 朮	⿰氵朮
U+6CB5	沵	exact_ids	unresolved components: ⺈	⿰氵尔
U+6CB7	沷	exact_ids	unresolved components: 犮	⿰氵犮
U+6CB9	油	exact_ids	unresolved components: 由	⿰氵由
U+6CC0	泀	exact_ids	unresolved components: 司	⿰氵司
U+6CC2	泂	exact_ids	unresolved components: 冋	⿰氵冋
U+6CC3	泃	exact_ids	unresolved components: 句	⿰氵句
U+6CC5	泅	exact_ids	unresolved components: 囚	⿰氵囚
U+6CCD	泍	exact_ids	structural collision: 沫,沬	⿰氵本
U+6CD6	泖	exact_ids	unresolved components: 卯	⿰氵卯
U+6CD7	泗	exact_ids	unresolved components: 四	⿰氵四
U+6CE1	泡	exact_ids	unresolved components: 包	⿰氵包
U+6CE7	泧	exact_ids	unresolved components: 戈	⿰氵戉
U+6CF3	泳	exact_ids	unresolved components: 永	⿰氵永
U+6D04	洄	exact_ids	unresolved components: 回	⿰氵回
U+6D07	洇	exact_ids	unresolved components: 因	⿰氵因
U+6D08	洈	exact_ids	unresolved components: ⺈	⿰氵危
U+6D09	洉	exact_ids	unresolved components: 后	⿰氵后
U+6D0A	洊	exact_ids	unresolved components: 存	⿰氵存
U+6D0D	洍	exact_ids	unresolved components: 𦣞	⿰氵𦣞
U+6D1E	洞	exact_ids	unresolved components: 同	⿰氵同
U+6D21	洡	exact_ids	unresolved components: 耒	⿰氵耒
U+6D22	洢	exact_ids	unresolved components: 尹	⿰氵伊
U+6D25	津	exact_ids	unresolved components: 聿	⿰氵聿
U+6D2B	洫	exact_ids	unresolved components: 血	⿰氵血
U+6D2C	洬	exact_ids	unresolved components: 夙	⿰氵夙
U+6D2D	洭	exact_ids	unresolved components: 匡	⿰氵匡
U+6D35	洵	exact_ids	unresolved components: 旬	⿰氵旬
U+6D36	洶	exact_ids	unresolved components: 匈	⿰氵匈
U+6D38	洸	exact_ids	unresolved components: ⺌	⿰氵光
U+6D39	洹	exact_ids	unresolved components: 亘	⿰氵亘
U+6D3E	派	missing	missing	
U+6D44	浄	exact_ids	unresolved components: 争	⿰氵争
U+6D45	浅	exact_ids	unresolved components: 𢦑	⿰氵𢦑
U+6D46	浆	missing	missing	
U+6D47	浇	exact_ids	unresolved components: 尧	⿰氵尧
U+6D4C	浌	exact_ids	unresolved components: 戈	⿰氵伐
U+6D55	浕	exact_ids	unresolved components: ㇏	⿰氵尽
U+6D5B	浛	exact_ids	unresolved components: ㇇	⿰氵含
U+6D5F	浟	exact_ids	unresolved components: 攸	⿰氵攸
U+6D60	浠	exact_ids	unresolved components: 布	⿰氵希
U+6D64	浤	exact_ids	unresolved components: 厷	⿰氵宏
U+6D6B	浫	exact_ids	unresolved components: ⺳	⿰氵罕
U+6D6C	浬	exact_ids	unresolved components: 里	⿰氵里
U+6D83	涃	exact_ids	unresolved components: 困	⿰氵困
U+6D84	涄	exact_ids	unresolved components: 由	⿰氵甹
U+6D87	涇	exact_ids	unresolved components: 巠	⿰氵巠
U+6D89	涉	exact_ids	structural collision: 渉	⿰氵步
U+6D90	涐	exact_ids	unresolved components: 戈	⿰氵我
U+6D92	涒	exact_ids	unresolved components: 尹	⿰氵君
U+6D94	涔	exact_ids	unresolved components: ㇇	⿰氵岑
U+6D97	涗	exact_ids	structural collision: 涚	⿰氵兌
U+6D9A	涚	exact_ids	structural collision: 涗	⿰氵兌
U+6D9E	涞	exact_ids	unresolved components: 来	⿰氵来
U+6DA0	涠	exact_ids	unresolved components: 围	⿰氵围
U+6DA1	涡	exact_ids	structural collision: 涢	⿰氵呙
U+6DA2	涢	exact_ids	structural collision: 涡	⿰氵员
U+6DA3	涣	exact_ids	unresolved components: ⺈	⿰氵奂
U+6DA5	涥	exact_ids	unresolved components: 亨	⿰氵亨
U+6DA6	润	exact_ids	unresolved components: 闰	⿰氵闰
U+6DA7	涧	exact_ids	unresolved components: 间	⿰氵间
U+6DA9	涩	missing	missing	
U+6DAC	涬	exact_ids	unresolved components: 𢆉	⿰氵幸
U+6DAE	涮	exact_ids	unresolved components: 刷	⿰氵刷
U+6DB2	液	exact_ids	unresolved components: 夜	⿰氵夜
U+6DB8	涸	exact_ids	unresolved components: 固	⿰氵固
U+6DBC	涼	exact_ids	unresolved components: 京	⿰氵京
U+6DBF	涿	exact_ids	unresolved components: 豖	⿰氵豖
U+6DC0	淀	exact_ids	unresolved components: 𤴓	⿰氵定
U+6DC4	淄	exact_ids	structural collision: 湽	⿰氵甾
U+6DCA	淊	exact_ids	unresolved components: ⺈	⿰氵臽
U+6DCC	淌	exact_ids	unresolved components: 冋	⿰氵尚
U+6DCD	淍	exact_ids	unresolved components: 周	⿰氵周
U+6DD2	淒	exact_ids	unresolved components: 妻	⿰氵妻
U+6DD7	淗	exact_ids	unresolved components: 匊	⿰氵匊
U+6DD8	淘	exact_ids	unresolved components: 匋	⿰氵匋
U+6DDB	淛	exact_ids	unresolved components: 制	⿰氵制
U+6DE2	淢	exact_ids	unresolved components: 或	⿰氵或
U+6DEA	淪	exact_ids	unresolved components: 𠕁	⿰氵侖
U+6DEC	淬	exact_ids	unresolved components: 卒	⿰氵卒
U+6DEF	淯	exact_ids	unresolved components: 育	⿰氵育
U+6DF0	淰	exact_ids	unresolved components: ㇇	⿰氵念
U+6DF1	深	exact_ids	unresolved components: ⺳	⿰氵罙
U+6DF3	淳	exact_ids	unresolved components: 享	⿰氵享
U+6DF8	淸	exact_ids	unresolved components: 円,龶	⿰氵靑
U+6DF9	淹	exact_ids	unresolved components: 电	⿰氵奄
U+6DFA	淺	exact_ids	unresolved components: 戈	⿰氵戔
U+6DFB	添	exact_ids	unresolved components: 㣺	⿰氵忝
U+6E01	渁	missing	missing	
U+6E05	清	exact_ids	unresolved components: 龶	⿰氵青
U+6E07	渇	missing	missing	
U+6E08	済	exact_ids	unresolved components: 斉	⿰氵斉
U+6E09	渉	exact_ids	structural collision: 涉	⿰氵步
U+6E0A	渊	missing	missing	
U+6E0B	渋	missing	missing	
U+6E0D	渍	exact_ids	unresolved components: 龶	⿰氵责
U+6E11	渑	exact_ids	unresolved components: 电	⿰氵黾
U+6E13	渓	missing	missing	
U+6E16	渖	exact_ids	unresolved components: 申	⿰氵审
U+6E17	渗	exact_ids	unresolved components: 参	⿰氵参
U+6E19	渙	exact_ids	unresolved components: 奐	⿰氵奐
U+6E1B	減	exact_ids	unresolved components: 咸	⿰氵咸
U+6E1D	渝	exact_ids	unresolved components: 兪	⿰氵兪
U+6E1F	渟	exact_ids	unresolved components: 亭	⿰氵亭
U+6E21	渡	exact_ids	unresolved components: 度	⿰氵度
U+6E2A	渪	exact_ids	unresolved components: 禹	⿰氵禹
U+6E32	渲	exact_ids	unresolved components: 亘	⿰氵宣
U+6E34	渴	exact_ids	unresolved components: 匃	⿰氵曷
U+6E39	渹	exact_ids	unresolved components: 訇	⿰氵訇
U+6E3C	渼	exact_ids	unresolved components: 美	⿰氵美
U+6E3D	渽	exact_ids	unresolved components: 哉	⿰氵哉
U+6E43	湃	exact_ids	unresolved components: 拜	⿰氵拜
U+6E55	湕	exact_ids	unresolved components: 聿	⿰氵建
U+6E5A	湚	exact_ids	unresolved components: 胤	⿰氵胤
U+6E5B	湛	exact_ids	unresolved components: 匹	⿰氵甚
U+6E5C	湜	exact_ids	unresolved components: 𤴓	⿰氵是
U+6E62	湢	exact_ids	unresolved components: 畐	⿰氵畐
U+6E69	湩	exact_ids	unresolved components: 里	⿰氵重
U+6E6D	湭	exact_ids	unresolved components: 酉	⿰氵酋
U+6E70	湰	missing	missing	
U+6E73	湳	exact_ids	unresolved components: 南	⿰氵南
U+6E78	湸	exact_ids	unresolved components: 亮	⿰氵亮
U+6E79	湹	exact_ids	unresolved components: 里	⿰氵厘
U+6E7B	湻	exact_ids	unresolved components: 亯	⿰氵亯
U+6E7C	湼	missing	missing	
U+6E7D	湽	exact_ids	structural collision: 淄	⿰氵甾
U+6E80	満	missing	missing	
U+6E84	溄	missing	missing	
U+6E85	溅	exact_ids	unresolved components: 戈	⿰氵贱
U+6E8C	溌	exact_ids	unresolved components: 発	⿰氵発
U+6E8D	溍	exact_ids	unresolved components: 晉	⿰氵晉
U+6E8F	溏	exact_ids	unresolved components: 唐	⿰氵唐
U+6E92	溒	exact_ids	unresolved components: 袁	⿰氵袁
U+6E94	溔	exact_ids	unresolved components: 羔	⿰氵羔
U+6E95	溕	exact_ids	unresolved components: 冃	⿰氵冡
U+6E97	溗	exact_ids	unresolved components: 北	⿰氵乘
U+6E9C	溜	exact_ids	unresolved components: 留	⿰氵留
U+6EA2	溢	exact_ids	unresolved components: 益	⿰氵益
U+6EA3	溣	exact_ids	unresolved components: 𠕁	⿰氵倫
U+6EA8	溨	exact_ids	unresolved components: 栽	⿰氵栽
U+6EAB	溫	exact_ids	unresolved components: 囚	⿰氵𥁕
U+6EAD	溭	exact_ids	unresolved components: 畟	⿰氵畟
U+6EAE	溮	exact_ids	unresolved components: 師	⿰氵師
U+6EB2	溲	exact_ids	unresolved components: 𦥔	⿰氵叟
U+6EB7	溷	exact_ids	unresolved components: 圂	⿰氵圂
U+6EB8	溸	exact_ids	unresolved components: 龶	⿰氵素
U+6EBB	溻	exact_ids	unresolved components: 冃	⿰氵𦐇
U+6EBC	溼	exact_ids	unresolved components: 𡌥	⿰氵𡌥
U+6EC4	滄	exact_ids	unresolved components: 倉	⿰氵倉
U+6EC5	滅	exact_ids	unresolved components: 烕	⿰氵烕
U+6EC8	滈	exact_ids	unresolved components: 高	⿰氵高
U+6EC9	滉	exact_ids	unresolved components: ⺌	⿰氵晃
U+6ECC	滌	exact_ids	unresolved components: 條	⿰氵條
U+6ECD	滍	exact_ids	unresolved components: 蚩	⿰氵蚩
U+6ECF	滏	exact_ids	unresolved components: 釜	⿰氵釜
U+6ED5	滕	exact_ids	unresolved components: 𣳾	⿰月𣳾
U+6ED6	滖	exact_ids	unresolved components: 衰	⿰氵衰
U+6ED7	滗	exact_ids	unresolved components: 亇	⿰氵笔
U+6ED8	滘	missing	missing	
U+6ED9	滙	exact_ids	unresolved components: 龨	⿰氵龨
U+6EDA	滚	exact_ids	unresolved components: 衮	⿰氵衮
U+6EDD	滝	exact_ids	unresolved components: 电	⿰氵竜
U+6EDF	滟	exact_ids	unresolved components: ⺈	⿰氵艳
U+6EE1	满	missing	missing	
U+6EE5	滥	exact_ids	unresolved components: 监	⿰氵监
U+6EEB	滫	exact_ids	unresolved components: 脩	⿰氵脩
U+6EF1	滱	exact_ids	unresolved components: 寇	⿰氵寇
U+6EF2	滲	exact_ids	unresolved components: 參	⿰氵參
U+6EF4	滴	exact_ids	unresolved components: 啇	⿰氵啇
U+6EF6	滶	exact_ids	unresolved components: 敖	⿰氵敖
U+6EFA	滺	exact_ids	unresolved components: 攸	⿰氵悠
U+6EFC	滼	exact_ids	unresolved components: 凡	⿰氵梵
U+6EFD	滽	exact_ids	unresolved components: 庸	⿰氵庸
U+6EFE	滾	exact_ids	unresolved components: 袞	⿰氵袞
U+6F08	漈	exact_ids	unresolved components: 祭	⿰氵祭
U+6F0A	漊	exact_ids	unresolved components: 婁	⿰氵婁
U+6F0B	漋	exact_ids	unresolved components: 隆	⿰氵隆
U+6F0D	漍	exact_ids	unresolved components: 國	⿰氵國
U+6F0E	漎	exact_ids	unresolved components: 從	⿰氵從
U+6F10	漐	exact_ids	unresolved components: 𢆉	⿱執水
U+6F13	漓	exact_ids	unresolved components: 凶	⿰氵离
U+6F14	演	exact_ids	unresolved components: 寅	⿰氵寅
U+6F15	漕	exact_ids	unresolved components: 曹	⿰氵曹
U+6F17	漗	exact_ids	unresolved components: 囱	⿰氵悤
U+6F19	漙	exact_ids	unresolved components: 𤰔	⿰氵專
U+6F1A	漚	exact_ids	unresolved components: 區	⿰氵區
U+6F1B	漛	exact_ids	unresolved components: 𣳾	⿰氵𣳾
U+6F1F	漟	exact_ids	unresolved components: 冋	⿰氵堂
U+6F21	漡	missing	missing	
U+6F22	漢	exact_ids	unresolved components: 𦰩	⿰氵𦰩
U+6F25	漥	exact_ids	structural collision: 潌	⿰氵窒
U+6F26	漦	missing	missing	
U+6F27	漧	exact_ids	unresolved components: 乞	⿰氵乾
U+6F29	漩	exact_ids	unresolved components: 旋	⿰氵旋
U+6F2B	漫	exact_ids	unresolved components: 曼	⿰氵曼
U+6F2C	漬	exact_ids	unresolved components: 龶	⿰氵責
U+6F2D	漭	exact_ids	unresolved components: 莽	⿰氵莽
U+6F2E	漮	exact_ids	unresolved components: 隶	⿰氵康
U+6F37	漷	exact_ids	unresolved components: 享	⿰氵郭
U+6F3A	漺	exact_ids	unresolved components: 㸚	⿰氵爽
U+6F3D	漽	exact_ids	unresolved components: 犀	⿰氵犀
U+6F3E	漾	exact_ids	unresolved components: 羕	⿰氵羕
U+6F3F	漿	exact_ids	unresolved components: 將	⿱將水
U+6F40	潀	exact_ids	unresolved components: 眾	⿰氵眾
U+6F41	潁	missing	missing	
U+6F42	潂	missing	missing	
U+6F43	潃	exact_ids	unresolved components: 脩	⿰氵脩
U+6F45	潅	missing	missing	
U+6F47	潇	exact_ids	unresolved components: 肃	⿰氵萧
U+6F48	潈	missing	missing	
U+6F4B	潋	exact_ids	unresolved components: 佥	⿰氵敛
U+6F4C	潌	exact_ids	structural collision: 漥	⿰氵窒
U+6F4E	潎	exact_ids	unresolved components: 㡀	⿰氵敝
U+6F51	潑	exact_ids	unresolved components: 發	⿰氵發
U+6F53	潓	exact_ids	unresolved components: 𤰔	⿰氵惠
U+6F59	潙	exact_ids	unresolved components: 爲	⿰氵爲
U+6F5F	潟	exact_ids	unresolved components: 灳	⿰氵舄
U+6F61	潡	exact_ids	unresolved components: 享	⿰氵敦
U+6F63	潣	exact_ids	unresolved components: 閔	⿰氵閔
U+6F64	潤	exact_ids	unresolved components: 閏	⿰氵閏
U+6F66	潦	exact_ids	unresolved components: 昚	⿰氵尞
U+6F67	潧	exact_ids	unresolved components: 曾	⿰氵曾
U+6F68	潨	exact_ids	unresolved components: 血	⿰氵衆
U+6F6C	潬	exact_ids	unresolved components: 單	⿰氵單
U+6F6E	潮	exact_ids	unresolved components: 朝	⿰氵朝
U+6F6F	潯	exact_ids	unresolved components: 尋	⿰氵尋
U+6F75	潵	exact_ids	unresolved components: 散	⿰氵散
U+6F77	潷	exact_ids	unresolved components: 亇,聿	⿰氵筆
U+6F78	潸	missing	missing	
U+6F7C	潼	exact_ids	unresolved components: 里	⿰氵童
U+6F7F	潿	exact_ids	unresolved components: 圍	⿰氵圍
U+6F80	澀	exact_ids	unresolved components: 歰	⿰氵歰
U+6F82	澂	missing	missing	
U+6F85	澅	exact_ids	unresolved components: 畫	⿰氵畫
U+6F88	澈	missing	missing	
U+6F89	澉	exact_ids	unresolved components: 敢	⿰氵敢
U+6F8A	澊	exact_ids	unresolved components: 酉	⿰氵尊
U+6F8B	澋	exact_ids	unresolved components: 京	⿰氵景
U+6F93	澓	exact_ids	unresolved components: 复	⿰氵復
U+6F96	澖	exact_ids	unresolved components: 閑	⿰氵閑
U+6F97	澗	exact_ids	unresolved components: 間	⿰氵間
U+6F99	澙	exact_ids	unresolved components: 灳	⿰氵舄
U+6F9A	澚	missing	missing	
U+6F9C	澜	exact_ids	unresolved components: 阑	⿰氵阑
U+6F9D	澝	exact_ids	unresolved components: 甯	⿰氵甯
U+6F9F	澟	exact_ids	unresolved components: 回	⿰氵稟
U+6FA2	澢	exact_ids	unresolved components: 冋	⿰氵當
U+6FA3	澣	exact_ids	unresolved components: 幹	⿰氵幹
U+6FA4	澤	exact_ids	unresolved components: 𢆉	⿰氵睪
U+6FA5	澥	exact_ids	unresolved components: 解	⿰氵解
U+6FA8	澨	exact_ids	unresolved components: 亇	⿰氵筮
U+6FA9	澩	missing	missing	
U+6FAD	澭	exact_ids	unresolved components: 雍	⿰氵雍
U+6FAE	澮	exact_ids	unresolved components: 曾	⿰氵會
U+6FAF	澯	exact_ids	unresolved components: 𣦼	⿰氵粲
U+6FB0	澰	exact_ids	unresolved components: 僉	⿰氵僉
U+6FB1	澱	exact_ids	unresolved components: 殿	⿰氵殿
U+6FB4	澴	exact_ids	unresolved components: 睘	⿰氵睘
U+6FB6	澶	exact_ids	unresolved components: 回	⿰氵亶
U+6FB7	澷	exact_ids	unresolved components: 冃	⿰氵㬅
U+6FB8	澸	exact_ids	unresolved components: 咸	⿰氵感
U+6FB9	澹	exact_ids	unresolved components: 詹	⿰氵詹
U+6FBC	澼	exact_ids	unresolved components: 𡰪	⿰氵辟
U+6FC0	激	exact_ids	unresolved components: 敫	⿰氵敫
U+6FC1	濁	exact_ids	unresolved components: 𠣜	⿰氵蜀
U+6FC5	濅	missing	missing	
U+6FC7	濇	exact_ids	unresolved components: 回	⿰氵嗇
U+6FC8	濈	exact_ids	unresolved components: 戈	⿰氵戢
U+6FCA	濊	exact_ids	unresolved components: 歲	⿰氵歲
U+6FCC	濌	exact_ids	unresolved components: 里	⿰重沓
U+6FD1	濑	exact_ids	unresolved components: ⺈	⿰氵赖
U+6FD3	濓	exact_ids	unresolved components: 亷	⿰氵亷
U+6FD8	濘	exact_ids	unresolved components: 寜	⿰氵寜
U+6FDB	濛	exact_ids	unresolved components: 冃	⿰氵蒙
U+6FDC	濜	exact_ids	unresolved components: 盡	⿰氵盡
U+6FE0	濠	exact_ids	unresolved components: 豪	⿰氵豪
U+6FE2	濢	exact_ids	unresolved components: 卒	⿰氵翠
U+6FE3	濣	exact_ids	unresolved components: 斡	⿰氵斡
U+6FE4	濤	exact_ids	unresolved components: 壽	⿰氵壽
U+6FE5	濥	exact_ids	unresolved components: 寅	⿰氵夤
U+6FE6	濦	missing	missing	
U+6FE7	濧	exact_ids	unresolved components: 𢆉	⿰氵對
U+6FEA	濪	exact_ids	unresolved components: ⺈,龶	⿰氵靘
U+6FEB	濫	exact_ids	unresolved components: 監	⿰氵監
U+6FEC	濬	exact_ids	unresolved components: 眘	⿰氵睿
U+6FF1	濱	exact_ids	unresolved components: 賓	⿰氵賓
U+6FF2	濲	exact_ids	unresolved components: 榖	⿰氵榖
U+6FF5	濵	missing	missing	
U+6FF6	濶	exact_ids	unresolved components: 䦚	⿰氵䦚
U+6FF8	濸	exact_ids	unresolved components: 倉	⿰氵蒼
U+6FFA	濺	exact_ids	unresolved components: 戈	⿰氵賤
U+6FFC	濼	exact_ids	unresolved components: 樂	⿰氵樂
U+7004	瀄	exact_ids	unresolved components: 亇	⿰氵節
U+7009	瀉	exact_ids	unresolved components: 灳	⿰氵寫
U+700D	瀍	exact_ids	unresolved components: 里,𡉀	⿰氵廛
U+700E	瀎	exact_ids	unresolved components: 戌	⿰氵蔑
U+700F	瀏	exact_ids	unresolved components: 𨥫	⿰氵劉
U+7010	瀐	exact_ids	unresolved components: 韯	⿰氵韯
U+7012	瀒	exact_ids	unresolved components: 𠾂	⿰氵𠾂
U+7013	瀓	exact_ids	unresolved components: 徵	⿰氵徵
U+7014	瀔	exact_ids	unresolved components: 穀	⿰氵穀
U+7017	瀗	exact_ids	unresolved components: 憲	⿰氵憲
U+7018	瀘	exact_ids	unresolved components: 𧆨	⿰氵盧
U+701A	瀚	exact_ids	unresolved components: 翰	⿰氵翰
U+701B	瀛	exact_ids	unresolved components: 嬴	⿰氵嬴
U+701E	瀞	exact_ids	unresolved components: 争,龶	⿰氵静
U+7023	瀣	exact_ids	unresolved components: 𣦼	⿰氵餐
U+7024	瀤	exact_ids	unresolved components: 褱	⿰氵褱
U+7025	瀥	exact_ids	unresolved components: 高	⿰氵翯
U+7028	瀨	exact_ids	unresolved components: 賴	⿰氵賴
U+702B	瀫	exact_ids	unresolved components: 縠	⿰氵縠
U+702F	瀯	exact_ids	unresolved components: 呂	⿰氵營
U+7031	瀱	exact_ids	unresolved components: 罽	⿰氵罽
U+7032	瀲	exact_ids	unresolved components: 僉	⿰氵斂
U+7036	瀶	exact_ids	unresolved components: 臨	⿰氵臨
U+7038	瀸	exact_ids	unresolved components: 韱	⿰氵韱
U+703A	瀺	exact_ids	unresolved components: 毚	⿰氵毚
U+703B	瀻	exact_ids	unresolved components: 戴	⿰氵戴
U+703C	瀼	exact_ids	unresolved components: 襄	⿰氵襄
U+703D	瀽	exact_ids	unresolved components: 蹇	⿰氵蹇
U+703E	瀾	exact_ids	unresolved components: 闌	⿰氵闌
U+7041	灁	exact_ids	unresolved components: 闎	⿰氵闎
U+7042	灂	exact_ids	unresolved components: 爵	⿰氵爵
U+7043	灃	exact_ids	unresolved components: 𠁳	⿰氵豐
U+7046	灆	exact_ids	unresolved components: 監	⿰氵藍
U+7047	灇	exact_ids	unresolved components: 叢	⿰氵叢
U+704B	灋	missing	missing	
U+704D	灍	exact_ids	unresolved components: 闕	⿰氵闕
U+704F	灏	exact_ids	unresolved components: 京	⿰氵颢
U+7051	灑	exact_ids	unresolved components: 丽	⿰氵麗
U+7054	灔	exact_ids	unresolved components: ⺈	⿰氵艶
U+7055	灕	exact_ids	unresolved components: 凶	⿰氵離
U+7057	灗	exact_ids	unresolved components: 回	⿰氵蟺
U+7059	灙	exact_ids	unresolved components: 冋	⿰氵黨
U+705A	灚	exact_ids	unresolved components: 覺	⿰氵覺
U+705B	灛	exact_ids	unresolved components: 闡	⿰氵闡
U+705C	灜	exact_ids	unresolved components: 贏	⿰氵贏
U+705D	灝	exact_ids	unresolved components: 京	⿰氵顥
U+705E	灞	exact_ids	unresolved components: 䩗	⿰氵霸
U+705F	灟	exact_ids	unresolved components: 屬	⿰氵屬
U+7060	灠	exact_ids	unresolved components: 覽	⿰氵覽
U+7061	灡	exact_ids	unresolved components: 闌	⿰氵蘭
U+7067	灧	exact_ids	unresolved components: ⺈,𠁳	⿰灃色
U+7068	灨	exact_ids	unresolved components: 贛	⿰氵贛
U+7069	灩	exact_ids	unresolved components: 𠁳	⿰氵豔
U+706A	灪	exact_ids	unresolved components: 鬱	⿰氵鬱
U+7073	灳	missing	missing	
U+707C	灼	exact_ids	unresolved components: 勺	⿰火勺
U+7080	炀	exact_ids	unresolved components: 𠃓	⿰火𠃓
U+708C	炌	exact_ids	unresolved components: 介	⿰火介
U+708D	炍	exact_ids	unresolved components: 反	⿰火反
U+70A0	炠	exact_ids	unresolved components: 甲	⿰火甲
U+70A6	炦	exact_ids	unresolved components: 犮	⿰火犮
U+70AE	炮	exact_ids	unresolved components: 包	⿰火包
U+70AF	炯	exact_ids	unresolved components: 冋	⿰火冋
U+70B0	炰	exact_ids	unresolved components: 包	⿱包灬
U+70BC	炼	exact_ids	unresolved components: 𫠣	⿰火𫠣
U+70BF	炿	missing	missing	
U+70C2	烂	exact_ids	unresolved components: 三	⿰火兰
U+70C5	烅	exact_ids	unresolved components: 血	⿰火血
U+70C9	烉	missing	missing	
U+70D4	烔	exact_ids	unresolved components: 同	⿰火同
U+70D5	烕	missing	missing	
U+70D6	烖	missing	missing	
U+70D7	烗	exact_ids	unresolved components: 亥	⿰火亥
U+70DC	烜	exact_ids	unresolved components: 亘	⿰火亘
U+70DF	烟	exact_ids	unresolved components: 因	⿰火因
U+70E7	烧	exact_ids	unresolved components: 尧	⿰火尧
U+70EB	烫	exact_ids	unresolved components: 𠃓	⿱汤火
U+70EC	烬	exact_ids	unresolved components: ㇏	⿰火尽
U+70EF	烯	exact_ids	unresolved components: 布	⿰火希
U+70F4	烴	exact_ids	unresolved components: 巠	⿰火巠
U+70F5	烵	exact_ids	unresolved components: 勺	⿰火芍
U+70F9	烹	exact_ids	unresolved components: 亨	⿱亨灬
U+7102	焂	exact_ids	unresolved components: 攸	⿱攸火
U+7104	焄	exact_ids	unresolved components: 尹	⿱君灬
U+7108	焈	missing	missing	
U+710F	焏	missing	missing	
U+7111	焑	exact_ids	unresolved components: 困	⿰火困
U+7113	焓	exact_ids	unresolved components: ㇇	⿰火含
U+7114	焔	missing	missing	
U+7115	焕	exact_ids	unresolved components: ⺈	⿰火奂
U+7116	焖	exact_ids	unresolved components: 闷	⿰火闷
U+7117	焗	exact_ids	unresolved components: 局	⿰火局
U+711B	焛	missing	missing	
U+711E	焞	exact_ids	unresolved components: 享	⿰火享
U+711F	焟	exact_ids	unresolved components: 龷	⿰火昔
U+7120	焠	exact_ids	unresolved components: 卒	⿰火卒
U+7128	焨	exact_ids	unresolved components: 冃	⿰火冐
U+7130	焰	exact_ids	unresolved components: ⺈	⿰火臽
U+7132	焲	exact_ids	unresolved components: 夜	⿰火夜
U+7134	焴	exact_ids	unresolved components: 育	⿰火育
U+7135	焵	exact_ids	unresolved components: 岡	⿰火岡
U+7139	焹	exact_ids	unresolved components: 罔	⿰火罔
U+713E	焾	exact_ids	unresolved components: ㇇	⿰火念
U+713F	焿	exact_ids	unresolved components: 庚	⿰火庚
U+7141	煁	exact_ids	unresolved components: 匹	⿰火甚
U+7144	煄	exact_ids	unresolved components: 里	⿰火重
U+7145	煅	exact_ids	unresolved components: 段	⿰火段
U+714A	煊	exact_ids	unresolved components: 亘	⿰火宣
U+714F	煏	exact_ids	unresolved components: 畐	⿰火畐
U+7155	煕	missing	missing	
U+7158	煘	exact_ids	unresolved components: 咸	⿰火咸
U+715E	煞	missing	missing	
U+7161	煡	exact_ids	unresolved components: 聿	⿰火建
U+7165	煥	exact_ids	unresolved components: 奐	⿰火奐
U+7166	煦	exact_ids	unresolved components: 句	⿱昫灬
U+716A	煪	exact_ids	unresolved components: 酉	⿰火酋
U+716D	煭	missing	missing	
U+7175	煵	exact_ids	unresolved components: 南	⿰火南
U+7176	煶	exact_ids	unresolved components: 𤴓	⿰火是
U+7177	煷	exact_ids	unresolved components: 亮	⿰火亮
U+7178	煸	exact_ids	unresolved components: 𠕁	⿰火扁
U+717B	煻	exact_ids	unresolved components: 唐	⿰火唐
U+717C	煼	exact_ids	unresolved components: 芻	⿰火芻
U+717E	煾	exact_ids	unresolved components: 因	⿰火恩
U+7180	熀	exact_ids	unresolved components: ⺌	⿰火晃
U+7185	熅	exact_ids	unresolved components: 囚	⿰火𥁕
U+7187	熇	exact_ids	unresolved components: 高	⿰火高
U+7188	熈	missing	missing	
U+718A	熊	exact_ids	unresolved components: 能	⿱能灬
U+718B	熋	exact_ids	unresolved components: 能	⿱能火
U+718C	熌	exact_ids	unresolved components: 閃	⿰火閃
U+718F	熏	missing	missing	
U+7197	熗	exact_ids	unresolved components: 倉	⿰火倉
U+7198	熘	exact_ids	unresolved components: 留	⿰火留
U+7199	熙	exact_ids	unresolved components: 𦣞	⿱巸灬
U+719C	熜	exact_ids	unresolved components: 囱	⿰火悤
U+719F	熟	exact_ids	unresolved components: 享	⿱孰灬
U+71A1	熡	exact_ids	unresolved components: 婁	⿰火婁
U+71A7	熧	exact_ids	unresolved components: 從	⿱從火
U+71A8	熨	exact_ids	unresolved components: 尉	⿱尉火
U+71AC	熬	exact_ids	unresolved components: 敖	⿱敖灬
U+71AF	熯	exact_ids	unresolved components: 𦰩	⿰火𦰩
U+71B0	熰	exact_ids	unresolved components: 區	⿰火區
U+71B2	熲	missing	missing	
U+71B3	熳	exact_ids	unresolved components: 曼	⿰火曼
U+71B7	熷	exact_ids	unresolved components: 曾	⿰火曾
U+71BE	熾	exact_ids	unresolved components: 戈	⿰火戠
U+71C0	燀	exact_ids	unresolved components: 單	⿰火單
U+71C4	燄	exact_ids	unresolved components: ⺈	⿰臽炎
U+71C6	燆	exact_ids	unresolved components: 冋	⿰火喬
U+71C7	燇	exact_ids	unresolved components: 酉	⿰火尊
U+71C9	燉	exact_ids	unresolved components: 享	⿰火敦
U+71CE	燎	exact_ids	unresolved components: 昚	⿰火尞
U+71D1	燑	exact_ids	unresolved components: 里	⿰火童
U+71D5	燕	missing	missing	
U+71D6	燖	exact_ids	unresolved components: 尋	⿰火尋
U+71D7	燗	exact_ids	unresolved components: 閒	⿰火閒
U+71D8	燘	exact_ids	unresolved components: 閔	⿰火閔
U+71DC	燜	exact_ids	unresolved components: 悶	⿰火悶
U+71DD	燝	exact_ids	unresolved components: 京	⿰火景
U+71DE	燞	missing	missing	
U+71DF	營	exact_ids	unresolved components: 呂	⿳炏冖呂
U+71E1	燡	exact_ids	unresolved components: 𢆉	⿰火睪
U+71E2	燢	missing	missing	
U+71E3	燣	exact_ids	unresolved components: 回	⿰火稟
U+71E6	燦	exact_ids	unresolved components: 𣦼	⿰火粲
U+71E8	燨	exact_ids	unresolved components: 義	⿰火義
U+71E9	燩	exact_ids	unresolved components: 敫	⿰火敫
U+71EC	燬	exact_ids	unresolved components: 毀	⿰火毀
U+71ED	燭	exact_ids	unresolved components: 𠣜	⿰火蜀
U+71EE	燮	missing	missing	
U+71F4	燴	exact_ids	unresolved components: 曾	⿰火會
U+71F7	燷	exact_ids	unresolved components: 禀	⿰火禀
U+71FA	燺	exact_ids	unresolved components: 高	⿰火槀
U+71FB	燻	exact_ids	unresolved components: 熏	⿰火熏
U+71FC	燼	exact_ids	unresolved components: 盡	⿰火盡
U+71FD	燽	exact_ids	unresolved components: 壽	⿰火壽
U+71FE	燾	exact_ids	unresolved components: 壽	⿱壽灬
U+7201	爁	exact_ids	unresolved components: 監	⿰火監
U+7202	爂	missing	missing	
U+7209	爉	exact_ids	unresolved components: 巤	⿰火巤
U+720B	爋	exact_ids	unresolved components: 里	⿰火勲
U+720D	爍	exact_ids	unresolved components: 樂	⿰火樂
U+720E	爎	exact_ids	unresolved components: 昚	⿰火寮
U+7210	爐	exact_ids	unresolved components: 𧆨	⿰火盧
U+7212	爒	exact_ids	unresolved components: 昚	⿰炙尞
U+7213	爓	exact_ids	unresolved components: 閻	⿰火閻
U+7214	爔	exact_ids	unresolved components: 羲	⿰火羲
U+7215	爕	missing	missing	
U+7218	爘	exact_ids	unresolved components: 𣦼	⿰火餐
U+7219	爙	exact_ids	unresolved components: 襄	⿰火襄
U+721B	爛	exact_ids	unresolved components: 闌	⿰火闌
U+721C	爜	exact_ids	unresolved components: 叢	⿰火叢
U+721D	爝	exact_ids	unresolved components: 爵	⿰火爵
U+7223	爣	exact_ids	unresolved components: 冋	⿰火黨
U+7224	爤	exact_ids	unresolved components: 闌	⿰火蘭
U+7225	爥	exact_ids	unresolved components: 屬	⿰火屬
U+7226	爦	exact_ids	unresolved components: 覽	⿰火覽
U+7227	爧	exact_ids	unresolved components: 𠱠	⿰火靈
U+7228	爨	missing	missing	
U+7229	爩	exact_ids	unresolved components: 鬱	⿰火鬱
U+722E	爮	exact_ids	unresolved components: 包	⿰爪包
U+7232	爲	missing	missing	
U+7233	爳	exact_ids	unresolved components: 爲	⿱爲了
U+7234	爴	exact_ids	unresolved components: 國	⿰國爪
U+7235	爵	missing	missing	
U+723D	爽	exact_ids	unresolved components: 㸚	⿻大㸚
U+7244	牄	exact_ids	unresolved components: 倉	⿰爿倉
U+7245	牅	exact_ids	unresolved components: 庸	⿰爿庸
U+7246	牆	exact_ids	unresolved components: 回	⿰爿嗇
U+7248	版	exact_ids	unresolved components: 反	⿰片反
U+724B	牋	exact_ids	unresolved components: 戈	⿰片戔
U+7251	牑	exact_ids	unresolved components: 𠕁	⿰片扁
U+7255	牕	exact_ids	unresolved components: 囱	⿰片悤
U+7256	牖	missing	missing	
U+7257	牗	exact_ids	unresolved components: 庸	⿰片庸
U+725A	牚	exact_ids	unresolved components: 冋	⿱尚牙
U+726B	牫	exact_ids	unresolved components: 戈	⿰牜戈
U+726D	牭	exact_ids	unresolved components: 四	⿰牜四
U+7270	牰	exact_ids	unresolved components: 由	⿰牜由
U+727C	牼	exact_ids	unresolved components: 巠	⿰牜巠
U+727D	牽	missing	missing	
U+7280	犀	missing	missing	
U+7282	犂	missing	missing	
U+7285	犅	exact_ids	unresolved components: 岡	⿰牜岡
U+7289	犉	exact_ids	unresolved components: 享	⿰牜享
U+728D	犍	exact_ids	unresolved components: 聿	⿰牜建
U+728F	犏	exact_ids	unresolved components: 𠕁	⿰牜扁
U+7292	犒	exact_ids	unresolved components: 高	⿰牜高
U+7293	犓	exact_ids	unresolved components: 芻	⿰牜芻
U+7295	犕	missing	missing	
U+7297	犗	exact_ids	unresolved components: 害	⿰牜害
U+7299	犙	exact_ids	unresolved components: 參	⿰牜參
U+729A	犚	exact_ids	unresolved components: 尉	⿱尉牛
U+729C	犜	exact_ids	unresolved components: 享	⿰牜敦
U+729D	犝	exact_ids	unresolved components: 里	⿰牜童
U+729E	犞	exact_ids	unresolved components: 冋	⿰牜喬
U+72A0	犠	exact_ids	unresolved components: 義	⿰牜義
U+72A3	犣	exact_ids	unresolved components: 巤	⿰牜巤
U+72A4	犤	exact_ids	unresolved components: 能	⿰牜罷
U+72A7	犧	exact_ids	unresolved components: 羲	⿰牜羲
U+72AA	犪	exact_ids	unresolved components: 夒	⿰牜夔
U+72AC	犬	exact_ids	structural collision: 太	⿻大丶
U+72AE	犮	missing	missing	
U+72B3	犳	exact_ids	unresolved components: 勺	⿰犭勺
U+72B5	犵	exact_ids	unresolved components: 乞	⿰犭乞
U+72CD	狍	exact_ids	unresolved components: 包	⿰犭包
U+72CE	狎	exact_ids	unresolved components: 甲	⿰犭甲
U+72D7	狗	exact_ids	unresolved components: 句	⿰犭句
U+72D8	狘	exact_ids	unresolved components: 戈	⿰犭戉
U+72DD	狝	exact_ids	unresolved components: ⺈	⿰犭尔
U+72DF	狟	exact_ids	unresolved components: 亘	⿰犭亘
U+72E5	狥	exact_ids	unresolved components: 旬	⿰犭旬
U+72E8	狨	exact_ids	unresolved components: 戈	⿰犭戎
U+72EA	狪	exact_ids	unresolved components: 同	⿰犭同
U+72F0	狰	exact_ids	unresolved components: 争	⿰犭争
U+72F1	狱	exact_ids	structural collision: 獄	⿰犭訧
U+72F6	狶	exact_ids	unresolved components: 布	⿰犭希
U+72F8	狸	exact_ids	unresolved components: 里	⿰犭里
U+7303	猃	exact_ids	unresolved components: 佥	⿰犭佥
U+7304	猄	exact_ids	unresolved components: 京	⿰犭京
U+730E	猎	exact_ids	unresolved components: 龷	⿰犭昔
U+7312	猒	exact_ids	unresolved components: 冃	⿰冐犬
U+7315	猕	exact_ids	unresolved components: ⺈	⿰犭弥
U+7318	猘	exact_ids	unresolved components: 制	⿰犭制
U+731C	猜	exact_ids	unresolved components: 円,龶	⿰犭靑
U+731D	猝	exact_ids	unresolved components: 卒	⿰犭卒
U+731F	猟	missing	missing	
U+7323	猣	exact_ids	unresolved components: 凶	⿰犭㚇
U+732E	献	exact_ids	unresolved components: 南	⿰南犬
U+7332	猲	exact_ids	unresolved components: 匃	⿰犭曷
U+7334	猴	exact_ids	unresolved components: 侯	⿰犭侯
U+7335	猵	exact_ids	unresolved components: 𠕁	⿰犭扁
U+7336	猶	exact_ids	unresolved components: 酉	⿰犭酋
U+7337	猷	exact_ids	unresolved components: 酉	⿰酋犬
U+733F	猿	exact_ids	unresolved components: 袁	⿰犭袁
U+7340	獀	exact_ids	unresolved components: 𦥔	⿰犭叟
U+7344	獄	exact_ids	structural collision: 狱	⿰犭訧
U+7345	獅	exact_ids	unresolved components: 師	⿰犭師
U+7348	獈	exact_ids	unresolved components: 益	⿰犭益
U+734A	獊	exact_ids	unresolved components: 倉	⿰犭倉
U+734B	獋	exact_ids	unresolved components: 臯	⿰犭臯
U+734C	獌	exact_ids	unresolved components: 曼	⿰犭曼
U+734E	獎	exact_ids	unresolved components: 將	⿱將犬
U+7352	獒	exact_ids	unresolved components: 敖	⿱敖犬
U+7353	獓	exact_ids	unresolved components: 敖	⿰犭敖
U+7354	獔	exact_ids	unresolved components: 皐	⿰犭皐
U+7358	獘	exact_ids	unresolved components: 㡀	⿱敝犬
U+7359	獙	exact_ids	unresolved components: 㡀	⿰犭敝
U+735E	獞	exact_ids	unresolved components: 里	⿰犭童
U+7360	獠	exact_ids	unresolved components: 昚	⿰犭尞
U+7361	獡	exact_ids	unresolved components: 灳	⿰犭舄
U+7362	獢	exact_ids	unresolved components: 冋	⿰犭喬
U+7363	獣	missing	missing	
U+7364	獤	exact_ids	unresolved components: 享	⿰犭敦
U+7365	獥	exact_ids	unresolved components: 敫	⿰犭敫
U+7366	獦	exact_ids	unresolved components: 匃	⿰犭葛
U+7367	獧	exact_ids	unresolved components: 睘	⿰犭睘
U+7368	獨	exact_ids	unresolved components: 𠣜	⿰犭蜀
U+7369	獩	exact_ids	unresolved components: 歲	⿰犭歲
U+736A	獪	exact_ids	unresolved components: 曾	⿰犭會
U+736B	獫	exact_ids	unresolved components: 僉	⿰犭僉
U+736C	獬	exact_ids	unresolved components: 解	⿰犭解
U+736D	獭	exact_ids	unresolved components: ⺈	⿰犭赖
U+736F	獯	exact_ids	unresolved components: 熏	⿰犭熏
U+7370	獰	exact_ids	unresolved components: 寜	⿰犭寜
U+7371	獱	exact_ids	unresolved components: 賓	⿰犭賓
U+7374	獴	exact_ids	unresolved components: 冃	⿰犭蒙
U+7375	獵	exact_ids	unresolved components: 巤	⿰犭巤
U+7379	獹	exact_ids	unresolved components: 𧆨	⿰犭盧
U+737A	獺	exact_ids	unresolved components: 賴	⿰犭賴
U+737D	獽	exact_ids	unresolved components: 襄	⿰犭襄
U+737F	獿	exact_ids	unresolved components: 夒	⿰犭夒
U+7381	玁	exact_ids	unresolved components: 𠪚	⿰犭嚴
U+7382	玂	exact_ids	unresolved components: 蘄	⿰犭蘄
U+7387	率	missing	missing	
U+7388	玈	missing	missing	
U+7389	玉	exact_ids	structural collision: 玊	⿻王丶
U+738A	玊	exact_ids	structural collision: 玉	⿻王丶
U+7393	玓	exact_ids	unresolved components: 勺	⿰王勺
U+739A	玚	exact_ids	unresolved components: 𠃓	⿰王𠃓
U+73A0	玠	exact_ids	unresolved components: 介	⿰王介
U+73AA	玪	exact_ids	unresolved components: ㇇	⿰王今
U+73B8	玸	exact_ids	unresolved components: 包	⿰王包
U+73BA	玺	exact_ids	unresolved components: ⺈	⿱尔玉
U+73BD	玽	exact_ids	unresolved components: 句	⿰王句
U+73BE	玾	exact_ids	unresolved components: 甲	⿰王甲
U+73C5	珅	exact_ids	unresolved components: 申	⿰王申
U+73CB	珋	exact_ids	unresolved components: 卯	⿰王卯
U+73CE	珎	exact_ids	unresolved components: ⺈	⿰王尔
U+73D2	珒	exact_ids	unresolved components: 聿	⿰王聿
U+73D4	珔	exact_ids	unresolved components: 存	⿰王存
U+73D6	珖	exact_ids	unresolved components: ⺌	⿰王光
U+73DA	珚	exact_ids	unresolved components: 因	⿰王因
U+73DF	珟	exact_ids	unresolved components: 夙	⿰王夙
U+73E3	珣	exact_ids	unresolved components: 旬	⿰王旬
U+73E6	珦	exact_ids	unresolved components: 冋	⿰王向
U+73EC	珬	exact_ids	unresolved components: 戌	⿰王戌
U+73EE	珮	exact_ids	unresolved components: 凧	⿰王凧
U+73F1	珱	missing	missing	
U+73F4	珴	exact_ids	unresolved components: 戈	⿰王我
U+73F7	珷	exact_ids	unresolved components: 武	⿰王武
U+73F9	珹	exact_ids	unresolved components: 成	⿰王成
U+73FA	珺	exact_ids	unresolved components: 尹	⿰王君
U+7400	琀	exact_ids	unresolved components: ㇇	⿰王含
U+7401	琁	missing	missing	
U+7406	理	exact_ids	unresolved components: 里	⿰王里
U+740B	琋	exact_ids	unresolved components: 布	⿰王希
U+740C	琌	exact_ids	unresolved components: ㇇	⿰王岑
U+7410	琐	missing	missing	
U+7414	琔	exact_ids	unresolved components: 𤴓	⿰王定
U+7416	琖	exact_ids	unresolved components: 戈	⿰王戔
U+7417	琗	exact_ids	unresolved components: 卒	⿰王卒
U+7419	琙	exact_ids	unresolved components: 或	⿰王或
U+741B	琛	exact_ids	unresolved components: ⺳	⿰王罙
U+7431	琱	exact_ids	unresolved components: 周	⿰王周
U+7434	琴	exact_ids	unresolved components: ㇇	⿱⿰王王今
U+743C	琼	exact_ids	unresolved components: 京	⿰王京
U+743E	琾	exact_ids	unresolved components: 介	⿰王界
U+7440	瑀	exact_ids	unresolved components: 禹	⿰王禹
U+7441	瑁	exact_ids	unresolved components: 冃	⿰王冒
U+7444	瑄	exact_ids	unresolved components: 亘	⿰王宣
U+7445	瑅	exact_ids	unresolved components: 𤴓	⿰王是
U+7447	瑇	exact_ids	unresolved components: 龶	⿰王毒
U+744A	瑊	exact_ids	unresolved components: 咸	⿰王咸
U+744D	瑍	exact_ids	unresolved components: 奐	⿰王奐
U+7456	瑖	exact_ids	unresolved components: 段	⿰王段
U+7459	瑙	exact_ids	unresolved components: 囟	⿰王𡿺
U+745C	瑜	exact_ids	unresolved components: 兪	⿰王兪
U+7460	瑠	exact_ids	unresolved components: 留	⿰王留
U+7461	瑡	exact_ids	unresolved components: 師	⿰王師
U+7464	瑤	exact_ids	structural collision: 瑶	⿰王䍃
U+7465	瑥	exact_ids	unresolved components: 囚	⿰王𥁕
U+7468	瑨	exact_ids	unresolved components: 晉	⿰王晉
U+746D	瑭	exact_ids	unresolved components: 唐	⿰王唐
U+7472	瑲	exact_ids	unresolved components: 倉	⿰王倉
U+7474	瑴	missing	missing	
U+7476	瑶	exact_ids	structural collision: 瑤	⿰王䍃
U+747C	瑼	exact_ids	unresolved components: 𤰔	⿰王專
U+747D	瑽	exact_ids	unresolved components: 從	⿰王從
U+747F	瑿	exact_ids	unresolved components: 医	⿱殹玉
U+7481	璁	exact_ids	unresolved components: 囱	⿰王悤
U+7483	璃	exact_ids	unresolved components: 凶	⿰王离
U+7487	璇	exact_ids	unresolved components: 旋	⿰王旋
U+7488	璈	exact_ids	unresolved components: 敖	⿰王敖
U+748C	璌	exact_ids	unresolved components: 寅	⿰王寅
U+748F	璏	exact_ids	unresolved components: 彘	⿰王彘
U+7494	璔	exact_ids	unresolved components: 曾	⿰王曾
U+7495	璕	exact_ids	unresolved components: 尋	⿰王尋
U+7499	璙	exact_ids	unresolved components: 昚	⿰王尞
U+749F	璟	exact_ids	unresolved components: 京	⿰王景
U+74A3	璣	exact_ids	unresolved components: 戍	⿰王幾
U+74A4	璤	exact_ids	unresolved components: 𤰔	⿰王惠
U+74A5	璥	exact_ids	unresolved components: 句	⿰王敬
U+74A7	璧	exact_ids	unresolved components: 𡰪	⿱辟玉
U+74A8	璨	exact_ids	unresolved components: 𣦼	⿰王粲
U+74AB	璫	exact_ids	unresolved components: 冋	⿰王當
U+74AC	璬	exact_ids	unresolved components: 敫	⿰王敫
U+74AE	璮	exact_ids	unresolved components: 回	⿰王亶
U+74AF	璯	exact_ids	unresolved components: 曾	⿰王會
U+74B0	環	exact_ids	unresolved components: 睘	⿰王睘
U+74B6	璶	exact_ids	unresolved components: 盡	⿰王盡
U+74B7	璷	exact_ids	unresolved components: 敷	⿰王敷
U+74B8	璸	exact_ids	unresolved components: 賓	⿰王賓
U+74B9	璹	exact_ids	unresolved components: 壽	⿰王壽
U+74BA	璺	missing	missing	
U+74BB	璻	exact_ids	unresolved components: 卒	⿰王翠
U+74BC	璼	exact_ids	unresolved components: 監	⿰王監
U+74BF	璿	exact_ids	unresolved components: 眘	⿰王睿
U+74C5	瓅	exact_ids	unresolved components: 樂	⿰王樂
U+74C8	瓈	exact_ids	unresolved components: 黎	⿰王黎
U+74CA	瓊	exact_ids	unresolved components: 夐	⿰王夐
U+74CB	瓋	exact_ids	unresolved components: 啇	⿰王適
U+74CC	瓌	exact_ids	unresolved components: 褱	⿰王褱
U+74CE	瓎	exact_ids	unresolved components: 賴	⿰王賴
U+74D0	瓐	exact_ids	unresolved components: 𧆨	⿰王盧
U+74D2	瓒	exact_ids	unresolved components: 赞	⿰王赞
U+74D3	瓓	exact_ids	unresolved components: 闌	⿰王闌
U+74D6	瓖	exact_ids	unresolved components: 襄	⿰王襄
U+74D9	瓙	exact_ids	unresolved components: 壽	⿰王燾
U+74DD	瓝	exact_ids	unresolved components: 勺	⿰瓜勺
U+74DF	瓟	exact_ids	unresolved components: 包	⿰瓜包
U+74E1	瓡	exact_ids	unresolved components: 𢆉	⿰幸瓜
U+74E4	瓤	exact_ids	unresolved components: 襄	⿰襄瓜
U+74E5	瓥	missing	missing	
U+74EA	瓪	exact_ids	unresolved components: 反	⿰瓦反
U+74EF	瓯	exact_ids	unresolved components: 区	⿰区瓦
U+74FB	瓻	exact_ids	unresolved components: 布	⿰希瓦
U+74FC	瓼	exact_ids	unresolved components: 里	⿰瓦里
U+74FD	瓽	exact_ids	unresolved components: 冋	⿱尚瓦
U+7501	甁	exact_ids	unresolved components: 幷	⿰幷瓦
U+7502	甂	exact_ids	unresolved components: 𠕁	⿰扁瓦
U+7505	甅	exact_ids	unresolved components: 里	⿰瓦厘
U+750A	甊	exact_ids	unresolved components: 婁	⿰婁瓦
U+750B	甋	exact_ids	unresolved components: 啇	⿰啇瓦
U+750C	甌	exact_ids	unresolved components: 區	⿰區瓦
U+750D	甍	missing	missing	
U+750E	甎	exact_ids	unresolved components: 𤰔	⿰專瓦
U+7511	甑	exact_ids	unresolved components: 曽	⿰曽瓦
U+7513	甓	exact_ids	unresolved components: 𡰪	⿱辟瓦
U+7514	甔	exact_ids	unresolved components: 詹	⿰詹瓦
U+7515	甕	exact_ids	unresolved components: 雍	⿱雍瓦
U+751A	甚	exact_ids	unresolved components: 匹	⿱甘匹
U+751E	甞	exact_ids	unresolved components: 冋	⿱尚甘
U+7522	產	exact_ids	structural collision: 産	⿱产生
U+7523	産	exact_ids	structural collision: 產	⿱产生
U+7526	甦	missing	missing	
U+7529	甩	missing	missing	
U+752F	甯	missing	missing	
U+7531	由	missing	missing	
U+7532	甲	missing	missing	
U+7533	申	missing	missing	
U+7535	电	missing	missing	
U+7538	甸	missing	missing	
U+7539	甹	exact_ids	unresolved components: 由	⿱由丂
U+753B	画	missing	missing	
U+7541	畁	exact_ids	unresolved components: 由	⿱由丌
U+7543	畃	exact_ids	unresolved components: 勺,申	⿰申勺
U+7545	畅	exact_ids	unresolved components: 申,𠃓	⿰申𠃓
U+7547	畇	exact_ids	unresolved components: 匀	⿰田匀
U+7548	畈	exact_ids	unresolved components: 反	⿰田反
U+754C	界	exact_ids	unresolved components: 介	⿱田介
U+754D	畍	exact_ids	unresolved components: 介	⿰田介
U+7550	畐	missing	missing	
U+7557	畗	missing	missing	
U+7559	留	missing	missing	
U+755F	畟	missing	missing	
U+7561	畡	exact_ids	unresolved components: 亥	⿰田亥
U+756B	畫	missing	missing	
U+7575	畵	missing	missing	
U+7576	當	exact_ids	unresolved components: 冋	⿱尚田
U+757A	畺	exact_ids	unresolved components: 三	⿻三畕
U+757B	畻	missing	missing	
U+757D	畽	exact_ids	unresolved components: 里	⿰田重
U+757F	畿	missing	missing	
U+7580	疀	exact_ids	unresolved components: 疌	⿰甾疌
U+7582	疂	missing	missing	
U+7583	疃	exact_ids	unresolved components: 里	⿰田童
U+7585	疅	exact_ids	unresolved components: 三	⿰田畺
U+7586	疆	missing	missing	
U+7587	疇	exact_ids	unresolved components: 壽	⿰田壽
U+7588	疈	exact_ids	unresolved components: 畐	⿲畐刂畐
U+7589	疉	exact_ids	unresolved components: 宐	⿱畾宐
U+758C	疌	missing	missing	
U+7590	疐	missing	missing	
U+7591	疑	missing	missing	
U+7599	疙	exact_ids	unresolved components: 乞	⿱疒乞
U+759F	疟	missing	missing	
U+75A1	疡	exact_ids	unresolved components: 𠃓	⿱疒𠃓
U+75A5	疥	exact_ids	unresolved components: 介	⿱疒介
U+75AF	疯	exact_ids	unresolved components: 风	⿱疒风
U+75B1	疱	exact_ids	unresolved components: 包	⿱疒包
U+75C0	痀	exact_ids	unresolved components: 句	⿱疒句
U+75CC	痌	exact_ids	unresolved components: 同	⿱疒同
U+75CE	痎	exact_ids	unresolved components: 亥	⿱疒亥
U+75D0	痐	exact_ids	unresolved components: 回	⿱疒回
U+75D9	痙	exact_ids	unresolved components: 巠	⿱疒巠
U+75E9	痩	missing	missing	
U+75EA	痪	exact_ids	unresolved components: ⺈	⿱疒奂
U+75EB	痫	exact_ids	unresolved components: 闲	⿱疒闲
U+75F2	痲	exact_ids	unresolved components: 𣏟	⿱疒𣏟
U+75F7	痷	exact_ids	unresolved components: 电	⿱疒奄
U+75F8	痸	exact_ids	unresolved components: 制	⿱疒制
U+75FC	痼	exact_ids	unresolved components: 固	⿱疒固
U+7601	瘁	exact_ids	unresolved components: 卒	⿱疒卒
U+7603	瘃	exact_ids	unresolved components: 豖	⿱疒豖
U+7604	瘄	exact_ids	unresolved components: 龷	⿱疒昔
U+7605	瘅	exact_ids	unresolved components: 单	⿱疒单
U+7606	瘆	exact_ids	unresolved components: 参	⿱疒参
U+7607	瘇	exact_ids	unresolved components: 里	⿱疒重
U+7609	瘉	exact_ids	unresolved components: 兪	⿱疒兪
U+760A	瘊	exact_ids	unresolved components: 侯	⿱疒侯
U+760E	瘎	exact_ids	unresolved components: 匹	⿱疒甚
U+7613	瘓	exact_ids	unresolved components: 奐	⿱疒奐
U+7617	瘗	missing	missing	
U+761E	瘞	missing	missing	
U+761F	瘟	exact_ids	unresolved components: 囚	⿱疒𥁕
U+7621	瘡	exact_ids	unresolved components: 倉	⿱疒倉
U+7624	瘤	exact_ids	unresolved components: 留	⿱疒留
U+7626	瘦	exact_ids	unresolved components: 𦥔	⿱疒叟
U+7627	瘧	exact_ids	unresolved components: 虐	⿱疒虐
U+762A	瘪	missing	missing	
U+762E	瘮	exact_ids	unresolved components: 參	⿱疒參
U+762F	瘯	exact_ids	unresolved components: 族	⿱疒族
U+7631	瘱	exact_ids	unresolved components: 㾜	⿱㾜心
U+7632	瘲	exact_ids	unresolved components: 從	⿱疒從
U+7635	瘵	exact_ids	unresolved components: 祭	⿱疒祭
U+7638	瘸	exact_ids	unresolved components: 𦙲	⿱疒𦙲
U+7639	瘹	exact_ids	unresolved components: 勺	⿱疒釣
U+763B	瘻	exact_ids	unresolved components: 婁	⿱疒婁
U+763E	瘾	exact_ids	unresolved components: ⺈	⿱疒隐
U+7641	癁	exact_ids	unresolved components: 复	⿱疒復
U+7642	療	exact_ids	unresolved components: 昚	⿱疒尞
U+7643	癃	exact_ids	unresolved components: 隆	⿱疒隆
U+7647	癇	exact_ids	unresolved components: 閒	⿱疒閒
U+7648	癈	exact_ids	unresolved components: 發	⿱疒發
U+7649	癉	exact_ids	unresolved components: 單	⿱疒單
U+764A	癊	exact_ids	unresolved components: ㇇	⿱疒陰
U+764E	癎	exact_ids	unresolved components: 間	⿱疒間
U+764F	癏	exact_ids	unresolved components: 睘	⿱疒睘
U+7650	癐	exact_ids	unresolved components: 曾	⿱疒會
U+7655	癕	exact_ids	unresolved components: 雍	⿱疒雍
U+7656	癖	exact_ids	unresolved components: 𡰪	⿱疒辟
U+765A	癚	exact_ids	unresolved components: 詹	⿱疒詹
U+765B	癛	exact_ids	unresolved components: 回	⿱疒稟
U+765C	癜	exact_ids	unresolved components: 殿	⿱疒殿
U+765D	癝	exact_ids	unresolved components: 禀	⿱疒禀
U+765E	癞	exact_ids	unresolved components: ⺈	⿱疒赖
U+765F	癟	missing	missing	
U+7661	癡	exact_ids	unresolved components: 疑	⿱疒疑
U+7664	癤	exact_ids	unresolved components: 亇	⿱疒節
U+7665	癥	exact_ids	unresolved components: 徵	⿱疒徵
U+7669	癩	exact_ids	unresolved components: 賴	⿱疒賴
U+766A	癪	exact_ids	unresolved components: 龶	⿱疒積
U+766E	癮	exact_ids	unresolved components: 隱	⿱疒隱
U+7674	癴	exact_ids	unresolved components: 𤼙	⿱𤼙手
U+7675	癵	exact_ids	unresolved components: 𤼙	⿱𤼙肉
U+767A	発	missing	missing	
U+767C	發	missing	missing	
U+7684	的	exact_ids	unresolved components: 勺	⿰白勺
U+7688	皈	exact_ids	unresolved components: 反	⿰白反
U+768D	皍	exact_ids	unresolved components: 𠨐	⿱白𠨐
U+7690	皐	missing	missing	
U+7692	皒	exact_ids	unresolved components: 戈	⿰白我
U+7697	皗	exact_ids	unresolved components: 周	⿰白周
U+7698	皘	exact_ids	unresolved components: 龶	⿰白青
U+769C	皜	exact_ids	unresolved components: 高	⿰白高
U+769D	皝	exact_ids	unresolved components: ⺌	⿰皇光
U+769F	皟	exact_ids	unresolved components: 龶	⿰白責
U+76A1	皡	exact_ids	unresolved components: 皐	⿰白皐
U+76A5	皥	exact_ids	unresolved components: 臯	⿰白臯
U+76A6	皦	exact_ids	unresolved components: 敫	⿰白敫
U+76A9	皩	exact_ids	unresolved components: ⺌	⿰皇晃
U+76AA	皪	exact_ids	unresolved components: 樂	⿰白樂
U+76AD	皭	exact_ids	unresolved components: 爵	⿰白爵
U+76B0	皰	exact_ids	unresolved components: 包	⿰皮包
U+76B1	皱	exact_ids	unresolved components: ⺈	⿰刍皮
U+76B5	皵	exact_ids	unresolved components: 龷	⿰昔皮
U+76BA	皺	exact_ids	unresolved components: 芻	⿰芻皮
U+76BD	皽	exact_ids	unresolved components: 回	⿰亶皮
U+76CA	益	missing	missing	
U+76CB	盋	exact_ids	unresolved components: 犮	⿱犮皿
U+76CF	盏	exact_ids	unresolved components: 戈	⿱戋皿
U+76D1	监	missing	missing	
U+76D5	盕	exact_ids	unresolved components: 凡	⿱汎皿
U+76D6	盖	missing	missing	
U+76DB	盛	exact_ids	unresolved components: 成	⿱成皿
U+76DC	盜	exact_ids	unresolved components: 㳄	⿱㳄皿
U+76DE	盞	exact_ids	unresolved components: 戈	⿱戔皿
U+76E1	盡	missing	missing	
U+76E3	監	missing	missing	
U+76E5	盥	missing	missing	
U+76E6	盦	exact_ids	unresolved components: ㇇,酉	⿱酓皿
U+76E7	盧	exact_ids	unresolved components: 𧆨	⿱𧆨皿
U+76E9	盩	missing	missing	
U+76EB	盫	exact_ids	unresolved components: 𨠭	⿱𨠭皿
U+76EC	盬	missing	missing	
U+76ED	盭	missing	missing	
U+76F5	盵	exact_ids	unresolved components: 乞	⿰目乞
U+76F7	盷	exact_ids	unresolved components: 匀	⿰目匀
U+76FE	盾	exact_ids	unresolved components: ⺁	⿱⺁𥃭
U+7705	眅	exact_ids	unresolved components: 反	⿰目反
U+770C	県	missing	missing	
U+770D	眍	exact_ids	unresolved components: 区	⿰目区
U+7712	眒	exact_ids	unresolved components: 申	⿰目申
U+7713	眓	exact_ids	unresolved components: 戈	⿰目戉
U+7717	眗	exact_ids	unresolved components: 句	⿰目句
U+7718	眘	missing	missing	
U+771B	眛	exact_ids	structural collision: 眜	⿰目未
U+771C	眜	exact_ids	structural collision: 眛	⿰目末
U+772E	眮	exact_ids	unresolved components: 同	⿰目同
U+7734	眴	exact_ids	unresolved components: 旬	⿰目旬
U+7736	眶	exact_ids	unresolved components: 匡	⿰目匡
U+773D	眽	missing	missing	
U+773E	眾	missing	missing	
U+773F	眿	exact_ids	unresolved components: 永	⿰目永
U+7741	睁	exact_ids	unresolved components: 争	⿰目争
U+7742	睂	missing	missing	
U+774B	睋	exact_ids	unresolved components: 戈	⿰目我
U+774E	睎	exact_ids	unresolved components: 布	⿰目希
U+774F	睏	exact_ids	unresolved components: 困	⿰目困
U+7750	睐	exact_ids	unresolved components: 来	⿰目来
U+7751	睑	exact_ids	unresolved components: 佥	⿰目佥
U+7754	睔	exact_ids	unresolved components: 𠕁	⿰目侖
U+7758	睘	missing	missing	
U+775B	睛	exact_ids	unresolved components: 円,龶	⿰目靑
U+775D	睝	missing	missing	
U+775F	睟	exact_ids	unresolved components: 卒	⿰目卒
U+776A	睪	exact_ids	unresolved components: 𢆉	⿱罒幸
U+776B	睫	exact_ids	unresolved components: 疌	⿰目疌
U+776D	睭	exact_ids	unresolved components: 周	⿰目周
U+7775	睵	exact_ids	unresolved components: 哉	⿰目哉
U+7777	睷	exact_ids	unresolved components: 聿	⿰目建
U+777A	睺	exact_ids	unresolved components: 侯	⿰目侯
U+777B	睻	exact_ids	unresolved components: 亘	⿰目宣
U+777C	睼	exact_ids	unresolved components: 𤴓	⿰目是
U+777E	睾	exact_ids	unresolved components: 𢆉	⿻丶睪
U+777F	睿	exact_ids	unresolved components: 眘	⿳卜冖眘
U+7782	瞂	exact_ids	unresolved components: ⺁,犮	⿰盾犮
U+7783	瞃	exact_ids	unresolved components: ⺁	⿰目盾
U+7789	瞉	missing	missing	
U+778A	瞊	exact_ids	unresolved components: 唐	⿰目唐
U+778D	瞍	exact_ids	unresolved components: 𦥔	⿰目叟
U+778E	瞎	exact_ids	unresolved components: 害	⿰目害
U+778F	瞏	exact_ids	unresolved components: 袁	⿱罒袁
U+7792	瞒	missing	missing	
U+7794	瞔	exact_ids	unresolved components: 龶	⿰目責
U+7796	瞖	exact_ids	unresolved components: 医	⿱殹目
U+7798	瞘	exact_ids	unresolved components: 區	⿰目區
U+779A	瞚	exact_ids	unresolved components: 寅	⿰目寅
U+779B	瞛	exact_ids	unresolved components: 從	⿰目從
U+779C	瞜	exact_ids	unresolved components: 婁	⿰目婁
U+779D	瞝	exact_ids	unresolved components: 凶	⿰目离
U+77A0	瞠	exact_ids	unresolved components: 冋	⿰目堂
U+77A2	瞢	missing	missing	
U+77A4	瞤	exact_ids	unresolved components: 閏	⿰目閏
U+77A5	瞥	exact_ids	unresolved components: 㡀	⿱敝目
U+77A9	瞩	exact_ids	unresolved components: 禹	⿰目属
U+77AD	瞭	exact_ids	unresolved components: 昚	⿰目尞
U+77AE	瞮	missing	missing	
U+77AF	瞯	exact_ids	unresolved components: 閒	⿰目閒
U+77B0	瞰	exact_ids	unresolved components: 敢	⿰目敢
U+77B3	瞳	exact_ids	unresolved components: 里	⿰目童
U+77B7	瞷	exact_ids	unresolved components: 間	⿰目間
U+77BA	瞺	exact_ids	unresolved components: 曾	⿰目會
U+77BB	瞻	exact_ids	unresolved components: 詹	⿰目詹
U+77BC	瞼	exact_ids	unresolved components: 僉	⿰目僉
U+77C3	矃	exact_ids	unresolved components: 寜	⿰目寜
U+77C4	矄	exact_ids	unresolved components: 熏	⿰目熏
U+77C7	矇	exact_ids	unresolved components: 冃	⿰目蒙
U+77C8	矈	missing	missing	
U+77C9	矉	exact_ids	unresolved components: 賓	⿰目賓
U+77CE	矎	exact_ids	unresolved components: 夐	⿰目夐
U+77CF	矏	exact_ids	unresolved components: 臱	⿰目臱
U+77D1	矑	exact_ids	unresolved components: 𧆨	⿰目盧
U+77D2	矒	exact_ids	unresolved components: 瞢	⿰目瞢
U+77D6	矖	exact_ids	unresolved components: 丽	⿰目麗
U+77D8	矘	exact_ids	unresolved components: 冋	⿰目黨
U+77D9	矙	exact_ids	unresolved components: 闞	⿰目闞
U+77DA	矚	exact_ids	unresolved components: 屬	⿰目屬
U+77DC	矜	exact_ids	unresolved components: ㇇	⿰矛今
U+77E0	矠	exact_ids	unresolved components: 龷	⿰矛昔
U+77E6	矦	exact_ids	unresolved components: ⺈	⿱厃矢
U+77EF	矯	exact_ids	unresolved components: 冋	⿰矢喬
U+77F0	矰	exact_ids	unresolved components: 曾	⿰矢曾
U+77F2	矲	exact_ids	unresolved components: 能	⿰矢罷
U+77FB	矻	exact_ids	unresolved components: 乞	⿰石乞
U+77FE	矾	exact_ids	unresolved components: 凡	⿰石凡
U+7800	砀	exact_ids	unresolved components: 𠃓	⿰石𠃓
U+780E	砎	exact_ids	unresolved components: 介	⿰石介
U+7810	砐	exact_ids	unresolved components: ㇏	⿰石及
U+781B	砛	exact_ids	unresolved components: ㇇	⿰石今
U+781C	砜	exact_ids	unresolved components: 风	⿰石风
U+781E	砞	exact_ids	structural collision: 砵	⿰石末
U+7832	砲	exact_ids	unresolved components: 包	⿰石包
U+7835	砵	exact_ids	structural collision: 砞	⿰石本
U+7837	砷	exact_ids	unresolved components: 申	⿰石申
U+7838	砸	exact_ids	unresolved components: 匝	⿰石匝
U+7844	硄	exact_ids	unresolved components: ⺌	⿰石光
U+7847	硇	exact_ids	unresolved components: 囟	⿰石囟
U+7849	硉	exact_ids	unresolved components: 聿	⿰石聿
U+784A	硊	exact_ids	unresolved components: ⺈	⿰石危
U+784B	硋	exact_ids	unresolved components: 亥	⿰石亥
U+7850	硐	exact_ids	unresolved components: 同	⿰石同
U+7857	硗	exact_ids	unresolved components: 尧	⿰石尧
U+7858	硘	exact_ids	unresolved components: 回	⿰石回
U+785C	硜	exact_ids	unresolved components: 巠	⿰石巠
U+7861	硡	exact_ids	unresolved components: 厷	⿰石宏
U+786A	硪	exact_ids	unresolved components: 戈	⿰石我
U+786E	确	exact_ids	unresolved components: ⺈	⿰石角
U+7871	硱	exact_ids	unresolved components: 困	⿰石困
U+7875	硵	exact_ids	unresolved components: 龱	⿰石卤
U+7876	硶	exact_ids	unresolved components: ㇇	⿰石岑
U+7877	硷	exact_ids	unresolved components: 佥	⿰石佥
U+787A	硺	exact_ids	unresolved components: 豖	⿰石豖
U+787D	硽	exact_ids	unresolved components: 电	⿰石奄
U+7883	碃	exact_ids	unresolved components: 龶	⿰石青
U+7885	碅	exact_ids	unresolved components: 囷	⿰石囷
U+7887	碇	exact_ids	unresolved components: 𤴓	⿰石定
U+7889	碉	exact_ids	unresolved components: 周	⿰石周
U+788A	碊	exact_ids	unresolved components: 戈	⿰石戔
U+788E	碎	exact_ids	unresolved components: 卒	⿰石卒
U+788F	碏	exact_ids	unresolved components: 龷	⿰石昔
U+7894	碔	exact_ids	unresolved components: 武	⿰石武
U+7896	碖	exact_ids	unresolved components: 𠕁	⿰石侖
U+7899	碙	exact_ids	unresolved components: 岡	⿰石岡
U+789B	碛	exact_ids	unresolved components: 龶	⿰石责
U+789C	碜	exact_ids	unresolved components: 参	⿰石参
U+78A0	碠	exact_ids	unresolved components: 亭	⿰石亭
U+78A1	碡	exact_ids	unresolved components: 龶	⿰石毒
U+78A3	碣	exact_ids	unresolved components: 匃	⿰石曷
U+78A5	碥	exact_ids	unresolved components: 𠕁	⿰石扁
U+78AA	碪	exact_ids	unresolved components: 匹	⿰石甚
U+78AB	碫	exact_ids	unresolved components: 段	⿰石段
U+78AE	碮	exact_ids	unresolved components: 𤴓	⿰石是
U+78AF	碯	exact_ids	unresolved components: 囟	⿰石𡿺
U+78B1	碱	exact_ids	unresolved components: 咸	⿰石咸
U+78B7	碷	exact_ids	unresolved components: ⺁	⿰石盾
U+78B9	碹	exact_ids	unresolved components: 亘	⿰石宣
U+78BB	碻	exact_ids	unresolved components: 高	⿰石高
U+78BE	碾	exact_ids	unresolved components: 展	⿰石展
U+78C2	磂	exact_ids	unresolved components: 留	⿰石留
U+78C3	磃	exact_ids	unresolved components: 虒	⿰石虒
U+78C4	磄	exact_ids	unresolved components: 唐	⿰石唐
U+78C7	磇	exact_ids	unresolved components: 囟	⿰石𣬉
U+78CD	磍	exact_ids	unresolved components: 害	⿰石害
U+78D9	磙	exact_ids	unresolved components: 衮	⿰石衮
U+78DA	磚	exact_ids	unresolved components: 𤰔	⿰石專
U+78DC	磜	exact_ids	unresolved components: 祭	⿰石祭
U+78DD	磝	exact_ids	unresolved components: 敖	⿰石敖
U+78E1	磡	exact_ids	unresolved components: 匹	⿰石勘
U+78E2	磢	exact_ids	unresolved components: 㸚	⿰石爽
U+78E3	磣	exact_ids	unresolved components: 參	⿰石參
U+78E7	磧	exact_ids	unresolved components: 龶	⿰石責
U+78E9	磩	exact_ids	unresolved components: 戚	⿰石戚
U+78EB	磫	exact_ids	unresolved components: 從	⿰石從
U+78EE	磮	exact_ids	unresolved components: 𠕁	⿰石崙
U+78EF	磯	exact_ids	unresolved components: 戍	⿰石幾
U+78F0	磰	exact_ids	unresolved components: 善	⿰石善
U+78F3	磳	exact_ids	unresolved components: 曾	⿰石曾
U+78F5	磵	exact_ids	unresolved components: 間	⿰石間
U+78F6	磶	exact_ids	unresolved components: 灳	⿰石舄
U+78F8	磸	exact_ids	unresolved components: 酉	⿰石奠
U+78FE	磾	exact_ids	unresolved components: 單	⿰石單
U+7900	礀	exact_ids	unresolved components: 閒	⿰石閒
U+7903	礃	exact_ids	unresolved components: 冋	⿰石掌
U+7904	礄	exact_ids	unresolved components: 冋	⿰石喬
U+7905	礅	exact_ids	unresolved components: 享	⿰石敦
U+7906	礆	exact_ids	unresolved components: 僉	⿰石僉
U+7909	礉	exact_ids	unresolved components: 敫	⿰石敫
U+790B	礋	exact_ids	unresolved components: 𢆉	⿰石睪
U+790D	礍	exact_ids	unresolved components: 匃	⿰石葛
U+7910	礐	missing	missing	
U+7911	礑	exact_ids	unresolved components: 冋	⿰石當
U+7912	礒	exact_ids	unresolved components: 義	⿰石義
U+7913	礓	exact_ids	unresolved components: 三	⿰石畺
U+7914	礔	exact_ids	unresolved components: 𡰪	⿰石辟
U+7915	礕	exact_ids	unresolved components: 𡰪	⿱辟石
U+7917	礗	exact_ids	unresolved components: 賓	⿰石賓
U+7919	礙	exact_ids	unresolved components: 疑	⿰石疑
U+791B	礛	exact_ids	unresolved components: 監	⿰石監
U+791E	礞	exact_ids	unresolved components: 冃	⿰石蒙
U+7923	礣	exact_ids	unresolved components: 戌	⿰石蔑
U+7924	礤	exact_ids	unresolved components: 祭	⿰石蔡
U+792B	礫	exact_ids	unresolved components: 樂	⿰石樂
U+7937	礷	exact_ids	unresolved components: 監	⿰石藍
U+7939	礹	exact_ids	unresolved components: 𠪚	⿰石嚴
U+793F	礿	exact_ids	unresolved components: 勺	⿰礻勺
U+7944	祄	exact_ids	unresolved components: 介	⿰礻介
U+7953	祓	exact_ids	unresolved components: 犮	⿰示犮
U+795E	神	exact_ids	unresolved components: 申	⿰礻申
U+7960	祠	exact_ids	unresolved components: 司	⿰示司
U+7962	祢	exact_ids	unresolved components: ⺈	⿰礻尔
U+7963	祣	missing	missing	
U+796A	祪	exact_ids	unresolved components: ⺈	⿰礻危
U+796D	祭	missing	missing	
U+7974	祴	exact_ids	unresolved components: 戈	⿰礻戒
U+7975	祵	exact_ids	unresolved components: 困	⿰礻困
U+7979	祹	exact_ids	unresolved components: 匋	⿰礻匋
U+797B	祻	exact_ids	unresolved components: 固	⿰礻固
U+797D	祽	exact_ids	unresolved components: 卒	⿰礻卒
U+7980	禀	missing	missing	
U+7982	禂	exact_ids	unresolved components: 周	⿰礻周
U+7985	禅	exact_ids	unresolved components: 単	⿰礻単
U+7989	禉	exact_ids	unresolved components: 酉	⿰礻酋
U+798F	福	exact_ids	unresolved components: 畐	⿰礻畐
U+7994	禔	exact_ids	unresolved components: 𤴓	⿰示是
U+7999	禙	exact_ids	unresolved components: 北	⿰礻背
U+799A	禚	exact_ids	unresolved components: 羔	⿰礻羔
U+799D	禝	exact_ids	unresolved components: 畟	⿰示畟
U+799E	禞	exact_ids	unresolved components: 高	⿰礻高
U+799F	禟	exact_ids	unresolved components: 唐	⿰礻唐
U+79A0	禠	exact_ids	unresolved components: 虒	⿰礻虒
U+79A2	禢	exact_ids	unresolved components: 冃	⿰礻𦐇
U+79A4	禤	missing	missing	
U+79A8	禨	exact_ids	unresolved components: 戍	⿰礻幾
U+79AA	禪	exact_ids	unresolved components: 單	⿰示單
U+79AC	禬	exact_ids	unresolved components: 曾	⿰礻會
U+79B1	禱	exact_ids	unresolved components: 壽	⿰示壽
U+79B3	禳	exact_ids	unresolved components: 襄	⿰示襄
U+79B5	禵	exact_ids	unresolved components: 𤴓	⿰礻題
U+79B9	禹	missing	missing	
U+79BB	离	exact_ids	unresolved components: 凶	⿱㐫禸
U+79BC	禼	exact_ids	unresolved components: 龱	⿱卤禸
U+79BD	禽	exact_ids	unresolved components: 凶	⿱人离
U+79C9	秉	exact_ids	unresolved components: ⺕	⿻禾⺕
U+79DE	秞	exact_ids	unresolved components: 由	⿰禾由
U+79E1	秡	exact_ids	unresolved components: 犮	⿰禾犮
U+79EB	秫	exact_ids	unresolved components: 朮	⿰禾朮
U+79F0	称	exact_ids	unresolved components: ⺈	⿰禾尔
U+79F1	秱	exact_ids	unresolved components: 同	⿰禾同
U+79F5	秵	exact_ids	unresolved components: 因	⿰禾因
U+7A00	稀	exact_ids	unresolved components: 布	⿰禾希
U+7A01	稁	missing	missing	
U+7A05	稅	exact_ids	structural collision: 税	⿰禾兌
U+7A07	稇	exact_ids	unresolved components: 困	⿰禾困
U+7A0E	税	exact_ids	structural collision: 稅	⿰禾兌
U+7A10	稐	exact_ids	unresolved components: 𠕁	⿰禾侖
U+7A12	稒	exact_ids	unresolved components: 固	⿰禾固
U+7A13	稓	exact_ids	unresolved components: 龷	⿰禾昔
U+7A14	稔	exact_ids	unresolved components: ㇇	⿰禾念
U+7A15	稕	exact_ids	unresolved components: 享	⿰禾享
U+7A1B	稛	exact_ids	unresolved components: 囷	⿰禾囷
U+7A1F	稟	exact_ids	unresolved components: 回	⿱㐭禾
U+7A20	稠	exact_ids	unresolved components: 周	⿰禾周
U+7A21	稡	exact_ids	unresolved components: 卒	⿰禾卒
U+7A22	稢	exact_ids	unresolved components: 或	⿰禾或
U+7A24	稤	exact_ids	unresolved components: 京	⿰禾京
U+7A25	稥	exact_ids	unresolved components: 𤇕	⿱𤇕日
U+7A28	稨	exact_ids	unresolved components: 𠕁	⿰禾扁
U+7A2A	稪	exact_ids	unresolved components: 复	⿰禾复
U+7A2B	稫	exact_ids	unresolved components: 畐	⿰禾畐
U+7A2E	種	exact_ids	unresolved components: 里	⿰禾重
U+7A2F	稯	exact_ids	unresolved components: 凶	⿰禾㚇
U+7A32	稲	missing	missing	
U+7A33	稳	exact_ids	unresolved components: ⺈	⿰禾急
U+7A36	稶	exact_ids	unresolved components: 彧	⿰禾彧
U+7A37	稷	exact_ids	unresolved components: 畟	⿰禾畟
U+7A3D	稽	missing	missing	
U+7A3E	稾	exact_ids	unresolved components: 高	⿱高禾
U+7A3F	稿	exact_ids	unresolved components: 高	⿰禾高
U+7A40	穀	missing	missing	
U+7A42	穂	exact_ids	unresolved components: 𤰔	⿰禾恵
U+7A44	穄	exact_ids	unresolved components: 祭	⿰禾祭
U+7A45	穅	exact_ids	unresolved components: 隶	⿰禾康
U+7A47	穇	exact_ids	unresolved components: 參	⿰禾參
U+7A49	穉	exact_ids	unresolved components: 犀	⿰禾犀
U+7A4D	積	exact_ids	unresolved components: 龶	⿰禾責
U+7A4E	穎	missing	missing	
U+7A4F	穏	missing	missing	
U+7A51	穑	exact_ids	unresolved components: 啬	⿰禾啬
U+7A56	穖	exact_ids	unresolved components: 戍	⿰禾幾
U+7A57	穗	exact_ids	unresolved components: 𤰔	⿰禾惠
U+7A5A	穚	exact_ids	unresolved components: 冋	⿰禾喬
U+7A5C	穜	exact_ids	unresolved components: 里	⿰禾童
U+7A61	穡	exact_ids	unresolved components: 回	⿰禾嗇
U+7A62	穢	exact_ids	unresolved components: 歲	⿰禾歲
U+7A63	穣	exact_ids	unresolved components: 㐮	⿰禾㐮
U+7A66	穦	exact_ids	unresolved components: 賓	⿰禾賓
U+7A69	穩	missing	missing	
U+7A6F	穯	missing	missing	
U+7A70	穰	exact_ids	unresolved components: 襄	⿰禾襄
U+7A71	穱	exact_ids	unresolved components: 爵	⿰禾爵
U+7A72	穲	exact_ids	unresolved components: 丽	⿰禾麗
U+7A87	窇	exact_ids	unresolved components: 包	⿱穴包
U+7A8C	窌	exact_ids	unresolved components: 卯	⿱穴卯
U+7A93	窓	missing	missing	
U+7A97	窗	exact_ids	unresolved components: 囱	⿱穴囱
U+7A98	窘	exact_ids	unresolved components: 尹	⿱穴君
U+7A9A	窚	exact_ids	unresolved components: 成	⿱穴成
U+7A9B	窛	missing	missing	
U+7A9E	窞	exact_ids	unresolved components: ⺈	⿱穴臽
U+7AA2	窢	exact_ids	unresolved components: 或	⿱穴或
U+7AA3	窣	exact_ids	unresolved components: 卒	⿱穴卒
U+7AAF	窯	exact_ids	unresolved components: 羔	⿱穴羔
U+7AB1	窱	exact_ids	unresolved components: 條	⿱穴條
U+7AB6	窶	exact_ids	unresolved components: 婁	⿱穴婁
U+7AB7	窷	exact_ids	unresolved components: 卯	⿱穴聊
U+7ABB	窻	exact_ids	unresolved components: 囱	⿱穴悤
U+7ABD	窽	exact_ids	unresolved components: 疑	⿱穴疑
U+7ABE	窾	exact_ids	unresolved components: 款	⿱穴款
U+7ABF	窿	exact_ids	unresolved components: 隆	⿱穴隆
U+7AC0	竀	missing	missing	
U+7AC2	竂	exact_ids	unresolved components: 昚	⿱穴尞
U+7AC3	竃	missing	missing	
U+7AC5	竅	exact_ids	unresolved components: 敫	⿱穴敫
U+7AC8	竈	missing	missing	
U+7ACA	竊	missing	missing	
U+7AD1	竑	exact_ids	unresolved components: 厷	⿰立厷
U+7AD8	竘	exact_ids	unresolved components: 句	⿰立句
U+7ADC	竜	exact_ids	unresolved components: 电	⿱立电
U+7AE4	竤	exact_ids	unresolved components: 厷	⿰立宏
U+7AE5	童	exact_ids	unresolved components: 里	⿱立里
U+7AEC	竬	exact_ids	unresolved components: 禹	⿰立禹
U+7AED	竭	exact_ids	unresolved components: 匃	⿰立曷
U+7AF0	竰	exact_ids	unresolved components: 里	⿰立厘
U+7AF1	竱	exact_ids	unresolved components: 𤰔	⿰立專
U+7AF2	竲	exact_ids	unresolved components: 曾	⿰立曾
U+7AF4	竴	exact_ids	unresolved components: 酉	⿰立尊
U+7AF5	竵	exact_ids	unresolved components: 𩰬	⿰立𩰬
U+7AF7	竷	missing	missing	
U+7AF9	竹	exact_ids	unresolved components: 亇	⿰亇亇
U+7AFA	竺	exact_ids	unresolved components: 亇	⿱竹二
U+7AFB	竻	exact_ids	unresolved components: 亇	⿱竹力
U+7AFC	竼	exact_ids	unresolved components: 亇,凡	⿱竹凡
U+7AFD	竽	exact_ids	unresolved components: 亇	⿱竹于
U+7AFE	竾	exact_ids	unresolved components: 亇	⿱竹也
U+7AFF	竿	exact_ids	unresolved components: 亇	⿱竹干
U+7B00	笀	exact_ids	unresolved components: 亇	⿱竹亡
U+7B01	笁	exact_ids	unresolved components: 亇	⿱竹工
U+7B02	笂	exact_ids	unresolved components: 亇	⿱竹丸
U+7B03	笃	exact_ids	unresolved components: 亇	⿱竹马
U+7B04	笄	exact_ids	unresolved components: 亇	⿱竹开
U+7B05	笅	exact_ids	unresolved components: 亇	⿱竹爻
U+7B06	笆	exact_ids	unresolved components: 亇	⿱竹巴
U+7B07	笇	exact_ids	unresolved components: 亇	⿱竹卞
U+7B08	笈	exact_ids	unresolved components: ㇏,亇	⿱竹及
U+7B09	笉	exact_ids	unresolved components: 亇,匀	⿱竹匀
U+7B0A	笊	exact_ids	unresolved components: 亇	⿱竹爪
U+7B0B	笋	exact_ids	unresolved components: 亇,尹	⿱竹尹
U+7B0C	笌	exact_ids	unresolved components: 亇	⿱竹牙
U+7B0D	笍	exact_ids	unresolved components: 亇	⿱竹内
U+7B0E	笎	exact_ids	unresolved components: 亇	⿱竹元
U+7B0F	笏	exact_ids	unresolved components: 亇	⿱竹勿
U+7B10	笐	exact_ids	unresolved components: 亇	⿱竹亢
U+7B11	笑	exact_ids	unresolved components: 亇	⿱竹夭
U+7B12	笒	exact_ids	unresolved components: ㇇,亇	⿱竹今
U+7B13	笓	exact_ids	unresolved components: 亇	⿱竹比
U+7B14	笔	exact_ids	unresolved components: 亇	⿱竹毛
U+7B15	笕	exact_ids	unresolved components: 亇	⿱竹见
U+7B16	笖	exact_ids	unresolved components: 亇	⿱竹以
U+7B17	笗	exact_ids	unresolved components: 亇	⿱竹冬
U+7B18	笘	exact_ids	unresolved components: 亇	⿱竹占
U+7B19	笙	exact_ids	unresolved components: 亇	⿱竹生
U+7B1A	笚	exact_ids	unresolved components: 亇,甲	⿱竹甲
U+7B1B	笛	exact_ids	unresolved components: 亇,由	⿱竹由
U+7B1C	笜	exact_ids	unresolved components: 亇	⿱竹出
U+7B1D	笝	exact_ids	unresolved components: 㘝,亇	⿱竹㘝
U+7B1E	笞	exact_ids	unresolved components: 亇	⿱竹台
U+7B1F	笟	exact_ids	unresolved components: 亇	⿱竹瓜
U+7B20	笠	exact_ids	unresolved components: 亇	⿱竹立
U+7B21	笡	exact_ids	unresolved components: 亇	⿱竹且
U+7B22	笢	exact_ids	unresolved components: 亇	⿱竹民
U+7B23	笣	exact_ids	unresolved components: 亇,包	⿱竹包
U+7B24	笤	exact_ids	unresolved components: 亇	⿱竹召
U+7B25	笥	exact_ids	unresolved components: 亇,司	⿱竹司
U+7B26	符	exact_ids	unresolved components: 亇	⿱竹付
U+7B27	笧	exact_ids	unresolved components: 亇	⿱竹册
U+7B28	笨	exact_ids	unresolved components: 亇	⿱竹本
U+7B29	笩	exact_ids	unresolved components: 亇	⿱竹代
U+7B2A	笪	exact_ids	unresolved components: 亇	⿱竹旦
U+7B2B	笫	exact_ids	unresolved components: 亇	⿱竹𠂔
U+7B2C	第	exact_ids	unresolved components: 亇	⿱竹𢎨
U+7B2D	笭	exact_ids	unresolved components: 亇	⿱竹令
U+7B2E	笮	exact_ids	unresolved components: 亇	⿱竹乍
U+7B2F	笯	exact_ids	unresolved components: 亇	⿱竹奴
U+7B30	笰	exact_ids	unresolved components: 亇	⿱竹弗
U+7B31	笱	exact_ids	unresolved components: 亇,句	⿱竹句
U+7B32	笲	exact_ids	unresolved components: 亇	⿱竹弁
U+7B33	笳	exact_ids	unresolved components: 亇	⿱竹加
U+7B34	笴	exact_ids	unresolved components: 亇	⿱竹可
U+7B35	笵	exact_ids	unresolved components: 亇	⿱竹氾
U+7B36	笶	exact_ids	unresolved components: 亇	⿱竹矢
U+7B37	笷	exact_ids	unresolved components: 亇,卯	⿱竹卯
U+7B38	笸	exact_ids	unresolved components: 亇	⿱竹叵
U+7B39	笹	exact_ids	unresolved components: 亇	⿱竹世
U+7B3A	笺	exact_ids	unresolved components: 亇,戈	⿱竹戋
U+7B3B	笻	exact_ids	unresolved components: 亇	⿱竹卭
U+7B3C	笼	exact_ids	unresolved components: 亇	⿱竹龙
U+7B3D	笽	exact_ids	unresolved components: 亇	⿱竹皿
U+7B3E	笾	exact_ids	unresolved components: 亇	⿱竹边
U+7B3F	笿	exact_ids	unresolved components: 亇	⿱竹各
U+7B40	筀	exact_ids	unresolved components: 亇	⿱竹圭
U+7B41	筁	exact_ids	unresolved components: 亇	⿱竹曲
U+7B42	筂	exact_ids	unresolved components: 亇	⿱竹池
U+7B43	筃	exact_ids	unresolved components: 亇,因	⿱竹因
U+7B44	筄	exact_ids	unresolved components: 亇	⿱竹兆
U+7B45	筅	exact_ids	unresolved components: 亇	⿱竹先
U+7B46	筆	exact_ids	unresolved components: 亇,聿	⿱竹聿
U+7B47	筇	exact_ids	unresolved components: 亇	⿱竹邛
U+7B48	筈	exact_ids	unresolved components: 亇	⿱竹舌
U+7B49	等	exact_ids	unresolved components: 亇	⿱竹寺
U+7B4A	筊	exact_ids	unresolved components: 亇	⿱竹交
U+7B4B	筋	exact_ids	unresolved components: 亇	⿱竹肋
U+7B4C	筌	exact_ids	unresolved components: 亇	⿱竹全
U+7B4D	筍	exact_ids	unresolved components: 亇,旬	⿱竹旬
U+7B4E	筎	exact_ids	unresolved components: 亇	⿱竹如
U+7B4F	筏	exact_ids	unresolved components: 亇,戈	⿱竹伐
U+7B50	筐	exact_ids	unresolved components: 亇,匡	⿱竹匡
U+7B51	筑	exact_ids	unresolved components: 亇,凡	⿱竹巩
U+7B52	筒	exact_ids	unresolved components: 亇,同	⿱竹同
U+7B53	筓	exact_ids	unresolved components: 亇	⿱竹幵
U+7B54	答	exact_ids	unresolved components: 亇	⿱竹合
U+7B55	筕	exact_ids	unresolved components: 亇	⿱竹行
U+7B56	策	exact_ids	unresolved components: 亇	⿱竹朿
U+7B57	筗	exact_ids	unresolved components: 亇	⿱竹仲
U+7B58	筘	exact_ids	unresolved components: 亇	⿱竹扣
U+7B59	筙	exact_ids	unresolved components: 亇,耒	⿱竹耒
U+7B5A	筚	exact_ids	unresolved components: 亇	⿱竹毕
U+7B5B	筛	exact_ids	unresolved components: 亇	⿱竹师
U+7B5C	筜	exact_ids	unresolved components: 亇	⿱竹当
U+7B5D	筝	exact_ids	unresolved components: 亇,争	⿱竹争
U+7B5E	筞	exact_ids	unresolved components: 亇	⿱竹宋
U+7B5F	筟	exact_ids	unresolved components: 亇	⿱竹孚
U+7B60	筠	exact_ids	unresolved components: 亇,匀	⿱竹均
U+7B61	筡	exact_ids	unresolved components: 亇	⿱竹余
U+7B62	筢	exact_ids	unresolved components: 亇	⿱竹把
U+7B63	筣	exact_ids	unresolved components: 亇	⿱竹利
U+7B64	筤	exact_ids	unresolved components: 亇	⿱竹良
U+7B65	筥	exact_ids	unresolved components: 亇,呂	⿱竹呂
U+7B66	筦	exact_ids	unresolved components: 亇	⿱竹完
U+7B67	筧	exact_ids	unresolved components: 亇	⿱竹見
U+7B68	筨	exact_ids	unresolved components: ㇇,亇	⿱竹含
U+7B69	筩	exact_ids	unresolved components: 亇	⿱竹甬
U+7B6A	筪	exact_ids	unresolved components: 亇,匣	⿱竹匣
U+7B6B	筫	exact_ids	unresolved components: 亇	⿱竹貝
U+7B6C	筬	exact_ids	unresolved components: 亇,成	⿱竹成
U+7B6D	筭	exact_ids	unresolved components: 亇	⿱竹弄
U+7B6E	筮	exact_ids	unresolved components: 亇	⿱竹巫
U+7B6F	筯	exact_ids	unresolved components: 亇	⿱竹助
U+7B70	筰	exact_ids	unresolved components: 亇	⿱竹作
U+7B71	筱	exact_ids	unresolved components: 亇,攸	⿱竹攸
U+7B72	筲	exact_ids	unresolved components: 亇	⿱竹肖
U+7B73	筳	exact_ids	unresolved components: 亇	⿱竹廷
U+7B74	筴	exact_ids	unresolved components: 亇	⿱竹夾
U+7B75	筵	exact_ids	unresolved components: 亇	⿱竹延
U+7B76	筶	exact_ids	unresolved components: 亇	⿱竹告
U+7B77	筷	exact_ids	unresolved components: 亇	⿱竹快
U+7B78	筸	exact_ids	unresolved components: 亇	⿱竹旱
U+7B79	筹	exact_ids	unresolved components: 亇	⿱竹寿
U+7B7A	筺	exact_ids	unresolved components: 亇,匤	⿱竹匤
U+7B7B	筻	exact_ids	unresolved components: 亇	⿱竹更
U+7B7C	筼	exact_ids	unresolved components: 亇	⿱竹员
U+7B7D	筽	exact_ids	unresolved components: 亇	⿱竹吴
U+7B7E	签	exact_ids	unresolved components: 亇,佥	⿱竹佥
U+7B7F	筿	exact_ids	unresolved components: 亇	⿱竹条
U+7B80	简	exact_ids	unresolved components: 亇,间	⿱竹间
U+7B81	箁	exact_ids	unresolved components: 亇	⿱竹咅
U+7B82	箂	exact_ids	unresolved components: 亇	⿱竹來
U+7B83	箃	exact_ids	unresolved components: 亇	⿱竹取
U+7B84	箄	exact_ids	unresolved components: 亇	⿱竹卑
U+7B85	箅	exact_ids	unresolved components: 亇	⿱竹畀
U+7B86	箆	missing	missing	
U+7B87	箇	exact_ids	unresolved components: 亇,固	⿱竹固
U+7B88	箈	exact_ids	unresolved components: 亇	⿱竹治
U+7B89	箉	exact_ids	unresolved components: 亇	⿱竹拐
U+7B8A	箊	exact_ids	unresolved components: 亇	⿱竹於
U+7B8B	箋	exact_ids	unresolved components: 亇,戈	⿱竹戔
U+7B8C	箌	exact_ids	unresolved components: 亇	⿱竹到
U+7B8D	箍	exact_ids	unresolved components: 亇,匝	⿱竹㧜
U+7B8E	箎	exact_ids	unresolved components: 亇	⿱竹虎
U+7B8F	箏	exact_ids	unresolved components: 亇	⿱竹爭
U+7B90	箐	exact_ids	unresolved components: 亇,龶	⿱竹青
U+7B91	箑	exact_ids	unresolved components: 亇,疌	⿱竹疌
U+7B92	箒	exact_ids	unresolved components: 亇	⿱竹帚
U+7B93	箓	exact_ids	unresolved components: 亇	⿱竹录
U+7B94	箔	exact_ids	unresolved components: 亇	⿱竹泊
U+7B95	箕	exact_ids	unresolved components: 亇	⿱竹其
U+7B96	箖	exact_ids	unresolved components: 亇	⿱竹林
U+7B97	算	exact_ids	unresolved components: 亇,𥃲	⿱竹𥃲
U+7B98	箘	exact_ids	unresolved components: 亇,囷	⿱竹囷
U+7B99	箙	exact_ids	unresolved components: 亇	⿱竹服
U+7B9A	箚	exact_ids	unresolved components: 亇	⿱竹㓣
U+7B9B	箛	exact_ids	unresolved components: 亇	⿱竹孤
U+7B9C	箜	exact_ids	unresolved components: 亇	⿱竹空
U+7B9D	箝	exact_ids	unresolved components: 亇	⿱竹拑
U+7B9E	箞	exact_ids	unresolved components: 亇	⿱竹卷
U+7B9F	箟	exact_ids	unresolved components: 亇	⿱竹昆
U+7BA0	箠	exact_ids	unresolved components: 亇	⿱竹垂
U+7BA1	管	exact_ids	unresolved components: 亇	⿱竹官
U+7BA2	箢	exact_ids	unresolved components: 亇	⿱竹宛
U+7BA3	箣	exact_ids	unresolved components: 亇	⿱竹刺
U+7BA4	箤	exact_ids	unresolved components: 亇,卒	⿱竹卒
U+7BA5	箥	exact_ids	unresolved components: 亇	⿱竹波
U+7BA6	箦	exact_ids	unresolved components: 亇,龶	⿱竹责
U+7BA7	箧	missing	missing	
U+7BA8	箨	exact_ids	unresolved components: 亇	⿱竹择
U+7BA9	箩	exact_ids	unresolved components: 亇	⿱竹罗
U+7BAA	箪	exact_ids	unresolved components: 亇,単	⿱竹単
U+7BAB	箫	exact_ids	unresolved components: 亇,肃	⿱竹肃
U+7BAC	箬	exact_ids	unresolved components: 亇	⿱竹若
U+7BAD	箭	exact_ids	unresolved components: 亇	⿱竹前
U+7BAE	箮	exact_ids	unresolved components: 亇,亘	⿱竹宣
U+7BAF	箯	exact_ids	unresolved components: 亇	⿱竹便
U+7BB0	箰	exact_ids	unresolved components: 亇,旬	⿱筍子
U+7BB1	箱	exact_ids	unresolved components: 亇	⿱竹相
U+7BB2	箲	exact_ids	unresolved components: 亇	⿱竹洗
U+7BB3	箳	exact_ids	unresolved components: 亇	⿱竹屏
U+7BB4	箴	exact_ids	unresolved components: 亇,咸	⿱竹咸
U+7BB5	箵	exact_ids	unresolved components: 亇	⿱竹省
U+7BB6	箶	exact_ids	unresolved components: 亇	⿱竹胡
U+7BB7	箷	exact_ids	unresolved components: 亇	⿱竹施
U+7BB8	箸	exact_ids	unresolved components: 亇	⿱竹者
U+7BB9	箹	exact_ids	unresolved components: 亇,勺	⿱竹約
U+7BBA	箺	exact_ids	unresolved components: 亇	⿱竹春
U+7BBB	箻	exact_ids	unresolved components: 亇,聿	⿱竹律
U+7BBC	箼	exact_ids	unresolved components: 亇	⿱竹屋
U+7BBD	箽	exact_ids	unresolved components: 亇,里	⿱竹重
U+7BBE	箾	exact_ids	unresolved components: 亇	⿱竹削
U+7BBF	箿	exact_ids	unresolved components: 亇	⿱竹咠
U+7BC0	節	exact_ids	unresolved components: 亇	⿱竹即
U+7BC1	篁	exact_ids	unresolved components: 亇	⿱竹皇
U+7BC2	篂	exact_ids	unresolved components: 亇	⿱竹星
U+7BC3	篃	exact_ids	unresolved components: 亇	⿱竹眉
U+7BC4	範	exact_ids	unresolved components: 亇	⿱竹𨊠
U+7BC5	篅	exact_ids	unresolved components: 亇	⿱竹耑
U+7BC6	篆	exact_ids	unresolved components: 亇	⿱竹彖
U+7BC7	篇	exact_ids	unresolved components: 亇,𠕁	⿱竹扁
U+7BC8	篈	exact_ids	unresolved components: 亇	⿱竹封
U+7BC9	築	exact_ids	unresolved components: 亇,凡	⿱筑木
U+7BCA	篊	exact_ids	unresolved components: 亇	⿱竹洪
U+7BCB	篋	exact_ids	unresolved components: 亇,匧	⿱竹匧
U+7BCC	篌	exact_ids	unresolved components: 亇,侯	⿱竹侯
U+7BCD	篍	exact_ids	unresolved components: 亇	⿱竹秋
U+7BCE	篎	exact_ids	unresolved components: 亇	⿱竹眇
U+7BCF	篏	exact_ids	unresolved components: 亇	⿱竹𣢟
U+7BD0	篐	exact_ids	unresolved components: 亇,匝	⿱竹𣐝
U+7BD1	篑	exact_ids	unresolved components: 亇	⿱竹贵
U+7BD2	篒	exact_ids	unresolved components: 亇	⿱竹食
U+7BD3	篓	exact_ids	unresolved components: 亇	⿱竹娄
U+7BD4	篔	exact_ids	unresolved components: 亇	⿱竹員
U+7BD5	篕	exact_ids	unresolved components: 亇	⿱竹盍
U+7BD6	篖	exact_ids	unresolved components: 亇,唐	⿱竹唐
U+7BD7	篗	exact_ids	unresolved components: 亇	⿱竹隻
U+7BD8	篘	exact_ids	unresolved components: 亇,芻	⿱竹芻
U+7BD9	篙	exact_ids	unresolved components: 亇,高	⿱竹高
U+7BDA	篚	exact_ids	unresolved components: 亇,匪	⿱竹匪
U+7BDB	篛	exact_ids	unresolved components: 亇	⿱竹弱
U+7BDC	篜	exact_ids	unresolved components: 亇	⿱竹烝
U+7BDD	篝	exact_ids	unresolved components: 亇	⿱竹冓
U+7BDE	篞	exact_ids	unresolved components: 亇	⿱竹涅
U+7BDF	篟	exact_ids	unresolved components: 亇,円,龶	⿱竹倩
U+7BE0	篠	exact_ids	unresolved components: 亇,條	⿱竹條
U+7BE1	篡	exact_ids	unresolved components: 亇,𥃲	⿱算厶
U+7BE2	篢	exact_ids	unresolved components: 亇	⿱竹貢
U+7BE3	篣	exact_ids	unresolved components: 亇	⿱竹旁
U+7BE4	篤	exact_ids	unresolved components: 亇	⿱竹馬
U+7BE5	篥	exact_ids	unresolved components: 亇	⿱竹栗
U+7BE6	篦	exact_ids	unresolved components: 亇,囟	⿱竹𣬉
U+7BE7	篧	exact_ids	unresolved components: 亇	⿱竹隺
U+7BE8	篨	exact_ids	unresolved components: 亇	⿱竹除
U+7BE9	篩	exact_ids	unresolved components: 亇,師	⿱竹師
U+7BEA	篪	exact_ids	unresolved components: 亇,虒	⿱竹虒
U+7BEB	篫	exact_ids	unresolved components: 亇,凡	⿱筑手
U+7BEC	篬	exact_ids	unresolved components: 亇,倉	⿱竹倉
U+7BED	篭	exact_ids	unresolved components: 亇,电	⿱竹竜
U+7BEE	篮	exact_ids	unresolved components: 亇,监	⿱竹监
U+7BEF	篯	exact_ids	unresolved components: 亇,戈	⿱竹钱
U+7BF0	篰	exact_ids	unresolved components: 亇	⿱竹部
U+7BF1	篱	exact_ids	unresolved components: 亇,凶	⿱竹离
U+7BF2	篲	exact_ids	unresolved components: 亇	⿱竹彗
U+7BF3	篳	exact_ids	unresolved components: 亇	⿱竹畢
U+7BF4	篴	exact_ids	unresolved components: 亇	⿱竹逐
U+7BF5	篵	exact_ids	unresolved components: 亇,從	⿱竹從
U+7BF6	篶	exact_ids	unresolved components: 亇	⿱竹焉
U+7BF7	篷	exact_ids	unresolved components: 亇	⿱竹逢
U+7BF8	篸	exact_ids	unresolved components: 亇,參	⿱竹參
U+7BF9	篹	missing	missing	
U+7BFA	篺	exact_ids	unresolved components: 亇	⿱竹捭
U+7BFB	篻	exact_ids	unresolved components: 亇	⿱竹票
U+7BFC	篼	exact_ids	unresolved components: 亇,兜	⿱竹兜
U+7BFD	篽	exact_ids	unresolved components: 亇	⿱竹御
U+7BFE	篾	exact_ids	unresolved components: 亇,戍	⿱𥬥戍
U+7BFF	篿	exact_ids	unresolved components: 亇,𤰔	⿱竹專
U+7C00	簀	exact_ids	unresolved components: 亇,龶	⿱竹責
U+7C01	簁	exact_ids	unresolved components: 亇	⿱竹徙
U+7C02	簂	exact_ids	unresolved components: 亇,國	⿱竹國
U+7C03	簃	exact_ids	unresolved components: 亇	⿱竹移
U+7C04	簄	exact_ids	unresolved components: 亇	⿱竹扈
U+7C05	簅	exact_ids	unresolved components: 亇	⿱竹產
U+7C06	簆	exact_ids	unresolved components: 亇,寇	⿱竹寇
U+7C07	簇	exact_ids	unresolved components: 亇,族	⿱竹族
U+7C08	簈	exact_ids	unresolved components: 亇,幷	⿱竹屛
U+7C09	簉	exact_ids	unresolved components: 亇	⿱竹造
U+7C0A	簊	exact_ids	unresolved components: 亇	⿱竹基
U+7C0B	簋	exact_ids	unresolved components: 亇	⿱筤皿
U+7C0C	簌	exact_ids	unresolved components: 亇	⿱竹欶
U+7C0D	簍	exact_ids	unresolved components: 亇,婁	⿱竹婁
U+7C0E	簎	exact_ids	unresolved components: 亇,龷	⿱竹措
U+7C0F	簏	exact_ids	unresolved components: 亇	⿱竹鹿
U+7C10	簐	exact_ids	unresolved components: 亇	⿱竹軟
U+7C11	簑	exact_ids	unresolved components: 亇,衰	⿱竹衰
U+7C12	簒	missing	missing	
U+7C13	簓	exact_ids	unresolved components: 亇,周	⿱竹彫
U+7C14	簔	exact_ids	unresolved components: 亇,衰	⿱竹衰
U+7C15	簕	exact_ids	unresolved components: 亇	⿱竹勒
U+7C16	簖	exact_ids	unresolved components: 亇,断	⿱竹断
U+7C17	簗	exact_ids	unresolved components: 亇,梁	⿱竹梁
U+7C18	簘	exact_ids	unresolved components: 亇,粛	⿱竹粛
U+7C19	簙	exact_ids	unresolved components: 亇	⿱竹博
U+7C1A	簚	missing	missing	
U+7C1B	簛	exact_ids	unresolved components: 亇	⿱竹斯
U+7C1C	簜	exact_ids	unresolved components: 亇	⿱竹湯
U+7C1D	簝	exact_ids	unresolved components: 亇,昚	⿱竹尞
U+7C1E	簞	exact_ids	unresolved components: 亇,單	⿱竹單
U+7C1F	簟	exact_ids	unresolved components: 亇	⿱竹覃
U+7C20	簠	exact_ids	unresolved components: 亇	⿱竹盙
U+7C21	簡	exact_ids	unresolved components: 亇,間	⿱竹間
U+7C22	簢	exact_ids	unresolved components: 亇,閔	⿱竹閔
U+7C23	簣	exact_ids	unresolved components: 亇	⿱竹貴
U+7C24	簤	exact_ids	unresolved components: 亇	⿱竹買
U+7C25	簥	exact_ids	unresolved components: 亇,冋	⿱竹喬
U+7C26	簦	exact_ids	unresolved components: 亇	⿱竹登
U+7C27	簧	exact_ids	unresolved components: 亇	⿱竹黄
U+7C28	簨	exact_ids	unresolved components: 亇	⿱竹巽
U+7C29	簩	exact_ids	unresolved components: 亇	⿱竹勞
U+7C2A	簪	exact_ids	unresolved components: 亇	⿱竹朁
U+7C2B	簫	exact_ids	unresolved components: 亇	⿱竹肅
U+7C2C	簬	exact_ids	unresolved components: 亇	⿱竹路
U+7C2D	簭	missing	missing	
U+7C2E	簮	exact_ids	unresolved components: 亇	⿱竹替
U+7C2F	簯	exact_ids	unresolved components: 亇	⿱竹棋
U+7C30	簰	exact_ids	unresolved components: 亇	⿱竹牌
U+7C31	簱	exact_ids	unresolved components: 亇	⿱竹𣄃
U+7C32	簲	exact_ids	unresolved components: 亇	⿱竹脾
U+7C33	簳	exact_ids	unresolved components: 亇,幹	⿱竹幹
U+7C34	簴	exact_ids	unresolved components: 亇	⿱竹虡
U+7C35	簵	exact_ids	unresolved components: 亇	⿱竹輅
U+7C36	簶	exact_ids	unresolved components: 亇	⿱竹禄
U+7C37	簷	exact_ids	unresolved components: 亇,詹	⿱竹詹
U+7C38	簸	exact_ids	unresolved components: 亇,𤿺	⿱竹𤿺
U+7C39	簹	exact_ids	unresolved components: 亇,冋	⿱竹當
U+7C3A	簺	exact_ids	unresolved components: 亇	⿱竹塞
U+7C3B	簻	exact_ids	unresolved components: 亇	⿱竹過
U+7C3C	簼	exact_ids	unresolved components: 亇	⿱竹搆
U+7C3D	簽	exact_ids	unresolved components: 亇,僉	⿱竹僉
U+7C3E	簾	exact_ids	unresolved components: 亇	⿱竹廉
U+7C3F	簿	exact_ids	unresolved components: 亇	⿱竹溥
U+7C40	籀	exact_ids	unresolved components: 㨨,亇	⿱竹㨨
U+7C41	籁	exact_ids	unresolved components: ⺈,亇	⿱竹赖
U+7C42	籂	exact_ids	unresolved components: 亇,布	⿱竹飾
U+7C43	籃	exact_ids	unresolved components: 亇,監	⿱竹監
U+7C44	籄	exact_ids	unresolved components: 亇,匱	⿱竹匱
U+7C45	籅	exact_ids	unresolved components: 亇	⿱竹與
U+7C46	籆	exact_ids	unresolved components: 亇	⿱竹蒦
U+7C47	籇	exact_ids	unresolved components: 亇,豪	⿱竹豪
U+7C48	籈	exact_ids	unresolved components: 亇	⿱竹甄
U+7C49	籉	exact_ids	unresolved components: 亇	⿱竹臺
U+7C4A	籊	exact_ids	unresolved components: 亇	⿱竹翟
U+7C4B	籋	exact_ids	unresolved components: 亇	⿱竹爾
U+7C4C	籌	exact_ids	unresolved components: 亇,壽	⿱竹壽
U+7C4D	籍	exact_ids	unresolved components: 亇,耒,龷	⿱竹耤
U+7C4E	籎	exact_ids	unresolved components: 亇,疑	⿱竹疑
U+7C4F	籏	exact_ids	unresolved components: 亇,旗	⿱竹旗
U+7C50	籐	exact_ids	unresolved components: 亇,𣳾	⿱竹滕
U+7C51	籑	missing	missing	
U+7C52	籒	exact_ids	unresolved components: 㩅,亇	⿱竹㩅
U+7C53	籓	exact_ids	unresolved components: 亇	⿱竹潘
U+7C54	籔	exact_ids	unresolved components: 亇,婁	⿱竹數
U+7C55	籕	exact_ids	unresolved components: 亇,留	⿱竹榴
U+7C56	籖	exact_ids	unresolved components: 亇,韯	⿱竹韯
U+7C57	籗	exact_ids	unresolved components: 亇	⿱竹霍
U+7C58	籘	exact_ids	unresolved components: 亇	⿱竹縢
U+7C59	籙	exact_ids	unresolved components: 亇	⿱竹録
U+7C5A	籚	exact_ids	unresolved components: 亇,𧆨	⿱竹盧
U+7C5B	籛	exact_ids	unresolved components: 亇,戈	⿱竹錢
U+7C5C	籜	exact_ids	unresolved components: 亇,𢆉	⿱竹擇
U+7C5D	籝	exact_ids	unresolved components: 亇,嬴	⿱竹嬴
U+7C5E	籞	exact_ids	unresolved components: 亇	⿱竹禦
U+7C5F	籟	exact_ids	unresolved components: 亇,賴	⿱竹賴
U+7C60	籠	exact_ids	unresolved components: 亇	⿱竹龍
U+7C61	籡	exact_ids	unresolved components: 亇,僉	⿱竹撿
U+7C62	籢	exact_ids	unresolved components: 亇,僉	⿱竹斂
U+7C63	籣	exact_ids	unresolved components: 亇,闌	⿱竹闌
U+7C64	籤	exact_ids	unresolved components: 亇,韱	⿱竹韱
U+7C65	籥	exact_ids	unresolved components: 亇	⿱竹龠
U+7C66	籦	exact_ids	unresolved components: 亇,里	⿱竹鍾
U+7C67	籧	exact_ids	unresolved components: 亇	⿱竹遽
U+7C68	籨	exact_ids	unresolved components: 亇,僉	⿱竹歛
U+7C69	籩	exact_ids	unresolved components: 亇,臱	⿱竹邊
U+7C6A	籪	exact_ids	unresolved components: 亇	⿱竹斷
U+7C6B	籫	exact_ids	unresolved components: 亇	⿱竹贊
U+7C6C	籬	exact_ids	unresolved components: 亇,凶	⿱竹離
U+7C6D	籭	exact_ids	unresolved components: 丽,亇	⿱竹麗
U+7C6E	籮	exact_ids	unresolved components: 亇	⿱竹羅
U+7C6F	籯	exact_ids	unresolved components: 亇,贏	⿱竹贏
U+7C70	籰	exact_ids	unresolved components: 亇	⿱竹矍
U+7C71	籱	exact_ids	unresolved components: 亇	⿱竹靃
U+7C72	籲	exact_ids	unresolved components: 亇	⿱竹龥
U+7C7A	籺	exact_ids	unresolved components: 乞	⿰米乞
U+7C84	粄	exact_ids	unresolved components: 反	⿰米反
U+7C8E	粎	exact_ids	unresolved components: ㇏	⿰米尺
U+7C99	粙	exact_ids	unresolved components: 由	⿰米由
U+7C9B	粛	missing	missing	
U+7CA1	粡	exact_ids	unresolved components: 同	⿰米同
U+7CA4	粤	missing	missing	
U+7CB1	粱	missing	missing	
U+7CB2	粲	exact_ids	unresolved components: 𣦼	⿱𣦼米
U+7CB4	粴	exact_ids	unresolved components: 里	⿰米里
U+7CB5	粵	missing	missing	
U+7CB7	粷	exact_ids	unresolved components: 匊	⿰米匊
U+7CB9	粹	exact_ids	unresolved components: 卒	⿰米卒
U+7CBE	精	exact_ids	unresolved components: 龶	⿰米青
U+7CC1	糁	exact_ids	unresolved components: 参	⿰米参
U+7CC2	糂	exact_ids	unresolved components: 匹	⿰米甚
U+7CC4	糄	exact_ids	unresolved components: 𠕁	⿰米扁
U+7CC7	糇	exact_ids	unresolved components: 侯	⿰米侯
U+7CC9	糉	exact_ids	unresolved components: 凶	⿰米㚇
U+7CCE	糎	exact_ids	unresolved components: 里	⿰米厘
U+7CD2	糒	missing	missing	
U+7CD3	糓	missing	missing	
U+7CD5	糕	exact_ids	unresolved components: 羔	⿰米羔
U+7CD6	糖	exact_ids	unresolved components: 唐	⿰米唐
U+7CDB	糛	exact_ids	unresolved components: 冋	⿰米堂
U+7CDD	糝	exact_ids	unresolved components: 參	⿰米參
U+7CDF	糟	exact_ids	unresolved components: 曹	⿰米曹
U+7CE0	糠	exact_ids	unresolved components: 隶	⿰米康
U+7CE4	糤	exact_ids	unresolved components: 散	⿰米散
U+7CE7	糧	exact_ids	unresolved components: 里	⿰米量
U+7CE9	糩	exact_ids	unresolved components: 曾	⿰米會
U+7CEA	糪	exact_ids	unresolved components: 𡰪	⿱辟米
U+7CEB	糫	exact_ids	unresolved components: 睘	⿰米睘
U+7CED	糭	missing	missing	
U+7CEE	糮	exact_ids	unresolved components: 監	⿰米監
U+7CF0	糰	exact_ids	unresolved components: 團	⿰米團
U+7CF1	糱	exact_ids	unresolved components: 𡴎	⿱辥米
U+7CF3	糳	missing	missing	
U+7CF5	糵	exact_ids	unresolved components: 薛	⿱薛米
U+7CF7	糷	exact_ids	unresolved components: 闌	⿰米蘭
U+7D04	約	exact_ids	unresolved components: 勺	⿰糹勺
U+7D07	紇	exact_ids	unresolved components: 乞	⿰糹乞
U+7D12	紒	exact_ids	unresolved components: 介	⿰糹介
U+7D18	紘	exact_ids	unresolved components: 厷	⿰糹厷
U+7D1A	級	exact_ids	unresolved components: ㇏	⿰糹及
U+7D1F	紟	exact_ids	unresolved components: ㇇	⿰糹今
U+7D20	素	exact_ids	unresolved components: 龶	⿱龶糸
U+7D2C	紬	exact_ids	unresolved components: 由	⿰糹由
U+7D31	紱	exact_ids	unresolved components: 犮	⿰糹犮
U+7D33	紳	exact_ids	unresolved components: 申	⿰糹申
U+7D45	絅	exact_ids	unresolved components: 冋	⿰糹冋
U+7D47	絇	exact_ids	unresolved components: 句	⿰糹句
U+7D55	絕	missing	missing	
U+7D56	絖	exact_ids	unresolved components: ⺌	⿰糹光
U+7D57	絗	exact_ids	unresolved components: 回	⿰糹回
U+7D59	絙	exact_ids	unresolved components: 亘	⿰糹亘
U+7D5A	絚	exact_ids	unresolved components: 亙	⿰糹亙
U+7D5B	絛	missing	missing	
U+7D62	絢	exact_ids	unresolved components: 旬	⿰糹旬
U+7D67	絧	exact_ids	unresolved components: 同	⿰糹同
U+7D68	絨	exact_ids	unresolved components: 戈	⿰糹戎
U+7D6A	絪	exact_ids	unresolved components: 因	⿰糹因
U+7D6F	絯	exact_ids	unresolved components: 亥	⿰糹亥
U+7D76	絶	exact_ids	unresolved components: ⺈	⿰糹色
U+7D7A	絺	exact_ids	unresolved components: 布	⿰糹希
U+7D7D	絽	exact_ids	unresolved components: 呂	⿰糹呂
U+7D7E	絾	exact_ids	unresolved components: 成	⿰糹成
U+7D87	綇	exact_ids	unresolved components: 酉	⿰糹酉
U+7D8B	綋	exact_ids	unresolved components: 厷	⿰糹宏
U+7D91	綑	exact_ids	unresolved components: 困	⿰糹困
U+7D93	經	exact_ids	unresolved components: 巠	⿰糹巠
U+7D99	継	missing	missing	
U+7DA1	綡	exact_ids	unresolved components: 京	⿰糹京
U+7DA2	綢	exact_ids	unresolved components: 周	⿰糹周
U+7DA7	綧	exact_ids	unresolved components: 享	⿰糹享
U+7DAA	綪	exact_ids	unresolved components: 龶	⿰糹青
U+7DAB	綫	exact_ids	unresolved components: 戈	⿰糹戔
U+7DAE	綮	missing	missing	
U+7DAF	綯	exact_ids	unresolved components: 匋	⿰糹匋
U+7DB1	綱	exact_ids	unresolved components: 岡	⿰糹岡
U+7DB2	網	exact_ids	unresolved components: 罔	⿰糹罔
U+7DB7	綷	exact_ids	unresolved components: 卒	⿰糹卒
U+7DB8	綸	exact_ids	unresolved components: 𠕁	⿰糹侖
U+7DBB	綻	exact_ids	unresolved components: 𤴓	⿰糹定
U+7DC0	緀	exact_ids	unresolved components: 妻	⿰糹妻
U+7DC1	緁	exact_ids	unresolved components: 疌	⿰糹疌
U+7DC3	緃	missing	missing	
U+7DC8	緈	exact_ids	unresolved components: 𢆉	⿰糹幸
U+7DCE	緎	exact_ids	unresolved components: 或	⿰糹或
U+7DD4	緔	exact_ids	unresolved components: 冋	⿰糹尚
U+7DD5	緕	exact_ids	unresolved components: 斉	⿰糹斉
U+7DD8	緘	exact_ids	unresolved components: 咸	⿰糹咸
U+7DDC	緜	missing	missing	
U+7DDE	緞	exact_ids	unresolved components: 段	⿰糹段
U+7DDF	緟	exact_ids	unresolved components: 里	⿰糹重
U+7DE7	緧	exact_ids	unresolved components: 酉	⿰糹酋
U+7DE8	編	exact_ids	unresolved components: 𠕁	⿰糹扁
U+7DEA	緪	exact_ids	unresolved components: 亙	⿰糹恆
U+7DEE	緮	exact_ids	unresolved components: 复	⿰糹复
U+7DF1	緱	exact_ids	unresolved components: 侯	⿰糹侯
U+7DF5	緵	exact_ids	unresolved components: 凶	⿰糸㚇
U+7DF9	緹	exact_ids	unresolved components: 𤴓	⿰糹是
U+7DFE	緾	exact_ids	unresolved components: 里	⿰糹厘
U+7E02	縂	exact_ids	unresolved components: 𠮦	⿰糹总
U+7E04	縄	exact_ids	unresolved components: 申	⿰糸𤰶
U+7E05	縅	exact_ids	unresolved components: 威	⿰糹威
U+7E06	縆	exact_ids	unresolved components: 亘	⿰糹恒
U+7E07	縇	exact_ids	unresolved components: 亘	⿰糹宣
U+7E09	縉	exact_ids	unresolved components: 晉	⿰糹晉
U+7E0A	縊	exact_ids	unresolved components: 益	⿰糹益
U+7E10	縐	exact_ids	unresolved components: 芻	⿰糹芻
U+7E15	縕	exact_ids	unresolved components: 囚	⿰糸𥁕
U+7E16	縖	exact_ids	unresolved components: 害	⿰糹害
U+7E17	縗	exact_ids	unresolved components: 衰	⿰糹衰
U+7E1E	縞	exact_ids	unresolved components: 高	⿰糹高
U+7E20	縠	missing	missing	
U+7E23	縣	exact_ids	unresolved components: 県	⿰県系
U+7E24	縤	exact_ids	unresolved components: 龶	⿰糹素
U+7E26	縦	exact_ids	unresolved components: 従	⿰糹従
U+7E27	縧	exact_ids	unresolved components: 條	⿰糹條
U+7E28	縨	exact_ids	unresolved components: ⺌	⿰糹晃
U+7E29	縩	exact_ids	unresolved components: 祭	⿰糹祭
U+7E2C	縬	exact_ids	unresolved components: 戚	⿰糹戚
U+7E2D	縭	exact_ids	unresolved components: 凶	⿰糹离
U+7E2F	縯	exact_ids	unresolved components: 寅	⿰糹寅
U+7E31	縱	exact_ids	unresolved components: 從	⿰糹從
U+7E33	縳	exact_ids	unresolved components: 𤰔	⿰糹專
U+7E34	縴	exact_ids	unresolved components: 牽	⿰糹牽
U+7E35	縵	exact_ids	unresolved components: 曼	⿰糹曼
U+7E36	縶	exact_ids	unresolved components: 𢆉	⿱執糸
U+7E37	縷	exact_ids	unresolved components: 婁	⿰糹婁
U+7E3C	縼	exact_ids	unresolved components: 旋	⿰糹旋
U+7E3D	總	exact_ids	unresolved components: 囱	⿰糹悤
U+7E3E	績	exact_ids	unresolved components: 龶	⿰糹責
U+7E3F	縿	exact_ids	unresolved components: 參	⿰糹參
U+7E42	繂	exact_ids	unresolved components: 率	⿰糹率
U+7E44	繄	exact_ids	unresolved components: 医	⿱殹糸
U+7E47	繇	missing	missing	
U+7E49	繉	missing	missing	
U+7E4A	繊	missing	missing	
U+7E4C	繌	missing	missing	
U+7E4D	繍	exact_ids	unresolved components: 粛	⿰糹粛
U+7E50	繐	exact_ids	unresolved components: 𤰔	⿰糹惠
U+7E51	繑	exact_ids	unresolved components: 冋	⿰糹喬
U+7E52	繒	exact_ids	unresolved components: 曾	⿰糹曾
U+7E54	織	exact_ids	unresolved components: 戈	⿰糸戠
U+7E55	繕	exact_ids	unresolved components: 善	⿰糹善
U+7E56	繖	exact_ids	unresolved components: 散	⿰糹散
U+7E5A	繚	exact_ids	unresolved components: 昚	⿰糸尞
U+7E5B	繛	exact_ids	unresolved components: 龶	⿰素卓
U+7E5C	繜	exact_ids	unresolved components: 酉	⿰糹尊
U+7E5D	繝	exact_ids	unresolved components: 閒	⿰糹閒
U+7E5F	繟	exact_ids	unresolved components: 單	⿰糹單
U+7E63	繣	exact_ids	unresolved components: 畫	⿰糹畫
U+7E64	繤	missing	missing	
U+7E6A	繪	exact_ids	unresolved components: 曾	⿰糹會
U+7E6C	繬	exact_ids	unresolved components: 回	⿰糹嗇
U+7E6D	繭	missing	missing	
U+7E6E	繮	exact_ids	unresolved components: 三	⿰糸畺
U+7E6F	繯	exact_ids	unresolved components: 睘	⿰糹睘
U+7E72	繲	exact_ids	unresolved components: 解	⿰糹解
U+7E73	繳	exact_ids	unresolved components: 敫	⿰糹敫
U+7E74	繴	exact_ids	unresolved components: 𡰪	⿱辟糸
U+7E75	繵	exact_ids	unresolved components: 回	⿰糹亶
U+7E79	繹	exact_ids	unresolved components: 𢆉	⿰糹睪
U+7E7A	繺	exact_ids	unresolved components: 煞	⿰糹煞
U+7E7D	繽	exact_ids	unresolved components: 賓	⿰糹賓
U+7E7F	繿	exact_ids	unresolved components: 監	⿰糹監
U+7E81	纁	exact_ids	unresolved components: 熏	⿰糹熏
U+7E82	纂	missing	missing	
U+7E85	纅	exact_ids	unresolved components: 樂	⿰糹樂
U+7E8E	纎	exact_ids	unresolved components: 韯	⿰糹韯
U+7E8F	纏	exact_ids	unresolved components: 里,𡉀	⿰糹廛
U+7E91	纑	exact_ids	unresolved components: 𧆨	⿰糹盧
U+7E94	纔	exact_ids	unresolved components: 毚	⿰糹毚
U+7E95	纕	exact_ids	unresolved components: 襄	⿰糹襄
U+7E96	纖	exact_ids	unresolved components: 韱	⿰糹韱
U+7E9A	纚	exact_ids	unresolved components: 丽	⿰糹麗
U+7E9B	纛	exact_ids	unresolved components: 県,龶	⿱毒縣
U+7E9C	纜	exact_ids	unresolved components: 覽	⿰糹覽
U+7EA5	纥	exact_ids	unresolved components: 乞	⿰纟乞
U+7EA6	约	exact_ids	unresolved components: 勺	⿰纟勺
U+7EA7	级	exact_ids	unresolved components: ㇏	⿰纟及
U+7EAE	纮	exact_ids	unresolved components: 厷	⿰纟厷
U+7EB2	纲	exact_ids	unresolved components: 冈	⿰纟冈
U+7EBF	线	exact_ids	unresolved components: 戈	⿰纟戋
U+7EC2	绂	exact_ids	unresolved components: 犮	⿰纟犮
U+7EC3	练	exact_ids	unresolved components: 𫠣	⿰纟𫠣
U+7EC5	绅	exact_ids	unresolved components: 申	⿰纟申
U+7EC9	绉	exact_ids	unresolved components: ⺈	⿰纟刍
U+7ED2	绒	exact_ids	unresolved components: 戈	⿰纟戎
U+7ED5	绕	exact_ids	unresolved components: 尧	⿰纟尧
U+7EDA	绚	exact_ids	unresolved components: 旬	⿰纟旬
U+7EDD	绝	exact_ids	unresolved components: ⺈	⿰纟色
U+7EE7	继	missing	missing	
U+7EE9	绩	exact_ids	unresolved components: 龶	⿰纟责
U+7EF1	绱	exact_ids	unresolved components: 冋	⿰纟尚
U+7EF3	绳	exact_ids	unresolved components: 电	⿰纟黾
U+7EF8	绸	exact_ids	unresolved components: 周	⿰纟周
U+7EF9	绹	exact_ids	unresolved components: 匋	⿰纟匋
U+7EFD	绽	exact_ids	unresolved components: 𤴓	⿰纟定
U+7F04	缄	exact_ids	unresolved components: 咸	⿰纟咸
U+7F06	缆	exact_ids	unresolved components: 览	⿰纟览
U+7F07	缇	exact_ids	unresolved components: 𤴓	⿰纟是
U+7F0E	缎	exact_ids	unresolved components: 段	⿰纟段
U+7F11	缑	exact_ids	unresolved components: 侯	⿰纟侯
U+7F16	编	exact_ids	unresolved components: 𠕁	⿰纟扁
U+7F1E	缞	exact_ids	unresolved components: 衰	⿰纟衰
U+7F1F	缟	exact_ids	unresolved components: 高	⿰纟高
U+7F20	缠	exact_ids	unresolved components: 里	⿰纟㢆
U+7F21	缡	exact_ids	unresolved components: 凶	⿰纟离
U+7F22	缢	exact_ids	unresolved components: 益	⿰纟益
U+7F26	缦	exact_ids	unresolved components: 曼	⿰纟曼
U+7F2D	缭	exact_ids	unresolved components: 昚	⿰纟尞
U+7F2E	缮	exact_ids	unresolved components: 善	⿰纟善
U+7F2F	缯	exact_ids	unresolved components: 曾	⿰纟曾
U+7F30	缰	exact_ids	unresolved components: 三	⿰纟畺
U+7F33	缳	exact_ids	unresolved components: 睘	⿰纟睘
U+7F34	缴	exact_ids	unresolved components: 敫	⿰纟敫
U+7F35	缵	exact_ids	unresolved components: 赞	⿰纟赞
U+7F3F	缿	exact_ids	unresolved components: 后	⿰缶后
U+7F41	罁	exact_ids	unresolved components: 岡	⿰缶岡
U+7F47	罇	exact_ids	unresolved components: 酉	⿰缶尊
U+7F49	罉	exact_ids	unresolved components: 冋	⿰缶掌
U+7F4B	罋	exact_ids	unresolved components: 雍	⿱雍缶
U+7F4F	罏	exact_ids	unresolved components: 𧆨	⿰缶盧
U+7F53	罓	missing	missing	
U+7F54	罔	missing	missing	
U+7F55	罕	exact_ids	unresolved components: ⺳	⿱⺳干
U+7F59	罙	exact_ids	unresolved components: ⺳	⿱⺳木
U+7F5A	罚	exact_ids	structural collision: 罰	⿱罒䚯
U+7F68	罨	exact_ids	unresolved components: 电	⿱罒奄
U+7F6D	罭	exact_ids	unresolved components: 或	⿱罒或
U+7F70	罰	exact_ids	structural collision: 罚	⿱罒䚯
U+7F71	罱	exact_ids	unresolved components: 南	⿱罒南
U+7F76	罶	exact_ids	unresolved components: 留	⿱罒留
U+7F77	罷	exact_ids	unresolved components: 能	⿱罒能
U+7F7B	罻	exact_ids	unresolved components: 尉	⿱罒尉
U+7F7D	罽	missing	missing	
U+7F7E	罾	exact_ids	unresolved components: 曾	⿱罒曾
U+7F7F	罿	exact_ids	unresolved components: 里	⿱罒童
U+7F81	羁	missing	missing	
U+7F86	羆	exact_ids	unresolved components: 能	⿱罒熊
U+7F8E	美	missing	missing	
U+7F90	羐	missing	missing	
U+7F94	羔	missing	missing	
U+7F95	羕	missing	missing	
U+7F99	羙	missing	missing	
U+7FA2	羢	exact_ids	unresolved components: 戈	⿰羊戎
U+7FA3	羣	exact_ids	unresolved components: 尹	⿱君羊
U+7FA4	群	exact_ids	unresolved components: 尹	⿰君羊
U+7FA5	羥	exact_ids	unresolved components: 巠	⿰羊巠
U+7FA8	羨	missing	missing	
U+7FA9	義	missing	missing	
U+7FAC	羬	exact_ids	unresolved components: 咸	⿰羊咸
U+7FAE	羮	missing	missing	
U+7FAF	羯	exact_ids	unresolved components: 匃	⿰羊曷
U+7FB2	羲	missing	missing	
U+7FB6	羶	exact_ids	unresolved components: 回	⿰羊亶
U+7FB7	羷	exact_ids	unresolved components: 僉	⿰羊僉
U+7FB8	羸	missing	missing	
U+7FB9	羹	exact_ids	unresolved components: 美,羔	⿱羔美
U+7FBB	羻	exact_ids	unresolved components: 慶	⿰羊慶
U+7FC3	翃	exact_ids	unresolved components: 厷	⿰厷羽
U+7FC7	翇	exact_ids	unresolved components: 犮	⿱羽犮
U+7FC8	翈	exact_ids	unresolved components: 甲	⿰甲羽
U+7FD1	翑	exact_ids	unresolved components: 句	⿰羽句
U+7FD8	翘	exact_ids	unresolved components: 尧	⿰尧羽
U+7FDB	翛	missing	missing	
U+7FDD	翝	exact_ids	unresolved components: 厷	⿰宏羽
U+7FDE	翞	exact_ids	unresolved components: 京	⿰羽京
U+7FE0	翠	exact_ids	unresolved components: 卒	⿱羽卒
U+7FE2	翢	exact_ids	unresolved components: 周	⿰周羽
U+7FE4	翤	missing	missing	
U+7FE7	翧	exact_ids	unresolved components: 亘	⿰宣羽
U+7FE8	翨	exact_ids	unresolved components: 𤴓	⿱羽是
U+7FE9	翩	exact_ids	unresolved components: 𠕁	⿰扁羽
U+7FEA	翪	exact_ids	unresolved components: 凶	⿰羽㚇
U+7FED	翭	exact_ids	unresolved components: 侯	⿰羽侯
U+7FEF	翯	exact_ids	unresolved components: 高	⿱羽高
U+7FF0	翰	missing	missing	
U+7FF3	翳	exact_ids	unresolved components: 医	⿱殹羽
U+7FF6	翶	exact_ids	unresolved components: 皐	⿰皐羽
U+7FFA	翺	exact_ids	unresolved components: 臯	⿰臯羽
U+7FFD	翽	exact_ids	unresolved components: 歲	⿰歲羽
U+7FFE	翾	exact_ids	unresolved components: 睘	⿰睘羽
U+7FFF	翿	exact_ids	unresolved components: 壽	⿰壽羽
U+8000	耀	exact_ids	unresolved components: ⺌	⿰光翟
U+8007	耇	exact_ids	unresolved components: 句	⿱耂句
U+8008	耈	exact_ids	unresolved components: 句	⿱老句
U+8012	耒	missing	missing	
U+8013	耓	exact_ids	unresolved components: 耒	⿰耒丁
U+8014	耔	exact_ids	unresolved components: 耒	⿰耒子
U+8015	耕	exact_ids	unresolved components: 耒	⿰耒井
U+8016	耖	exact_ids	unresolved components: 耒	⿰耒少
U+8017	耗	exact_ids	unresolved components: 耒	⿰耒毛
U+8018	耘	exact_ids	unresolved components: 耒	⿰耒云
U+8019	耙	exact_ids	unresolved components: 耒	⿰耒巴
U+801A	耚	exact_ids	unresolved components: 耒	⿰耒皮
U+801B	耛	exact_ids	unresolved components: 耒	⿰耒台
U+801C	耜	exact_ids	unresolved components: 耒	⿰耒㠯
U+801D	耝	exact_ids	unresolved components: 耒	⿰耒且
U+801E	耞	exact_ids	unresolved components: 耒	⿰耒加
U+801F	耟	exact_ids	unresolved components: 耒	⿰耒巨
U+8020	耠	exact_ids	unresolved components: 耒	⿰耒合
U+8021	耡	exact_ids	unresolved components: 耒	⿰耒助
U+8022	耢	exact_ids	unresolved components: 耒	⿰耒劳
U+8023	耣	exact_ids	unresolved components: 耒,𠕁	⿰耒侖
U+8024	耤	exact_ids	unresolved components: 耒,龷	⿰耒昔
U+8025	耥	exact_ids	unresolved components: 冋,耒	⿰耒尚
U+8026	耦	exact_ids	unresolved components: 耒	⿰耒禺
U+8027	耧	exact_ids	unresolved components: 耒	⿰耒娄
U+8028	耨	exact_ids	unresolved components: 耒	⿰耒辱
U+8029	耩	exact_ids	unresolved components: 耒	⿰耒冓
U+802A	耪	exact_ids	unresolved components: 耒	⿰耒旁
U+802B	耫	exact_ids	unresolved components: 耒,龶	⿰耒責
U+802C	耬	exact_ids	unresolved components: 婁,耒	⿰耒婁
U+802D	耭	exact_ids	unresolved components: 戍,耒	⿰耒幾
U+802E	耮	exact_ids	unresolved components: 耒	⿰耒勞
U+802F	耯	exact_ids	unresolved components: 耒	⿰耒蒦
U+8030	耰	exact_ids	unresolved components: 耒	⿰耒憂
U+8031	耱	exact_ids	unresolved components: 耒	⿰耒磨
U+8032	耲	exact_ids	unresolved components: 耒,褱	⿰耒褱
U+8039	耹	exact_ids	unresolved components: ㇇	⿰耳今
U+803E	耾	exact_ids	unresolved components: 厷	⿰耳厷
U+8040	聀	exact_ids	unresolved components: 戈	⿰耳戈
U+804A	聊	exact_ids	unresolved components: 卯	⿰耳卯
U+8053	聓	exact_ids	unresolved components: 凡	⿱巩耳
U+8056	聖	exact_ids	unresolved components: 𦔻	⿱𦔻王
U+8058	聘	exact_ids	unresolved components: 由	⿰耳甹
U+8059	聙	exact_ids	unresolved components: 龶	⿰耳青
U+805D	聝	exact_ids	unresolved components: 或	⿰耳或
U+805E	聞	missing	missing	
U+8062	聢	exact_ids	unresolved components: 𤴓	⿰耳定
U+8064	聤	exact_ids	unresolved components: 亭	⿰耳亭
U+8065	聥	exact_ids	unresolved components: 禹	⿰耳禹
U+806A	聪	exact_ids	unresolved components: 𠮦	⿰耳总
U+806B	聫	missing	missing	
U+806F	聯	exact_ids	unresolved components: 𢇇	⿰耳𢇇
U+8070	聰	exact_ids	unresolved components: 囱	⿰耳悤
U+8071	聱	exact_ids	unresolved components: 敖	⿱敖耳
U+8073	聳	exact_ids	unresolved components: 從	⿱從耳
U+8074	聴	missing	missing	
U+8077	職	exact_ids	unresolved components: 戈	⿰耳戠
U+8078	聸	exact_ids	unresolved components: 詹	⿰耳詹
U+8079	聹	exact_ids	unresolved components: 寜	⿰耳寜
U+807A	聺	exact_ids	unresolved components: 祭	⿰耳察
U+807C	聼	missing	missing	
U+807D	聽	missing	missing	
U+807F	聿	missing	missing	
U+8081	肁	exact_ids	unresolved components: 聿	⿱户聿
U+8082	肂	exact_ids	unresolved components: 聿	⿰歹聿
U+8083	肃	missing	missing	
U+8084	肄	missing	missing	
U+8086	肆	exact_ids	unresolved components: 聿	⿰镸聿
U+8087	肇	missing	missing	
U+8088	肈	missing	missing	
U+8090	肐	exact_ids	unresolved components: 乞	⿰月乞
U+8091	肑	exact_ids	unresolved components: 勺	⿰月勺
U+80A0	肠	exact_ids	unresolved components: 𠃓	⿰月𠃓
U+80A3	肣	exact_ids	unresolved components: ㇇	⿰月今
U+80A6	肦	exact_ids	structural collision: 朌	⿰月分
U+80B0	肰	exact_ids	structural collision: 肽	⿰月犬
U+80B1	肱	exact_ids	unresolved components: 厷	⿰月厷
U+80B2	育	missing	missing	
U+80B8	肸	missing	missing	
U+80BD	肽	exact_ids	structural collision: 肰	⿰月太
U+80C2	胂	exact_ids	unresolved components: 申	⿰月申
U+80C4	胄	exact_ids	unresolved components: 由	⿱由月
U+80C8	胈	exact_ids	unresolved components: 犮	⿰月犮
U+80CA	胊	exact_ids	unresolved components: 句	⿰月句
U+80CC	背	exact_ids	unresolved components: 北	⿱北月
U+80D0	胐	missing	missing	
U+80DB	胛	exact_ids	unresolved components: 甲	⿰月甲
U+80DE	胞	exact_ids	unresolved components: 包	⿰月包
U+80E4	胤	missing	missing	
U+80ED	胭	exact_ids	unresolved components: 因	⿰月因
U+80F1	胱	exact_ids	unresolved components: ⺌	⿰月光
U+80F2	胲	exact_ids	unresolved components: 亥	⿰月亥
U+80F4	胴	exact_ids	unresolved components: 同	⿰月同
U+80F7	胷	exact_ids	unresolved components: 匈	⿱匈月
U+80F8	胸	exact_ids	unresolved components: 匈	⿰月匈
U+80FD	能	missing	missing	
U+80FE	胾	missing	missing	
U+8101	脁	missing	missing	
U+8103	脃	exact_ids	unresolved components: ⺈	⿰月色
U+8106	脆	exact_ids	unresolved components: ⺈	⿰月危
U+8108	脈	missing	missing	
U+8109	脉	exact_ids	unresolved components: 永	⿰月永
U+8111	脑	exact_ids	unresolved components: 凶	⿰月㐫
U+811B	脛	exact_ids	unresolved components: 巠	⿰月巠
U+811D	脝	exact_ids	unresolved components: 亨	⿰月亨
U+8127	脧	exact_ids	structural collision: 朘	⿰月夋
U+8129	脩	missing	missing	
U+812A	脪	exact_ids	unresolved components: 布	⿰月希
U+812B	脫	exact_ids	structural collision: 脱	⿰月兌
U+8131	脱	exact_ids	structural collision: 脫	⿰月兌
U+8133	脳	missing	missing	
U+8138	脸	exact_ids	unresolved components: 佥	⿰月佥
U+813A	脺	exact_ids	unresolved components: 卒	⿰月卒
U+813B	脻	exact_ids	unresolved components: 疌	⿰月疌
U+813F	脿	exact_ids	unresolved components: 表	⿰月表
U+8140	腀	exact_ids	unresolved components: 𠕁	⿰月侖
U+8141	腁	exact_ids	unresolved components: 幷	⿰月幷
U+8148	腈	exact_ids	unresolved components: 龶	⿰月青
U+814A	腊	exact_ids	unresolved components: 龷	⿰月昔
U+814B	腋	exact_ids	unresolved components: 夜	⿰月夜
U+814C	腌	exact_ids	unresolved components: 电	⿰月奄
U+814D	腍	exact_ids	unresolved components: ㇇	⿰月念
U+8157	腗	exact_ids	unresolved components: 由	⿰月畁
U+8158	腘	exact_ids	unresolved components: 国	⿰月国
U+815A	腚	exact_ids	unresolved components: 𤴓	⿰月定
U+8166	腦	exact_ids	unresolved components: 囟	⿰月𡿺
U+8169	腩	exact_ids	unresolved components: 南	⿰月南
U+816B	腫	exact_ids	unresolved components: 里	⿰月重
U+816F	腯	exact_ids	unresolved components: ⺁	⿰月盾
U+8171	腱	exact_ids	unresolved components: 聿	⿰月建
U+8176	腶	exact_ids	unresolved components: 段	⿰月段
U+8177	腷	exact_ids	unresolved components: 畐	⿰月畐
U+8179	腹	exact_ids	unresolved components: 复	⿰月复
U+817E	腾	exact_ids	structural collision: 騰	⿰月駦
U+8182	膂	exact_ids	unresolved components: 旅	⿱旅月
U+8183	膃	exact_ids	unresolved components: 囚	⿰月𥁕
U+8184	膄	exact_ids	unresolved components: 𦥔	⿰月叟
U+8185	膅	exact_ids	unresolved components: 唐	⿰月唐
U+8186	膆	exact_ids	unresolved components: 龶	⿰月素
U+8189	膉	exact_ids	unresolved components: 益	⿰月益
U+818D	膍	exact_ids	unresolved components: 囟	⿰月𣬉
U+818F	膏	exact_ids	unresolved components: 高	⿱高月
U+8190	膐	exact_ids	unresolved components: 旅	⿱旅肉
U+8192	膒	exact_ids	unresolved components: 區	⿰月區
U+8193	膓	missing	missing	
U+8195	膕	exact_ids	unresolved components: 國	⿰月國
U+819B	膛	exact_ids	unresolved components: 冋	⿰月堂
U+819E	膞	exact_ids	unresolved components: 𤰔	⿰月專
U+819F	膟	exact_ids	unresolved components: 率	⿰月率
U+81A2	膢	exact_ids	unresolved components: 婁	⿰月婁
U+81A5	膥	missing	missing	
U+81A7	膧	missing	missing	
U+81AB	膫	exact_ids	unresolved components: 昚	⿰月尞
U+81B1	膱	exact_ids	unresolved components: 戈	⿰月戠
U+81B3	膳	exact_ids	unresolved components: 善	⿰月善
U+81B5	膵	exact_ids	unresolved components: 卒	⿰月萃
U+81B6	膶	exact_ids	unresolved components: 閏	⿰月閏
U+81BB	膻	exact_ids	unresolved components: 回	⿰月亶
U+81BD	膽	exact_ids	unresolved components: 詹	⿰月詹
U+81BE	膾	exact_ids	unresolved components: 曾	⿰月會
U+81C0	臀	exact_ids	unresolved components: 殿	⿱殿月
U+81C2	臂	exact_ids	unresolved components: 𡰪	⿱辟月
U+81C3	臃	exact_ids	unresolved components: 雍	⿰月雍
U+81C5	臅	exact_ids	unresolved components: 𠣜	⿰月蜀
U+81C8	臈	exact_ids	unresolved components: 匃	⿰月葛
U+81C9	臉	exact_ids	unresolved components: 僉	⿰月僉
U+81CB	臋	exact_ids	unresolved components: 殿	⿱殿肉
U+81CE	臎	exact_ids	unresolved components: 卒	⿰月翠
U+81CF	臏	exact_ids	unresolved components: 賓	⿰月賓
U+81D0	臐	exact_ids	unresolved components: 熏	⿰月熏
U+81D3	臓	exact_ids	unresolved components: 蔵	⿰月蔵
U+81D6	臖	exact_ids	unresolved components: 興	⿱興月
U+81D8	臘	exact_ids	unresolved components: 巤	⿰月巤
U+81D9	臙	exact_ids	unresolved components: 燕	⿰月燕
U+81DA	臚	exact_ids	unresolved components: 𧆨	⿰月盧
U+81DC	臜	exact_ids	unresolved components: 赞	⿰月赞
U+81DD	臝	missing	missing	
U+81DF	臟	exact_ids	unresolved components: 臧	⿰月藏
U+81E7	臧	missing	missing	
U+81E8	臨	missing	missing	
U+81EE	臮	missing	missing	
U+81EF	臯	missing	missing	
U+81F1	臱	missing	missing	
U+81F2	臲	exact_ids	unresolved components: ⺈	⿰臬危
U+81F6	臶	exact_ids	unresolved components: 存	⿰至存
U+81F7	臷	missing	missing	
U+81F9	臹	exact_ids	unresolved components: 成	⿰至成
U+81FD	臽	exact_ids	unresolved components: ⺈	⿱⺈臼
U+8204	舄	exact_ids	unresolved components: 灳	⿱臼灳
U+8206	舆	missing	missing	
U+8208	興	missing	missing	
U+820A	舊	missing	missing	
U+820B	舋	missing	missing	
U+8214	舔	exact_ids	unresolved components: 㣺	⿰舌忝
U+821A	舚	exact_ids	unresolved components: 詹	⿰舌詹
U+821D	舝	missing	missing	
U+821E	舞	missing	missing	
U+8224	舤	exact_ids	unresolved components: 凡	⿰舟凡
U+8227	舧	missing	missing	
U+8228	舨	exact_ids	unresolved components: 反	⿰舟反
U+8233	舳	exact_ids	unresolved components: 由	⿰舟由
U+823A	舺	exact_ids	unresolved components: 甲	⿰舟甲
U+8243	艃	exact_ids	unresolved components: 里	⿰舟里
U+824C	艌	exact_ids	unresolved components: ㇇	⿰舟念
U+8250	艐	exact_ids	unresolved components: 凶	⿰舟㚇
U+8251	艑	exact_ids	unresolved components: 𠕁	⿰舟扁
U+8252	艒	exact_ids	unresolved components: 冃	⿰舟冒
U+8254	艔	exact_ids	unresolved components: 度	⿰舟度
U+8257	艗	exact_ids	unresolved components: 益	⿰舟益
U+8258	艘	exact_ids	unresolved components: 𦥔	⿰舟叟
U+8259	艙	exact_ids	unresolved components: 倉	⿰舟倉
U+825A	艚	exact_ids	unresolved components: 曹	⿰舟曹
U+825B	艛	exact_ids	unresolved components: 婁	⿰舟婁
U+825E	艞	exact_ids	unresolved components: 亇	⿰舟筄
U+825F	艟	exact_ids	unresolved components: 里	⿰舟童
U+8261	艡	exact_ids	unresolved components: 冋	⿰舟當
U+8262	艢	exact_ids	unresolved components: 回	⿰舟嗇
U+8264	艤	exact_ids	unresolved components: 義	⿰舟義
U+8265	艥	exact_ids	unresolved components: 戈	⿰舟戢
U+8266	艦	exact_ids	unresolved components: 監	⿰舟監
U+8268	艨	exact_ids	unresolved components: 冃	⿰舟蒙
U+826B	艫	exact_ids	unresolved components: 𧆨	⿰舟盧
U+826C	艬	exact_ids	unresolved components: 毚	⿰舟毚
U+8272	色	exact_ids	unresolved components: ⺈	⿱⺈巴
U+8273	艳	exact_ids	unresolved components: ⺈	⿰丰色
U+8274	艴	exact_ids	unresolved components: ⺈	⿰弗色
U+8275	艵	exact_ids	unresolved components: ⺈	⿰并色
U+8276	艶	exact_ids	unresolved components: ⺈	⿰豊色
U+8277	艷	exact_ids	unresolved components: ⺈,𠁳	⿰豐色
U+8283	芃	exact_ids	unresolved components: 凡	⿱艹凡
U+828D	芍	exact_ids	unresolved components: 勺	⿱艹勺
U+829B	芛	exact_ids	unresolved components: 尹	⿱艹尹
U+82A5	芥	exact_ids	unresolved components: 介	⿱艹介
U+82A8	芨	exact_ids	unresolved components: ㇏	⿱艹及
U+82A9	芩	exact_ids	unresolved components: ㇇	⿱艹今
U+82B6	芶	exact_ids	unresolved components: 勾	⿱艹勾
U+82BB	芻	missing	missing	
U+82C9	苉	exact_ids	unresolved components: 匹	⿱艹匹
U+82D6	苖	exact_ids	unresolved components: 由	⿱艹由
U+82D8	苘	exact_ids	unresolved components: 冋	⿱艹冋
U+82DD	苝	exact_ids	unresolved components: 北	⿱艹北
U+82DE	苞	exact_ids	unresolved components: 包	⿱艹包
U+82DF	苟	exact_ids	unresolved components: 句	⿱艹句
U+82EC	苬	exact_ids	unresolved components: 囚	⿱艹囚
U+82EF	苯	exact_ids	structural collision: 苿,茉	⿱艹本
U+82FF	苿	exact_ids	structural collision: 苯,茉	⿱艹未
U+8302	茂	exact_ids	unresolved components: 戈	⿱艹戊
U+8306	茆	exact_ids	unresolved components: 卯	⿱艹卯
U+8307	茇	exact_ids	unresolved components: 犮	⿱艹犮
U+8309	茉	exact_ids	structural collision: 苯,苿	⿱艹末
U+830D	茍	exact_ids	unresolved components: 句	⿱卝句
U+8319	茙	exact_ids	unresolved components: 戈	⿱艹戎
U+831A	茚	exact_ids	unresolved components: 印	⿱艹印
U+831D	茝	exact_ids	unresolved components: 𦣞	⿱艹𦣞
U+831F	茟	exact_ids	unresolved components: 聿	⿱艹聿
U+8329	茩	exact_ids	unresolved components: 后	⿱艹后
U+832A	茪	exact_ids	unresolved components: ⺌	⿱艹光
U+8330	茰	missing	missing	
U+8334	茴	exact_ids	unresolved components: 回	⿱艹回
U+8335	茵	exact_ids	unresolved components: 因	⿱艹因
U+8336	茶	missing	missing	
U+8337	茷	exact_ids	unresolved components: 戈	⿱艹伐
U+833C	茼	exact_ids	unresolved components: 同	⿱艹同
U+833F	茿	exact_ids	unresolved components: 凡	⿱艹巩
U+8340	荀	exact_ids	unresolved components: 旬	⿱艹旬
U+8341	荁	exact_ids	unresolved components: 亘	⿱艹亘
U+8344	荄	exact_ids	unresolved components: 亥	⿱艹亥
U+8350	荐	exact_ids	unresolved components: 存	⿱艹存
U+8357	荗	exact_ids	unresolved components: 戍	⿱艹戍
U+835B	荛	exact_ids	unresolved components: 尧	⿱艹尧
U+8361	荡	exact_ids	unresolved components: 𠃓	⿱艹汤
U+8369	荩	exact_ids	unresolved components: ㇏	⿱艹尽
U+836F	药	exact_ids	unresolved components: 勺	⿱艹约
U+8372	荲	exact_ids	unresolved components: 里	⿱艹里
U+8376	荶	exact_ids	unresolved components: ㇇	⿱艹吟
U+837A	荺	exact_ids	unresolved components: 匀	⿱艹均
U+837F	荿	exact_ids	unresolved components: 成	⿱艹成
U+8383	莃	exact_ids	unresolved components: 布	⿱艹希
U+8392	莒	exact_ids	unresolved components: 呂	⿱艹呂
U+8396	莖	exact_ids	unresolved components: 巠	⿱艹巠
U+8399	莙	exact_ids	unresolved components: 尹	⿱艹君
U+839C	莜	exact_ids	unresolved components: 攸	⿱艹攸
U+839F	莟	exact_ids	unresolved components: ㇇	⿱艹含
U+83A4	莤	exact_ids	unresolved components: 酉	⿱艹酉
U+83AA	莪	exact_ids	unresolved components: 戈	⿱艹我
U+83B1	莱	exact_ids	unresolved components: 来	⿱艹来
U+83B5	莵	exact_ids	unresolved components: 兎	⿱艹兎
U+83B6	莶	exact_ids	unresolved components: 佥	⿱艹佥
U+83BD	莽	missing	missing	
U+83C1	菁	exact_ids	unresolved components: 円,龶	⿱艹靑
U+83C2	菂	exact_ids	unresolved components: 勺	⿱艹的
U+83CA	菊	exact_ids	unresolved components: 匊	⿱艹匊
U+83CC	菌	exact_ids	unresolved components: 囷	⿱艹囷
U+83CD	菍	exact_ids	unresolved components: ㇇	⿱艹念
U+83D1	菑	exact_ids	structural collision: 葘	⿱艹甾
U+83D5	菕	exact_ids	unresolved components: 𠕁	⿱艹侖
U+83D7	菗	exact_ids	unresolved components: 由	⿱艹抽
U+83DA	菚	exact_ids	unresolved components: 戈	⿱艹戔
U+83DD	菝	exact_ids	unresolved components: 犮	⿱艹拔
U+83DE	菞	exact_ids	unresolved components: 𥝢	⿱艹𥝢
U+83E2	菢	exact_ids	unresolved components: 包	⿱艹抱
U+83EE	菮	exact_ids	unresolved components: 庚	⿱艹庚
U+83F4	菴	exact_ids	unresolved components: 电	⿱艹奄
U+83F5	菵	exact_ids	unresolved components: 罔	⿱艹罔
U+83FE	菾	exact_ids	unresolved components: 㣺	⿱艹忝
U+8403	萃	exact_ids	unresolved components: 卒	⿱艹卒
U+8404	萄	exact_ids	unresolved components: 匋	⿱艹匋
U+840B	萋	exact_ids	unresolved components: 妻	⿱艹妻
U+840F	萏	exact_ids	unresolved components: ⺈	⿱艹臽
U+8410	萐	exact_ids	unresolved components: 疌	⿱艹疌
U+8415	萕	exact_ids	unresolved components: 斉	⿱艹斉
U+841E	萞	missing	missing	
U+8422	萢	exact_ids	unresolved components: 包	⿱艹泡
U+8423	萣	exact_ids	unresolved components: 𤴓	⿱艹定
U+8427	萧	exact_ids	unresolved components: 肃	⿱艹肃
U+8428	萨	missing	missing	
U+842D	萭	exact_ids	unresolved components: 禹	⿱艹禹
U+842F	萯	exact_ids	unresolved components: ⺈	⿱艹負
U+8431	萱	exact_ids	unresolved components: 亘	⿱艹宣
U+8433	萳	exact_ids	unresolved components: 南	⿱艹南
U+8439	萹	exact_ids	unresolved components: 𠕁	⿱艹扁
U+843A	萺	exact_ids	unresolved components: 冃	⿱艹冒
U+8441	葁	exact_ids	unresolved components: 𦍌	⿱艹姜
U+844B	葋	exact_ids	unresolved components: 句	⿱艹朐
U+844D	葍	exact_ids	unresolved components: 畐	⿱艹畐
U+844E	葎	exact_ids	unresolved components: 聿	⿱艹律
U+844F	葏	exact_ids	unresolved components: 聿	⿱艹津
U+8454	葔	exact_ids	unresolved components: 侯	⿱艹侯
U+8458	葘	exact_ids	structural collision: 菑	⿱艹甾
U+845A	葚	exact_ids	unresolved components: 匹	⿱艹甚
U+845B	葛	exact_ids	unresolved components: 匃	⿱艹曷
U+845D	葝	exact_ids	unresolved components: 巠	⿱艹勁
U+8461	葡	exact_ids	unresolved components: 匍	⿱艹匍
U+8463	董	exact_ids	unresolved components: 里	⿱艹重
U+846A	葪	exact_ids	unresolved components: ⺈	⿱艹㓩
U+846C	葬	missing	missing	
U+846E	葮	exact_ids	unresolved components: 段	⿱艹段
U+846F	葯	exact_ids	unresolved components: 勺	⿱艹約
U+8473	葳	exact_ids	unresolved components: 威	⿱艹威
U+8474	葴	exact_ids	unresolved components: 咸	⿱艹咸
U+8476	葶	exact_ids	unresolved components: 亭	⿱艹亭
U+847C	葼	exact_ids	unresolved components: 凶	⿱艹㚇
U+8486	蒆	missing	missing	
U+8487	蒇	missing	missing	
U+848B	蒋	exact_ids	unresolved components: 将	⿱艹将
U+848E	蒎	exact_ids	unresolved components: 派	⿱艹派
U+848F	蒏	exact_ids	unresolved components: 酉	⿳艹冖酉
U+8492	蒒	exact_ids	unresolved components: 師	⿱艹師
U+8495	蒕	exact_ids	unresolved components: 囚	⿱艹𥁕
U+8499	蒙	exact_ids	unresolved components: 冃	⿱艹冡
U+849F	蒟	exact_ids	unresolved components: 句	⿱艹竘
U+84A5	蒥	exact_ids	unresolved components: 留	⿱艹留
U+84A7	蒧	missing	missing	
U+84A8	蒨	exact_ids	unresolved components: 円,龶	⿱艹倩
U+84AD	蒭	exact_ids	unresolved components: 芻	⿱艹芻
U+84BC	蒼	exact_ids	unresolved components: 倉	⿱艹倉
U+84BD	蒽	exact_ids	unresolved components: 因	⿱艹恩
U+84BF	蒿	exact_ids	unresolved components: 高	⿱艹高
U+84C3	蓃	exact_ids	unresolved components: 𦥔	⿱艹叟
U+84CE	蓎	exact_ids	unresolved components: 唐	⿱艹唐
U+84D1	蓑	exact_ids	unresolved components: 衰	⿱艹衰
U+84D4	蓔	exact_ids	unresolved components: 羔	⿱艹羔
U+84D6	蓖	exact_ids	unresolved components: 囟	⿱艹𣬉
U+84D8	蓘	exact_ids	unresolved components: 衮	⿱艹衮
U+84DA	蓚	exact_ids	unresolved components: 修	⿱艹修
U+84DC	蓜	exact_ids	unresolved components: 酉	⿱艹配
U+84DD	蓝	exact_ids	unresolved components: 监	⿱艹监
U+84DF	蓟	missing	missing	
U+84E0	蓠	exact_ids	unresolved components: 凶	⿱艹离
U+84E7	蓧	exact_ids	unresolved components: 條	⿱艹條
U+84E8	蓨	exact_ids	unresolved components: 脩	⿱艹脩
U+84ED	蓭	exact_ids	unresolved components: 电	⿱艹庵
U+84EF	蓯	exact_ids	unresolved components: 從	⿱艹從
U+84F2	蓲	exact_ids	unresolved components: 區	⿱艹區
U+84F4	蓴	exact_ids	unresolved components: 𤰔	⿱艹專
U+84F5	蓵	exact_ids	unresolved components: 疌	⿱艹捷
U+84F8	蓸	exact_ids	unresolved components: 曹	⿱艹曹
U+84FB	蓻	exact_ids	unresolved components: 𢆉	⿱艹執
U+8504	蔄	exact_ids	unresolved components: 問	⿱艹問
U+8505	蔅	exact_ids	unresolved components: 𨳐	⿱艹𨳐
U+8509	蔉	exact_ids	unresolved components: 袞	⿱艹袞
U+8510	蔐	exact_ids	unresolved components: 啇	⿱艹啇
U+8511	蔑	exact_ids	unresolved components: 戌	⿱艹𥅛
U+8512	蔒	exact_ids	unresolved components: 尹	⿱艹焄
U+8513	蔓	exact_ids	unresolved components: 曼	⿱艹曼
U+8514	蔔	exact_ids	unresolved components: 匐	⿱艹匐
U+8518	蔘	exact_ids	unresolved components: 參	⿱艹參
U+8519	蔙	exact_ids	unresolved components: 旋	⿱艹旋
U+851A	蔚	exact_ids	unresolved components: 尉	⿱艹尉
U+851B	蔛	exact_ids	unresolved components: ⺈	⿱艹斛
U+851C	蔜	exact_ids	unresolved components: 敖	⿱艹敖
U+851E	蔞	exact_ids	unresolved components: 婁	⿱艹婁
U+851F	蔟	exact_ids	unresolved components: 族	⿱艹族
U+8521	蔡	exact_ids	unresolved components: 祭	⿱艹祭
U+8523	蔣	exact_ids	unresolved components: 將	⿱艹將
U+8525	蔥	exact_ids	unresolved components: 囱	⿱艹悤
U+8528	蔨	exact_ids	unresolved components: 圈	⿱艹圈
U+8529	蔩	exact_ids	unresolved components: 寅	⿱艹寅
U+852D	蔭	exact_ids	unresolved components: ㇇	⿱艹陰
U+852E	蔮	exact_ids	unresolved components: 國	⿱艹國
U+8532	蔲	exact_ids	unresolved components: 宼	⿱艹宼
U+8533	蔳	exact_ids	unresolved components: 龶	⿱艹清
U+8535	蔵	missing	missing	
U+8536	蔶	exact_ids	unresolved components: 龶	⿱艹責
U+8537	蔷	exact_ids	unresolved components: 啬	⿱艹啬
U+8538	蔸	exact_ids	unresolved components: 兜	⿱艹兜
U+8539	蔹	exact_ids	unresolved components: 佥	⿱艹敛
U+853A	蔺	exact_ids	unresolved components: 閵	⿱艹閵
U+853B	蔻	exact_ids	unresolved components: 寇	⿱艹寇
U+853C	蔼	exact_ids	unresolved components: 匃	⿱艹谒
U+853D	蔽	exact_ids	unresolved components: 㡀	⿱艹敝
U+853E	蔾	exact_ids	unresolved components: 棃	⿱艹棃
U+853F	蔿	exact_ids	unresolved components: 爲	⿱艹爲
U+8541	蕁	exact_ids	unresolved components: 尋	⿱艹尋
U+8544	蕄	exact_ids	unresolved components: 悶	⿱艹悶
U+8546	蕆	missing	missing	
U+8547	蕇	exact_ids	unresolved components: 單	⿱艹單
U+854D	蕍	exact_ids	unresolved components: 兪	⿱艹渝
U+854E	蕎	exact_ids	unresolved components: 冋	⿱艹喬
U+8550	蕐	missing	missing	
U+8551	蕑	exact_ids	unresolved components: 閒	⿱艹閒
U+8554	蕔	exact_ids	unresolved components: 𢆉	⿱艹報
U+8555	蕕	exact_ids	unresolved components: 酉	⿱艹猶
U+8559	蕙	exact_ids	unresolved components: 𤰔	⿱艹惠
U+855A	蕚	missing	missing	
U+855D	蕝	exact_ids	unresolved components: 絕	⿱艹絕
U+855F	蕟	exact_ids	unresolved components: 發	⿱艹發
U+8567	蕧	exact_ids	unresolved components: 复	⿱艹復
U+856B	蕫	exact_ids	unresolved components: 里	⿱艹童
U+856E	蕮	exact_ids	unresolved components: 灳	⿱艹舄
U+856F	蕯	exact_ids	unresolved components: 隆	⿱艹隆
U+8572	蕲	missing	missing	
U+8573	蕳	exact_ids	unresolved components: 間	⿱艹間
U+8579	蕹	exact_ids	unresolved components: 雍	⿱艹雍
U+857A	蕺	exact_ids	unresolved components: 戈	⿱艹戢
U+857B	蕻	missing	missing	
U+857C	蕼	exact_ids	unresolved components: 聿	⿱艹肆
U+8580	薀	exact_ids	unresolved components: 囚	⿱艹溫
U+8582	薂	exact_ids	unresolved components: 敫	⿱艹敫
U+8583	薃	exact_ids	unresolved components: 高	⿱艹滈
U+8588	薈	exact_ids	unresolved components: 曾	⿱艹會
U+8589	薉	exact_ids	unresolved components: 歲	⿱艹歲
U+858D	薍	exact_ids	unresolved components: 𤔔	⿱艹亂
U+858E	薎	missing	missing	
U+8591	薑	exact_ids	unresolved components: 三	⿱艹畺
U+8592	薒	exact_ids	unresolved components: 𣦼	⿱艹粲
U+8593	薓	exact_ids	unresolved components: 𣹰	⿱艹𣹰
U+8594	薔	exact_ids	unresolved components: 回	⿱艹嗇
U+8597	薗	exact_ids	unresolved components: 園	⿱艹園
U+859B	薛	missing	missing	
U+859C	薜	exact_ids	unresolved components: 𡰪	⿱艹辟
U+859D	薝	exact_ids	unresolved components: 詹	⿱艹詹
U+859F	薟	exact_ids	unresolved components: 僉	⿱艹僉
U+85A2	薢	exact_ids	unresolved components: 解	⿱艹解
U+85A4	薤	missing	missing	
U+85A5	薥	exact_ids	unresolved components: 𠣜	⿱艹蜀
U+85A7	薧	missing	missing	
U+85A8	薨	missing	missing	
U+85AB	薫	exact_ids	unresolved components: 𤋱	⿱艹𤋱
U+85AC	薬	exact_ids	unresolved components: 楽	⿱艹楽
U+85B0	薰	exact_ids	unresolved components: 熏	⿱艹熏
U+85B1	薱	exact_ids	unresolved components: 𢆉	⿱艹對
U+85B2	薲	exact_ids	unresolved components: 賓	⿱艹賓
U+85B3	薳	exact_ids	unresolved components: 袁	⿱艹遠
U+85B4	薴	exact_ids	unresolved components: 寍	⿱艹寧
U+85B5	薵	exact_ids	unresolved components: 壽	⿱艹壽
U+85B6	薶	exact_ids	unresolved components: 里	⿱艹貍
U+85BF	薿	exact_ids	unresolved components: 疑	⿱艹疑
U+85C1	藁	exact_ids	unresolved components: 高	⿱蒿木
U+85C3	藃	exact_ids	unresolved components: 高	⿱艹歊
U+85C6	藆	exact_ids	unresolved components: 搴	⿱艹搴
U+85C9	藉	exact_ids	unresolved components: 耒,龷	⿱艹耤
U+85CA	藊	exact_ids	unresolved components: 𠕁	⿱艹稨
U+85CD	藍	exact_ids	unresolved components: 監	⿱艹監
U+85CE	藎	exact_ids	unresolved components: 盡	⿱艹盡
U+85CF	藏	exact_ids	unresolved components: 臧	⿱艹臧
U+85D1	藑	exact_ids	unresolved components: 敻	⿱艹敻
U+85D2	藒	exact_ids	unresolved components: 匃	⿱艹䅥
U+85D4	藔	exact_ids	unresolved components: 昚	⿱艹寮
U+85D5	藕	exact_ids	unresolved components: 耒	⿱艹耦
U+85DB	藛	exact_ids	unresolved components: 灳	⿱艹寫
U+85DC	藜	exact_ids	unresolved components: 黎	⿱艹黎
U+85E1	藡	exact_ids	unresolved components: 啇	⿱艹適
U+85E2	藢	exact_ids	unresolved components: 徵	⿱艹徵
U+85E3	藣	exact_ids	unresolved components: 能	⿱艹罷
U+85E4	藤	exact_ids	unresolved components: 𣳾	⿱艹滕
U+85E5	藥	exact_ids	unresolved components: 樂	⿱艹樂
U+85EA	藪	exact_ids	unresolved components: 婁	⿱艹數
U+85EF	藯	exact_ids	unresolved components: 尉	⿱艹慰
U+85F0	藰	exact_ids	unresolved components: 𨥫	⿱艹劉
U+85F2	藲	exact_ids	unresolved components: 區	⿱艹樞
U+85F3	藳	exact_ids	unresolved components: 高	⿱蒿禾
U+85F5	藵	exact_ids	unresolved components: 𧛱	⿱艹𧛱
U+85F9	藹	exact_ids	unresolved components: 匃	⿱艹謁
U+85FA	藺	exact_ids	unresolved components: 閵	⿱艹閵
U+85FC	藼	exact_ids	unresolved components: 憲	⿱艹憲
U+85FE	藾	exact_ids	unresolved components: 賴	⿱艹賴
U+8600	蘀	exact_ids	unresolved components: 𢆉	⿱艹擇
U+8604	蘄	missing	missing	
U+8605	蘅	exact_ids	unresolved components: 衡	⿱艹衡
U+8606	蘆	exact_ids	unresolved components: 𧆨	⿱艹盧
U+8609	蘉	missing	missing	
U+860A	蘊	exact_ids	unresolved components: 囚	⿱艹縕
U+860D	蘍	exact_ids	unresolved components: 熏	⿱艹勳
U+860F	蘏	exact_ids	unresolved components: 𥘈	⿱艹頴
U+8613	蘓	missing	missing	
U+8614	蘔	exact_ids	unresolved components: 穎	⿱艹穎
U+8616	蘖	exact_ids	unresolved components: 薛	⿱薛木
U+8617	蘗	exact_ids	unresolved components: 𡰪	⿱艹檗
U+8618	蘘	exact_ids	unresolved components: 襄	⿱艹襄
U+8619	蘙	exact_ids	unresolved components: 医	⿱艹翳
U+861B	蘛	missing	missing	
U+861C	蘜	exact_ids	unresolved components: 匊	⿱艹鞠
U+861D	蘝	exact_ids	unresolved components: 僉	⿱艹歛
U+861E	蘞	exact_ids	unresolved components: 僉	⿱艹斂
U+861F	蘟	exact_ids	unresolved components: 隱	⿱艹隱
U+8620	蘠	exact_ids	unresolved components: 回	⿱艹牆
U+8624	蘤	exact_ids	unresolved components: 𤾡	⿱艹𤾡
U+8626	蘦	exact_ids	unresolved components: 𠱠	⿱艹霝
U+8628	蘨	exact_ids	unresolved components: 繇	⿱艹繇
U+862B	蘫	exact_ids	unresolved components: 監	⿱艹濫
U+862C	蘬	exact_ids	unresolved components: 歸	⿱艹歸
U+862D	蘭	exact_ids	unresolved components: 闌	⿱艹闌
U+862E	蘮	exact_ids	unresolved components: 罽	⿱艹罽
U+8630	蘰	exact_ids	unresolved components: 曼	⿱艹縵
U+8634	蘴	exact_ids	unresolved components: 𠁳	⿱艹豐
U+8635	蘵	exact_ids	unresolved components: 戈	⿱艹職
U+8637	蘷	exact_ids	unresolved components: 夒	⿱艹夒
U+8638	蘸	exact_ids	unresolved components: 酉	⿱艹醮
U+8639	蘹	exact_ids	unresolved components: 褱	⿱艹懷
U+863A	蘺	exact_ids	unresolved components: 凶	⿱艹離
U+863E	蘾	exact_ids	unresolved components: 褱	⿱艹壞
U+8640	虀	exact_ids	unresolved components: 韲	⿱艹韲
U+8641	虁	exact_ids	unresolved components: 夒	⿱艹夔
U+8643	虃	exact_ids	unresolved components: 韱	⿱艹瀸
U+8644	虄	missing	missing	
U+8647	虇	missing	missing	
U+864B	虋	exact_ids	unresolved components: 釁	⿱艹釁
U+864C	虌	exact_ids	unresolved components: 㡀	⿱蔽黽
U+8650	虐	missing	missing	
U+8652	虒	missing	missing	
U+865B	虛	missing	missing	
U+8663	虣	exact_ids	unresolved components: 武	⿰武虎
U+8665	虥	exact_ids	unresolved components: 戈	⿰虎戔
U+8666	虦	exact_ids	unresolved components: 戈	⿰戔虎
U+8668	虨	missing	missing	
U+8669	虩	missing	missing	
U+866A	虪	exact_ids	unresolved components: 儵	⿰虎儵
U+8673	虳	exact_ids	unresolved components: 勺	⿰虫勺
U+867C	虼	exact_ids	unresolved components: 乞	⿰虫乞
U+8687	蚇	exact_ids	unresolved components: ㇏	⿰虫尺
U+8690	蚐	exact_ids	unresolved components: 匀	⿰虫匀
U+8699	蚙	exact_ids	unresolved components: ㇇	⿰虫今
U+86A7	蚧	exact_ids	unresolved components: 介	⿰虫介
U+86A9	蚩	missing	missing	
U+86AB	蚫	exact_ids	unresolved components: 包	⿰虫包
U+86B0	蚰	exact_ids	unresolved components: 由	⿰虫由
U+86BC	蚼	exact_ids	unresolved components: 句	⿰虫句
U+86C2	蛂	exact_ids	unresolved components: 犮	⿰虫犮
U+86D3	蛓	missing	missing	
U+86D4	蛔	exact_ids	unresolved components: 回	⿰虫回
U+86D7	蛗	missing	missing	
U+86DC	蛜	exact_ids	unresolved components: 尹	⿰虫伊
U+86E9	蛩	exact_ids	unresolved components: 凡	⿱巩虫
U+86EB	蛫	exact_ids	unresolved components: ⺈	⿰虫危
U+86F2	蛲	exact_ids	unresolved components: 尧	⿰虫尧
U+86F5	蛵	exact_ids	unresolved components: 巠	⿰虫巠
U+86FB	蛻	exact_ids	structural collision: 蜕	⿰虫兌
U+86FE	蛾	exact_ids	unresolved components: 戈	⿰虫我
U+86FF	蛿	exact_ids	unresolved components: ㇇	⿰虫含
U+8700	蜀	exact_ids	unresolved components: 𠣜	⿱罒𠣜
U+8701	蜁	missing	missing	
U+8714	蜔	exact_ids	unresolved components: 甸	⿰虫甸
U+8715	蜕	exact_ids	structural collision: 蛻	⿰虫兌
U+8716	蜖	exact_ids	unresolved components: 囬	⿰虫囬
U+871F	蜟	exact_ids	unresolved components: 育	⿰虫育
U+8720	蜠	exact_ids	unresolved components: 囷	⿰虫囷
U+8721	蜡	exact_ids	unresolved components: 龷	⿰虫昔
U+8726	蜦	exact_ids	unresolved components: 𠕁	⿰虫侖
U+8728	蜨	exact_ids	unresolved components: 疌	⿰虫疌
U+8729	蜩	exact_ids	unresolved components: 周	⿰虫周
U+872A	蜪	exact_ids	unresolved components: 匋	⿰虫匋
U+872D	蜭	exact_ids	unresolved components: ⺈	⿰虫臽
U+872E	蜮	exact_ids	unresolved components: 或	⿰虫或
U+8733	蜳	exact_ids	unresolved components: 享	⿰虫享
U+8736	蜶	exact_ids	unresolved components: 卒	⿰虫卒
U+873B	蜻	exact_ids	unresolved components: 円,龶	⿰虫靑
U+8742	蝂	exact_ids	unresolved components: 反	⿰虫版
U+8744	蝄	exact_ids	unresolved components: 罔	⿰虫罔
U+8747	蝇	exact_ids	unresolved components: 电	⿰虫黾
U+8748	蝈	exact_ids	unresolved components: 国	⿰虫国
U+8749	蝉	exact_ids	unresolved components: 単	⿰虫単
U+874A	蝊	exact_ids	unresolved components: 𤴓	⿰虫定
U+874E	蝎	exact_ids	unresolved components: 匃	⿰虫曷
U+874F	蝏	exact_ids	unresolved components: 亭	⿰虫亭
U+8750	蝐	exact_ids	unresolved components: 冃	⿰虫冒
U+8753	蝓	exact_ids	unresolved components: 兪	⿰虫兪
U+8756	蝖	exact_ids	unresolved components: 亘	⿰虫宣
U+8758	蝘	exact_ids	unresolved components: 匽	⿰虫匽
U+8759	蝙	exact_ids	unresolved components: 𠕁	⿰虫扁
U+875B	蝛	exact_ids	unresolved components: 威	⿰虫威
U+875C	蝜	exact_ids	unresolved components: ⺈	⿰虫負
U+8760	蝠	exact_ids	unresolved components: 畐	⿰虫畐
U+8764	蝤	exact_ids	unresolved components: 酉	⿰虫酋
U+8769	蝩	exact_ids	unresolved components: 里	⿰虫重
U+876C	蝬	exact_ids	unresolved components: 凶	⿰虫㚇
U+876D	蝭	exact_ids	unresolved components: 𤴓	⿰虫是
U+876E	蝮	exact_ids	unresolved components: 复	⿰虫复
U+8773	蝳	exact_ids	unresolved components: 龶	⿰虫毒
U+8779	蝹	exact_ids	unresolved components: 囚	⿰虫𥁕
U+877A	蝺	exact_ids	unresolved components: 禹	⿰虫禹
U+877B	蝻	exact_ids	unresolved components: 南	⿰虫南
U+877F	蝿	exact_ids	unresolved components: 申	⿰虫𤰶
U+8780	螀	exact_ids	unresolved components: 将	⿱将虫
U+8784	螄	exact_ids	unresolved components: 師	⿰虫師
U+878B	螋	exact_ids	unresolved components: 𦥔	⿰虫叟
U+8792	螒	missing	missing	
U+8794	螔	exact_ids	unresolved components: 虒	⿰虫虒
U+8795	螕	exact_ids	unresolved components: 囟	⿰虫𣬉
U+8797	螗	exact_ids	unresolved components: 唐	⿰虫唐
U+879A	螚	exact_ids	unresolved components: 能	⿱能虫
U+879B	螛	exact_ids	unresolved components: 害	⿰虫害
U+879C	螜	exact_ids	unresolved components: 𣪊	⿱𣪊虫
U+87A0	螠	exact_ids	unresolved components: 益	⿰虫益
U+87A5	螥	exact_ids	unresolved components: 倉	⿰虫倉
U+87A6	螦	exact_ids	unresolved components: 龶	⿰虫素
U+87A8	螨	missing	missing	
U+87A9	螩	exact_ids	unresolved components: 條	⿰虫條
U+87AC	螬	exact_ids	unresolved components: 曹	⿰虫曹
U+87AD	螭	exact_ids	unresolved components: 凶	⿰虫离
U+87AF	螯	exact_ids	unresolved components: 敖	⿱敖虫
U+87B1	螱	exact_ids	unresolved components: 尉	⿱尉虫
U+87B3	螳	exact_ids	unresolved components: 冋	⿰虫堂
U+87B8	螸	missing	missing	
U+87BB	螻	exact_ids	unresolved components: 婁	⿰虫婁
U+87BE	螾	exact_ids	unresolved components: 寅	⿰虫寅
U+87BF	螿	exact_ids	unresolved components: 將	⿱將虫
U+87C0	蟀	exact_ids	unresolved components: 率	⿰虫率
U+87C2	蟂	exact_ids	unresolved components: 梟	⿰虫梟
U+87C3	蟃	exact_ids	unresolved components: 曼	⿰虫曼
U+87C4	蟄	exact_ids	unresolved components: 𢆉	⿱執虫
U+87C8	蟈	exact_ids	unresolved components: 國	⿰虫國
U+87CC	蟌	exact_ids	unresolved components: 囱	⿰虫悤
U+87CF	蟏	exact_ids	unresolved components: 肃	⿰虫萧
U+87D2	蟒	exact_ids	unresolved components: 莽	⿰虫莽
U+87D5	蟕	exact_ids	unresolved components: ⺈	⿰虫觜
U+87D7	蟗	missing	missing	
U+87D9	蟙	exact_ids	unresolved components: 戈	⿰虫戠
U+87DC	蟜	exact_ids	unresolved components: 冋	⿰虫喬
U+87DE	蟞	exact_ids	unresolved components: 㡀	⿱敝虫
U+87DF	蟟	exact_ids	unresolved components: 昚	⿰虫尞
U+87E3	蟣	exact_ids	unresolved components: 戍	⿰虫幾
U+87EA	蟪	exact_ids	unresolved components: 𤰔	⿰虫惠
U+87EC	蟬	exact_ids	unresolved components: 單	⿰虫單
U+87EE	蟮	exact_ids	unresolved components: 善	⿰虫善
U+87F3	蟳	exact_ids	unresolved components: 尋	⿰虫尋
U+87F5	蟵	exact_ids	unresolved components: 厨	⿰虫厨
U+87F6	蟶	exact_ids	unresolved components: 𦔻	⿰虫聖
U+87F7	蟷	exact_ids	unresolved components: 冋	⿰虫當
U+87F9	蟹	exact_ids	unresolved components: 解	⿱解虫
U+87FA	蟺	exact_ids	unresolved components: 回	⿰虫亶
U+87FB	蟻	exact_ids	unresolved components: 義	⿰虫義
U+87FC	蟼	exact_ids	unresolved components: 句	⿱敬虫
U+87FE	蟾	exact_ids	unresolved components: 詹	⿰虫詹
U+8803	蠃	missing	missing	
U+8804	蠄	exact_ids	unresolved components: 凶	⿰虫禽
U+8808	蠈	exact_ids	unresolved components: 戈	⿱賊虫
U+8809	蠉	exact_ids	unresolved components: 睘	⿰虫睘
U+880B	蠋	exact_ids	unresolved components: 𠣜	⿰虫蜀
U+880C	蠌	exact_ids	unresolved components: 𢆉	⿰虫睪
U+880D	蠍	exact_ids	unresolved components: 匃	⿰虫歇
U+880F	蠏	exact_ids	unresolved components: 解	⿰虫解
U+8813	蠓	exact_ids	unresolved components: 冃	⿰虫蒙
U+8814	蠔	exact_ids	unresolved components: 豪	⿰虫豪
U+8818	蠘	exact_ids	unresolved components: 戈	⿰虫截
U+8819	蠙	exact_ids	unresolved components: 賓	⿰虫賓
U+881B	蠛	exact_ids	unresolved components: 戌	⿰虫蔑
U+881E	蠞	exact_ids	unresolved components: 亇	⿱節虫
U+881F	蠟	exact_ids	unresolved components: 巤	⿰虫巤
U+8824	蠤	exact_ids	unresolved components: 酉	⿱酋䖵
U+8825	蠥	exact_ids	unresolved components: 𡴎	⿱辥虫
U+8826	蠦	exact_ids	unresolved components: 𧆨	⿰虫盧
U+882B	蠫	missing	missing	
U+882E	蠮	exact_ids	unresolved components: 医	⿰虫翳
U+8830	蠰	exact_ids	unresolved components: 襄	⿰虫襄
U+8832	蠲	exact_ids	unresolved components: 益,𠣜	⿰益蜀
U+8839	蠹	missing	missing	
U+883A	蠺	missing	missing	
U+883D	蠽	missing	missing	
U+883E	蠾	exact_ids	unresolved components: 屬	⿰虫屬
U+883F	蠿	missing	missing	
U+8840	血	missing	missing	
U+8841	衁	exact_ids	unresolved components: 血	⿱亡血
U+8842	衂	exact_ids	unresolved components: 血	⿰血刄
U+8843	衃	exact_ids	unresolved components: 血	⿰血不
U+8844	衄	exact_ids	unresolved components: 血	⿰血丑
U+8845	衅	exact_ids	unresolved components: 血	⿰血半
U+8846	衆	exact_ids	unresolved components: 血	⿱血乑
U+8847	衇	missing	missing	
U+8848	衈	exact_ids	unresolved components: 血	⿰血耳
U+8849	衉	exact_ids	unresolved components: 血	⿰血各
U+884A	衊	exact_ids	unresolved components: 戌,血	⿰血蔑
U+884B	衋	missing	missing	
U+8853	術	exact_ids	unresolved components: 朮	⿲彳朮彳
U+8855	衕	exact_ids	unresolved components: 同	⿲彳同彳
U+885D	衝	exact_ids	unresolved components: 里	⿲彳重彳
U+885E	衞	missing	missing	
U+885F	衟	exact_ids	unresolved components: 𩠐	⿲彳𩠐彳
U+8861	衡	missing	missing	
U+8868	表	missing	missing	
U+886E	衮	missing	missing	
U+8870	衰	missing	missing	
U+8871	衱	exact_ids	unresolved components: ㇏	⿰衤及
U+8877	衷	missing	missing	
U+8878	衸	exact_ids	unresolved components: 介	⿰衤介
U+887A	衺	missing	missing	
U+887E	衾	exact_ids	unresolved components: ㇇	⿱今衣
U+887F	衿	exact_ids	unresolved components: ㇇	⿰衤今
U+8880	袀	exact_ids	unresolved components: 匀	⿰衤匀
U+8881	袁	missing	missing	
U+8885	袅	missing	missing	
U+888C	袌	missing	missing	
U+888D	袍	exact_ids	unresolved components: 包	⿰衤包
U+888F	袏	exact_ids	unresolved components: 左	⿰衤左
U+8896	袖	exact_ids	unresolved components: 由	⿰衤由
U+889A	袚	exact_ids	unresolved components: 犮	⿰衤犮
U+889E	袞	missing	missing	
U+88A0	袠	missing	missing	
U+88A4	袤	missing	missing	
U+88A7	袧	exact_ids	unresolved components: 句	⿰衤句
U+88AC	袬	missing	missing	
U+88AE	袮	exact_ids	unresolved components: 尓	⿰衤尓
U+88B2	袲	missing	missing	
U+88B8	袸	exact_ids	unresolved components: 存	⿰衤存
U+88C0	裀	exact_ids	unresolved components: 因	⿰衤因
U+88C1	裁	missing	missing	
U+88C7	裇	exact_ids	unresolved components: 血	⿰衤血
U+88CA	裊	missing	missing	
U+88CD	裍	exact_ids	unresolved components: 困	⿰衤困
U+88CF	裏	missing	missing	
U+88D2	裒	missing	missing	
U+88D3	裓	exact_ids	unresolved components: 戈	⿰衤戒
U+88D9	裙	exact_ids	unresolved components: 尹	⿰衤君
U+88DB	裛	missing	missing	
U+88E0	裠	exact_ids	unresolved components: 尹	⿱君衣
U+88E1	裡	exact_ids	unresolved components: 里	⿰衤里
U+88E3	裣	exact_ids	unresolved components: 佥	⿰衤佥
U+88E5	裥	exact_ids	unresolved components: 间	⿰衤间
U+88E6	裦	missing	missing	
U+88EA	裪	exact_ids	unresolved components: 匋	⿰衤匋
U+88EF	裯	exact_ids	unresolved components: 周	⿰衤周
U+88F1	裱	exact_ids	unresolved components: 表	⿰衤表
U+88F3	裳	exact_ids	unresolved components: 冋	⿱尚衣
U+88F5	裵	missing	missing	
U+88F9	裹	missing	missing	
U+88FA	裺	exact_ids	unresolved components: 电	⿰衤奄
U+88FD	製	exact_ids	unresolved components: 制	⿱制衣
U+8901	褁	exact_ids	unresolved components: 𧘇	⿱果𧘇
U+8904	褄	exact_ids	unresolved components: 妻	⿰衤妻
U+8906	褆	exact_ids	unresolved components: 𤴓	⿰衤是
U+8907	複	exact_ids	unresolved components: 复	⿰衤复
U+8908	褈	exact_ids	unresolved components: 里	⿰衤重
U+890A	褊	exact_ids	unresolved components: 𠕁	⿰衤扁
U+890E	褎	missing	missing	
U+890F	褏	missing	missing	
U+8910	褐	exact_ids	unresolved components: 匃	⿰衤曷
U+8912	褒	missing	missing	
U+8914	褔	exact_ids	unresolved components: 畐	⿰衤畐
U+8917	褗	exact_ids	unresolved components: 匽	⿰衤匽
U+8919	褙	exact_ids	unresolved components: 北	⿰衤背
U+891C	褜	exact_ids	unresolved components: 包	⿱胞衣
U+891D	褝	exact_ids	unresolved components: 単	⿰衤単
U+891E	褞	exact_ids	unresolved components: 囚	⿰衤𥁕
U+891F	褟	exact_ids	unresolved components: 冃	⿰衤𦐇
U+8922	褢	missing	missing	
U+8924	褤	exact_ids	unresolved components: 袁	⿰衤袁
U+8926	褦	exact_ids	unresolved components: 能	⿰衤能
U+892B	褫	exact_ids	unresolved components: 虒	⿰衤虒
U+892D	褭	missing	missing	
U+8930	褰	missing	missing	
U+8931	褱	missing	missing	
U+8934	褴	exact_ids	unresolved components: 监	⿰衤监
U+8935	褵	exact_ids	unresolved components: 凶	⿰衤离
U+8938	褸	exact_ids	unresolved components: 婁	⿰衤婁
U+893A	褺	exact_ids	unresolved components: 𢆉	⿱執衣
U+893B	褻	missing	missing	
U+893C	褼	missing	missing	
U+893D	褽	exact_ids	unresolved components: 尉	⿱尉衣
U+893F	褿	exact_ids	unresolved components: 曹	⿰衤曹
U+8940	襀	exact_ids	unresolved components: 龶	⿰衤責
U+8942	襂	exact_ids	unresolved components: 參	⿰衤參
U+8943	襃	missing	missing	
U+8944	襄	missing	missing	
U+8947	襇	exact_ids	unresolved components: 間	⿰衤間
U+8949	襉	exact_ids	unresolved components: 閒	⿰衤閒
U+894C	襌	exact_ids	unresolved components: 單	⿰衤單
U+894F	襏	exact_ids	unresolved components: 發	⿰衤發
U+8951	襑	exact_ids	unresolved components: 尋	⿰衤尋
U+8952	襒	exact_ids	unresolved components: 㡀	⿰衤敝
U+8955	襕	exact_ids	unresolved components: 阑	⿰衤阑
U+8957	襗	exact_ids	unresolved components: 𢆉	⿰衤睪
U+8958	襘	exact_ids	unresolved components: 曾	⿰衤會
U+895C	襜	exact_ids	unresolved components: 詹	⿰衤詹
U+895D	襝	exact_ids	unresolved components: 僉	⿰衤僉
U+895E	襞	exact_ids	unresolved components: 𡰪	⿱辟衣
U+8960	襠	exact_ids	unresolved components: 冋	⿰衤當
U+8961	襡	exact_ids	unresolved components: 𠣜	⿰衤蜀
U+8962	襢	exact_ids	unresolved components: 回	⿰衤亶
U+8964	襤	exact_ids	unresolved components: 監	⿰衤監
U+8968	襨	exact_ids	unresolved components: 𢆉	⿰衤對
U+896A	襪	exact_ids	unresolved components: 戌	⿰衤蔑
U+896C	襬	exact_ids	unresolved components: 能	⿰衤罷
U+8970	襰	exact_ids	unresolved components: 賴	⿰衤賴
U+8973	襳	exact_ids	unresolved components: 韱	⿰衤韱
U+8974	襴	exact_ids	unresolved components: 闌	⿰衤闌
U+8976	襶	exact_ids	unresolved components: 戴	⿰衤戴
U+8979	襹	exact_ids	unresolved components: 丽	⿰衤麗
U+897A	襺	exact_ids	unresolved components: 繭	⿰衤繭
U+897D	襽	exact_ids	unresolved components: 闌	⿰衤蘭
U+8986	覆	exact_ids	unresolved components: 复	⿱覀復
U+8987	覇	exact_ids	unresolved components: 䩗	⿱覀䩗
U+8988	覈	exact_ids	unresolved components: 敫	⿱襾敫
U+8997	覗	exact_ids	unresolved components: 司	⿰司見
U+8999	覙	exact_ids	unresolved components: ⺈	⿰尔見
U+899B	覛	missing	missing	
U+89A0	覠	exact_ids	unresolved components: 尹	⿰君見
U+89A6	覦	exact_ids	unresolved components: 兪	⿰兪見
U+89A7	覧	missing	missing	
U+89B3	観	missing	missing	
U+89B5	覵	exact_ids	unresolved components: 閒	⿰閒見
U+89B6	覶	exact_ids	unresolved components: 𤔔	⿰𤔔見
U+89B8	覸	exact_ids	unresolved components: 間	⿰間見
U+89BA	覺	missing	missing	
U+89BB	覻	exact_ids	unresolved components: 䖒	⿰䖒見
U+89BD	覽	missing	missing	
U+89C8	览	missing	missing	
U+89D2	角	exact_ids	unresolved components: ⺈	⿱⺈用
U+89D3	觓	exact_ids	unresolved components: ⺈	⿰角丩
U+89D4	觔	exact_ids	unresolved components: ⺈	⿰角力
U+89D5	觕	exact_ids	unresolved components: ⺈	⿰牜角
U+89D6	觖	exact_ids	unresolved components: ⺈	⿰角夬
U+89D7	觗	exact_ids	unresolved components: ⺈	⿰角氏
U+89D8	觘	exact_ids	unresolved components: ⺈	⿰角少
U+89D9	觙	exact_ids	unresolved components: ⺈,㇏	⿰角及
U+89DA	觚	exact_ids	unresolved components: ⺈	⿰角瓜
U+89DB	觛	exact_ids	unresolved components: ⺈	⿰角旦
U+89DC	觜	exact_ids	unresolved components: ⺈	⿱此角
U+89DD	觝	exact_ids	unresolved components: ⺈	⿰角氐
U+89DE	觞	missing	missing	
U+89DF	觟	exact_ids	unresolved components: ⺈	⿰角圭
U+89E0	觠	exact_ids	unresolved components: ⺈	⿱龹角
U+89E1	觡	exact_ids	unresolved components: ⺈	⿰角各
U+89E2	觢	exact_ids	unresolved components: ⺈	⿱㓞角
U+89E3	解	missing	missing	
U+89E4	觤	exact_ids	unresolved components: ⺈	⿰角危
U+89E5	觥	exact_ids	unresolved components: ⺈,⺌	⿰角光
U+89E6	触	exact_ids	unresolved components: ⺈	⿰角虫
U+89E7	觧	exact_ids	unresolved components: ⺈	⿰角羊
U+89E8	觨	exact_ids	unresolved components: ⺈	⿰角汞
U+89E9	觩	exact_ids	unresolved components: ⺈	⿰角求
U+89EA	觪	exact_ids	unresolved components: ⺈	⿰角辛
U+89EB	觫	exact_ids	unresolved components: ⺈	⿰角束
U+89EC	觬	exact_ids	unresolved components: ⺈	⿰角兒
U+89ED	觭	exact_ids	unresolved components: ⺈	⿰角奇
U+89EE	觮	exact_ids	unresolved components: ⺈	⿰角录
U+89EF	觯	exact_ids	unresolved components: ⺈,单	⿰角单
U+89F0	觰	exact_ids	unresolved components: ⺈	⿰角者
U+89F1	觱	exact_ids	unresolved components: ⺈,咸	⿱咸角
U+89F2	觲	missing	missing	
U+89F3	觳	missing	missing	
U+89F4	觴	missing	missing	
U+89F5	觵	exact_ids	unresolved components: ⺈	⿰角黄
U+89F6	觶	exact_ids	unresolved components: ⺈,單	⿰角單
U+89F7	觷	missing	missing	
U+89F8	觸	exact_ids	unresolved components: ⺈,𠣜	⿰角蜀
U+89F9	觹	exact_ids	unresolved components: ⺈	⿰角雋
U+89FA	觺	exact_ids	unresolved components: ⺈,疑	⿱疑角
U+89FB	觻	exact_ids	unresolved components: ⺈,樂	⿰角樂
U+89FC	觼	exact_ids	unresolved components: ⺈,夐	⿰角夐
U+89FD	觽	exact_ids	unresolved components: ⺈	⿰角嶲
U+89FE	觾	exact_ids	unresolved components: ⺈,燕	⿰角燕
U+89FF	觿	exact_ids	unresolved components: ⺈	⿰角巂
U+8A07	訇	missing	missing	
U+8A09	訉	exact_ids	unresolved components: 凡	⿰言凡
U+8A0B	訋	exact_ids	unresolved components: 勺	⿰言勺
U+8A16	訖	exact_ids	unresolved components: 乞	⿰言乞
U+8A1A	訚	missing	missing	
U+8A21	訡	exact_ids	unresolved components: ㇇	⿰言今
U+8A29	訩	exact_ids	unresolved components: 凶	⿰言凶
U+8A2F	訯	exact_ids	unresolved components: ㇏	⿰言及
U+8A33	訳	exact_ids	unresolved components: ㇏	⿰言尺
U+8A35	訵	exact_ids	unresolved components: 四	⿰言四
U+8A37	訷	exact_ids	unresolved components: 申	⿰言申
U+8A39	訹	exact_ids	unresolved components: 朮	⿰言朮
U+8A3D	訽	exact_ids	unresolved components: 句	⿰言句
U+8A57	詗	exact_ids	unresolved components: 冋	⿰言冋
U+8A59	詙	exact_ids	unresolved components: 犮	⿰言犮
U+8A5E	詞	exact_ids	unresolved components: 司	⿰言司
U+8A60	詠	exact_ids	unresolved components: 永	⿰言永
U+8A62	詢	exact_ids	unresolved components: 旬	⿰言旬
U+8A64	詤	exact_ids	unresolved components: 亾	⿰言㠩
U+8A67	詧	missing	missing	
U+8A6C	詬	exact_ids	unresolved components: 后	⿰言后
U+8A6D	詭	exact_ids	unresolved components: ⺈	⿰言危
U+8A72	該	exact_ids	unresolved components: 亥	⿰言亥
U+8A77	詷	exact_ids	unresolved components: 同	⿰言同
U+8A79	詹	missing	missing	
U+8A7E	詾	exact_ids	unresolved components: 匈	⿰言匈
U+8A84	誄	exact_ids	unresolved components: 耒	⿰言耒
U+8A86	誆	exact_ids	unresolved components: 匡	⿰言匡
U+8A90	誐	exact_ids	unresolved components: 戈	⿰言我
U+8A99	誙	exact_ids	unresolved components: 巠	⿰言巠
U+8A9D	誝	exact_ids	unresolved components: ㇇	⿰言含
U+8AA0	誠	exact_ids	unresolved components: 成	⿰言成
U+8AA1	誡	exact_ids	unresolved components: 戈	⿰言戒
U+8AA4	誤	exact_ids	unresolved components: 呉	⿰言呉
U+8AAA	說	exact_ids	structural collision: 説	⿰言兌
U+8AAC	説	exact_ids	structural collision: 說	⿰言兌
U+8AB1	誱	exact_ids	unresolved components: 疌	⿰言疌
U+8AB6	誶	exact_ids	unresolved components: 卒	⿰言卒
U+8AB7	誷	exact_ids	unresolved components: 罔	⿰言罔
U+8ABE	誾	missing	missing	
U+8ABF	調	exact_ids	unresolved components: 周	⿰言周
U+8AC2	諂	exact_ids	unresolved components: ⺈	⿰言臽
U+8AC4	諄	exact_ids	unresolved components: 享	⿰言享
U+8ACA	諊	exact_ids	unresolved components: 匊	⿰言匊
U+8ACB	請	exact_ids	unresolved components: 龶	⿰言青
U+8ACE	諎	exact_ids	unresolved components: 龷	⿰言昔
U+8AD0	諐	exact_ids	unresolved components: 侃	⿱侃言
U+8AD1	諑	exact_ids	unresolved components: 豖	⿰言豖
U+8AD2	諒	exact_ids	unresolved components: 京	⿰言京
U+8AD3	諓	exact_ids	unresolved components: 戈	⿰言戔
U+8AD6	論	exact_ids	unresolved components: 𠕁	⿰言侖
U+8AD7	諗	exact_ids	unresolved components: ㇇	⿰言念
U+8AD8	諘	exact_ids	unresolved components: 表	⿰言表
U+8ADA	諚	exact_ids	unresolved components: 𤴓	⿰言定
U+8ADE	諞	exact_ids	unresolved components: 𠕁	⿰言扁
U+8ADF	諟	exact_ids	unresolved components: 𤴓	⿰言是
U+8AE0	諠	exact_ids	unresolved components: 亘	⿰言宣
U+8AE5	諥	exact_ids	unresolved components: 里	⿰言重
U+8AE8	諨	exact_ids	unresolved components: 畐	⿰言畐
U+8AEA	諪	exact_ids	unresolved components: 亭	⿰言亭
U+8AEC	諬	missing	missing	
U+8AF4	諴	exact_ids	unresolved components: 咸	⿰言咸
U+8AF5	諵	exact_ids	unresolved components: 南	⿰言南
U+8AF6	諶	exact_ids	unresolved components: 匹	⿰言甚
U+8B01	謁	exact_ids	unresolved components: 匃	⿰言曷
U+8B05	謅	exact_ids	unresolved components: 芻	⿰言芻
U+8B07	謇	missing	missing	
U+8B08	謈	missing	missing	
U+8B0F	謏	exact_ids	unresolved components: 𦥔	⿰言叟
U+8B12	謒	exact_ids	unresolved components: 倉	⿰言倉
U+8B14	謔	exact_ids	unresolved components: 虐	⿰言虐
U+8B15	謕	exact_ids	unresolved components: 虒	⿰言虒
U+8B16	謖	exact_ids	unresolved components: 畟	⿰言畟
U+8B1A	謚	exact_ids	unresolved components: 益	⿰言益
U+8B1E	謞	exact_ids	unresolved components: 高	⿰言高
U+8B20	謠	exact_ids	structural collision: 謡	⿰言䍃
U+8B21	謡	exact_ids	structural collision: 謠	⿰言䍃
U+8B25	謥	exact_ids	unresolved components: 囱	⿰言悤
U+8B27	謧	exact_ids	unresolved components: 凶	⿰言离
U+8B2B	謫	exact_ids	unresolved components: 啇	⿰言啇
U+8B2E	謮	exact_ids	unresolved components: 龶	⿰言責
U+8B31	謱	exact_ids	unresolved components: 婁	⿰言婁
U+8B32	謲	exact_ids	unresolved components: 參	⿰言參
U+8B33	謳	exact_ids	unresolved components: 區	⿰言區
U+8B37	謷	exact_ids	unresolved components: 敖	⿱敖言
U+8B38	謸	exact_ids	unresolved components: 敖	⿰言敖
U+8B3A	謺	exact_ids	unresolved components: 𢆉	⿱執言
U+8B3E	謾	exact_ids	unresolved components: 曼	⿰言曼
U+8B3F	謿	exact_ids	unresolved components: 朝	⿰言朝
U+8B40	譀	exact_ids	unresolved components: 敢	⿰言敢
U+8B42	譂	exact_ids	unresolved components: 單	⿰言單
U+8B44	譄	exact_ids	unresolved components: 曾	⿰言曾
U+8B45	譅	exact_ids	unresolved components: 歰	⿰言歰
U+8B48	譈	exact_ids	unresolved components: 享	⿰言敦
U+8B4B	譋	exact_ids	unresolved components: 閒	⿰言閒
U+8B4C	譌	exact_ids	unresolved components: 爲	⿰言爲
U+8B4D	譍	missing	missing	
U+8B4F	譏	exact_ids	unresolved components: 戍	⿰言幾
U+8B50	譐	exact_ids	unresolved components: 酉	⿰言尊
U+8B51	譑	exact_ids	unresolved components: 冋	⿰言喬
U+8B53	譓	exact_ids	unresolved components: 𤰔	⿰言惠
U+8B57	譗	exact_ids	unresolved components: 亇	⿰言答
U+8B58	識	exact_ids	unresolved components: 戈	⿰言戠
U+8B5E	譞	exact_ids	unresolved components: 睘	⿰言睘
U+8B60	譠	exact_ids	unresolved components: 回	⿰言亶
U+8B61	譡	exact_ids	unresolved components: 冋	⿰言當
U+8B63	譣	exact_ids	unresolved components: 僉	⿰言僉
U+8B64	譤	exact_ids	unresolved components: 敫	⿰言敫
U+8B65	譥	exact_ids	unresolved components: 敫	⿱敫言
U+8B66	警	exact_ids	unresolved components: 句	⿱敬言
U+8B6A	譪	exact_ids	unresolved components: 匃	⿰言葛
U+8B6B	譫	exact_ids	unresolved components: 詹	⿰言詹
U+8B6C	譬	exact_ids	unresolved components: 𡰪	⿱辟言
U+8B6D	譭	exact_ids	unresolved components: 毀	⿰言毀
U+8B6E	譮	exact_ids	unresolved components: 曾	⿰言會
U+8B6F	譯	exact_ids	unresolved components: 𢆉	⿰言睪
U+8B70	議	exact_ids	unresolved components: 義	⿰言義
U+8B72	譲	exact_ids	unresolved components: 㐮	⿰言㐮
U+8B75	譵	exact_ids	unresolved components: 𢆉	⿰言對
U+8B78	譸	exact_ids	unresolved components: 壽	⿰言壽
U+8B79	譹	exact_ids	unresolved components: 豪	⿰言豪
U+8B7A	譺	exact_ids	unresolved components: 疑	⿰言疑
U+8B7C	譼	missing	missing	
U+8B81	讁	exact_ids	unresolved components: 啇	⿰言適
U+8B82	讂	exact_ids	unresolved components: 敻	⿰言敻
U+8B87	讇	exact_ids	unresolved components: 閻	⿰言閻
U+8B8C	讌	exact_ids	unresolved components: 燕	⿰言燕
U+8B8F	讏	exact_ids	unresolved components: 衞	⿱衞言
U+8B92	讒	exact_ids	unresolved components: 毚	⿰言毚
U+8B93	讓	exact_ids	unresolved components: 襄	⿰言襄
U+8B94	讔	exact_ids	unresolved components: 隱	⿰言隱
U+8B95	讕	exact_ids	unresolved components: 闌	⿰言闌
U+8B96	讖	exact_ids	unresolved components: 韱	⿰言韱
U+8B9C	讜	exact_ids	unresolved components: 冋	⿰言黨
U+8B9D	讝	exact_ids	unresolved components: 𠪚	⿰言嚴
U+8BAB	讫	exact_ids	unresolved components: 乞	⿰讠乞
U+8BB4	讴	exact_ids	unresolved components: 区	⿰讠区
U+8BBB	讻	exact_ids	unresolved components: 凶	⿰讠凶
U+8BBD	讽	exact_ids	unresolved components: 风	⿰讠风
U+8BC7	诇	exact_ids	unresolved components: 冋	⿰讠冋
U+8BCC	诌	exact_ids	unresolved components: ⺈	⿰讠刍
U+8BCD	词	exact_ids	unresolved components: 司	⿰讠司
U+8BD3	诓	exact_ids	unresolved components: 匡	⿰讠匡
U+8BD4	诔	exact_ids	unresolved components: 耒	⿰讠耒
U+8BDA	诚	exact_ids	unresolved components: 成	⿰讠成
U+8BDF	诟	exact_ids	unresolved components: 后	⿰讠后
U+8BE1	诡	exact_ids	unresolved components: ⺈	⿰讠危
U+8BE2	询	exact_ids	unresolved components: 旬	⿰讠旬
U+8BE4	诤	exact_ids	unresolved components: 争	⿰讠争
U+8BE5	该	exact_ids	unresolved components: 亥	⿰讠亥
U+8BEB	诫	exact_ids	unresolved components: 戈	⿰讠戒
U+8BF7	请	exact_ids	unresolved components: 龶	⿰讠青
U+8BFC	诼	exact_ids	unresolved components: 豖	⿰讠豖
U+8C02	谂	exact_ids	unresolved components: ㇇	⿰讠念
U+8C03	调	exact_ids	unresolved components: 周	⿰讠周
U+8C04	谄	exact_ids	unresolved components: ⺈	⿰讠臽
U+8C05	谅	exact_ids	unresolved components: 京	⿰讠京
U+8C06	谆	exact_ids	unresolved components: 享	⿰讠享
U+8C07	谇	exact_ids	unresolved components: 卒	⿰讠卒
U+8C09	谉	exact_ids	unresolved components: 申	⿰讠审
U+8C0C	谌	exact_ids	unresolved components: 匹	⿰讠甚
U+8C11	谑	exact_ids	unresolved components: 虐	⿰讠虐
U+8C12	谒	exact_ids	unresolved components: 匃	⿰讠曷
U+8C17	谗	missing	missing	
U+8C1D	谝	exact_ids	unresolved components: 𠕁	⿰讠扁
U+8C21	谡	exact_ids	unresolved components: 畟	⿰讠畟
U+8C25	谥	exact_ids	unresolved components: 益	⿰讠益
U+8C29	谩	exact_ids	unresolved components: 曼	⿰讠曼
U+8C2A	谪	exact_ids	unresolved components: 啇	⿰讠啇
U+8C30	谰	exact_ids	unresolved components: 阑	⿰讠阑
U+8C33	谳	exact_ids	unresolved components: 南	⿰讠献
U+8C35	谵	exact_ids	unresolved components: 詹	⿰讠詹
U+8C36	谶	exact_ids	unresolved components: 韱	⿰讠韱
U+8C39	谹	exact_ids	unresolved components: 厷	⿰谷厷
U+8C3D	谽	exact_ids	unresolved components: ㇇	⿰谷含
U+8C41	豁	exact_ids	unresolved components: 害	⿰害谷
U+8C43	豃	exact_ids	unresolved components: 敢	⿰谷敢
U+8C4B	豋	missing	missing	
U+8C50	豐	exact_ids	unresolved components: 𠁳	⿱𠁳豆
U+8C52	豒	exact_ids	unresolved components: 𠁳	⿰豐弟
U+8C53	豓	exact_ids	unresolved components: 𠁳	⿰豐盇
U+8C54	豔	exact_ids	unresolved components: 𠁳	⿰豐盍
U+8C56	豖	missing	missing	
U+8C5E	豞	exact_ids	unresolved components: 句	⿰豕句
U+8C65	豥	exact_ids	unresolved components: 亥	⿰豕亥
U+8C68	豨	exact_ids	unresolved components: 布	⿰豕希
U+8C6A	豪	missing	missing	
U+8C70	豰	missing	missing	
U+8C71	豱	exact_ids	unresolved components: 囚	⿰豕𥁕
U+8C74	豴	exact_ids	unresolved components: 啇	⿰豕啇
U+8C75	豵	exact_ids	unresolved components: 從	⿰豕從
U+8C79	豹	exact_ids	unresolved components: 勺	⿰豸勺
U+8C7F	豿	exact_ids	unresolved components: 句	⿰豸句
U+8C84	貄	exact_ids	unresolved components: 聿	⿰豸聿
U+8C86	貆	exact_ids	unresolved components: 亘	⿰豸亘
U+8C8D	貍	exact_ids	unresolved components: 里	⿰豸里
U+8C94	貔	exact_ids	unresolved components: 囟	⿰豸𣬉
U+8C96	貖	exact_ids	unresolved components: 益	⿰豸益
U+8C97	貗	exact_ids	unresolved components: 婁	⿰豸婁
U+8C99	貙	exact_ids	unresolved components: 區	⿰豸區
U+8C9A	貚	exact_ids	unresolved components: 單	⿰豸單
U+8CA0	負	exact_ids	unresolved components: ⺈	⿱⺈貝
U+8CA9	販	exact_ids	unresolved components: 反	⿰貝反
U+8CAA	貪	exact_ids	unresolved components: ㇇	⿱今貝
U+8CAC	責	exact_ids	unresolved components: 龶	⿱龶貝
U+8CAD	貭	missing	missing	
U+8CAE	貮	missing	missing	
U+8CB5	貵	missing	missing	
U+8CBF	貿	missing	missing	
U+8CC5	賅	exact_ids	unresolved components: 亥	⿰貝亥
U+8CC9	賉	exact_ids	unresolved components: 血	⿰貝血
U+8CCA	賊	exact_ids	unresolved components: 戈	⿰貝戎
U+8CCC	賌	exact_ids	unresolved components: 亥	⿱亥貝
U+8CCE	賎	exact_ids	unresolved components: 𢦑	⿰貝𢦑
U+8CD3	賓	missing	missing	
U+8CD4	賔	missing	missing	
U+8CD9	賙	exact_ids	unresolved components: 周	⿰貝周
U+8CDD	賝	exact_ids	unresolved components: ⺳	⿰貝罙
U+8CDE	賞	exact_ids	unresolved components: 冋	⿱尚貝
U+8CE1	賡	exact_ids	unresolved components: 庚	⿱庚貝
U+8CE4	賤	exact_ids	unresolved components: 戈	⿰貝戔
U+8CE5	賥	exact_ids	unresolved components: 卒	⿰貝卒
U+8CE6	賦	exact_ids	unresolved components: 武	⿰貝武
U+8CEE	賮	missing	missing	
U+8CEF	賯	exact_ids	unresolved components: 旬	⿰貝㝁
U+8CF3	賳	exact_ids	unresolved components: 哉	⿰貝哉
U+8CF4	賴	missing	missing	
U+8CF5	賵	exact_ids	unresolved components: 冃	⿰貝冒
U+8CF6	賶	exact_ids	unresolved components: 倉	⿰貝倉
U+8CF7	賷	missing	missing	
U+8CF8	賸	missing	missing	
U+8CF9	賹	exact_ids	unresolved components: 益	⿰貝益
U+8CFD	賽	missing	missing	
U+8CFE	賾	missing	missing	
U+8D00	贀	exact_ids	unresolved components: 医	⿱殹貝
U+8D01	贁	missing	missing	
U+8D02	贂	exact_ids	unresolved components: 參	⿰貝參
U+8D04	贄	exact_ids	unresolved components: 𢆉	⿱執貝
U+8D05	贅	exact_ids	unresolved components: 敖	⿱敖貝
U+8D07	贇	exact_ids	unresolved components: 武	⿱斌貝
U+8D08	贈	exact_ids	unresolved components: 曽	⿰貝曽
U+8D0D	贍	exact_ids	unresolved components: 詹	⿰貝詹
U+8D0F	贏	missing	missing	
U+8D10	贐	exact_ids	unresolved components: 盡	⿰貝盡
U+8D12	贒	missing	missing	
U+8D13	贓	exact_ids	unresolved components: 臧	⿰貝臧
U+8D18	贘	exact_ids	unresolved components: 冋	⿰貝賞
U+8D1B	贛	missing	missing	
U+8D1C	贜	exact_ids	unresolved components: 臧	⿰貝藏
U+8D1D	贝	exact_ids	structural collision: 内	⿻冂人
U+8D1F	负	exact_ids	unresolved components: ⺈	⿱⺈贝
U+8D23	责	exact_ids	unresolved components: 龶	⿱龶贝
U+8D28	质	exact_ids	unresolved components: 𣂑	⿱𣂑贝
U+8D29	贩	exact_ids	unresolved components: 反	⿰贝反
U+8D2A	贪	exact_ids	unresolved components: ㇇	⿱今贝
U+8D2D	购	exact_ids	unresolved components: 勾	⿰贝勾
U+8D31	贱	exact_ids	unresolved components: 戈	⿰贝戋
U+8D38	贸	missing	missing	
U+8D3C	贼	exact_ids	unresolved components: 戈	⿰贝戎
U+8D45	赅	exact_ids	unresolved components: 亥	⿰贝亥
U+8D46	赆	exact_ids	unresolved components: ㇏	⿰贝尽
U+8D49	赉	exact_ids	unresolved components: 来	⿱来贝
U+8D4B	赋	exact_ids	unresolved components: 武	⿰贝武
U+8D4F	赏	exact_ids	unresolved components: 冋	⿱尚贝
U+8D52	赒	exact_ids	unresolved components: 周	⿰贝周
U+8D53	赓	exact_ids	unresolved components: 庚	⿱庚贝
U+8D56	赖	exact_ids	unresolved components: ⺈	⿰束负
U+8D57	赗	exact_ids	unresolved components: 冃	⿰贝冒
U+8D58	赘	exact_ids	unresolved components: 敖	⿱敖贝
U+8D5B	赛	missing	missing	
U+8D5C	赜	missing	missing	
U+8D5E	赞	missing	missing	
U+8D5F	赟	exact_ids	unresolved components: 武	⿱斌贝
U+8D60	赠	exact_ids	unresolved components: 曾	⿰贝曾
U+8D61	赡	exact_ids	unresolved components: 詹	⿰贝詹
U+8D62	赢	missing	missing	
U+8D63	赣	missing	missing	
U+8D69	赩	exact_ids	unresolved components: ⺈	⿰赤色
U+8D6F	赯	exact_ids	unresolved components: 唐	⿰赤唐
U+8D71	赱	missing	missing	
U+8D79	赹	exact_ids	unresolved components: 匀	⿰走匀
U+8D7A	赺	exact_ids	unresolved components: ㇇	⿰走今
U+8D82	趂	exact_ids	unresolved components: ⺈	⿰走尔
U+8D8A	越	exact_ids	unresolved components: 戈	⿰走戉
U+8D8B	趋	exact_ids	unresolved components: ⺈	⿰走刍
U+8D9C	趜	exact_ids	unresolved components: 匊	⿰走匊
U+8D9D	趝	exact_ids	unresolved components: ㇇	⿰走念
U+8D9E	趞	exact_ids	unresolved components: 龷	⿰走昔
U+8D9F	趟	exact_ids	unresolved components: 冋	⿰走尚
U+8DA5	趥	exact_ids	unresolved components: 酉	⿰走酋
U+8DA7	趧	exact_ids	unresolved components: 𤴓	⿰走是
U+8DA8	趨	exact_ids	unresolved components: 芻	⿰走芻
U+8DAB	趫	exact_ids	unresolved components: 冋	⿰走喬
U+8DB1	趱	exact_ids	unresolved components: 赞	⿰走赞
U+8DB5	趵	exact_ids	unresolved components: 勺	⿰足勺
U+8DB7	趷	exact_ids	unresolved components: 乞	⿰足乞
U+8DBB	趻	exact_ids	unresolved components: ㇇	⿰足今
U+8DBF	趿	exact_ids	unresolved components: ㇏	⿰足及
U+8DCB	跋	exact_ids	unresolved components: 犮	⿰足犮
U+8DD1	跑	exact_ids	unresolved components: 包	⿰足包
U+8DD4	跔	exact_ids	unresolved components: 句	⿰足句
U+8DEA	跪	exact_ids	unresolved components: ⺈	⿰足危
U+8DEB	跫	exact_ids	unresolved components: 凡	⿱巩足
U+8DF5	践	exact_ids	unresolved components: 𢦑	⿰足𢦑
U+8DF7	跷	exact_ids	unresolved components: 尧	⿰足尧
U+8DFC	跼	exact_ids	unresolved components: 局	⿰足局
U+8DFE	跾	exact_ids	unresolved components: 攸	⿱攸足
U+8E01	踁	exact_ids	unresolved components: 巠	⿰足巠
U+8E10	踐	exact_ids	unresolved components: 戈	⿰足戔
U+8E15	踕	exact_ids	unresolved components: 疌	⿰足疌
U+8E16	踖	exact_ids	unresolved components: 龷	⿰足昔
U+8E17	踗	exact_ids	unresolved components: ㇇	⿰足念
U+8E18	踘	exact_ids	unresolved components: 匊	⿰足匊
U+8E1A	踚	exact_ids	unresolved components: 𠕁	⿰足侖
U+8E24	踤	exact_ids	unresolved components: 卒	⿰足卒
U+8E28	踨	missing	missing	
U+8E2C	踬	exact_ids	unresolved components: 𣂑	⿰足质
U+8E2D	踭	exact_ids	unresolved components: 争	⿰足争
U+8E30	踰	exact_ids	unresolved components: 兪	⿰足兪
U+8E31	踱	exact_ids	unresolved components: 度	⿰足度
U+8E32	踲	exact_ids	unresolved components: ⺁	⿰足盾
U+8E35	踵	exact_ids	unresolved components: 里	⿰足重
U+8E36	踶	exact_ids	unresolved components: 𤴓	⿰足是
U+8E38	踸	exact_ids	unresolved components: 匹	⿰足甚
U+8E3A	踺	exact_ids	unresolved components: 聿	⿰足建
U+8E3D	踽	exact_ids	unresolved components: 禹	⿰足禹
U+8E3E	踾	exact_ids	unresolved components: 畐	⿰足畐
U+8E41	蹁	exact_ids	unresolved components: 𠕁	⿰足扁
U+8E47	蹇	missing	missing	
U+8E4B	蹋	exact_ids	unresolved components: 冃	⿰足𦐇
U+8E4C	蹌	exact_ids	unresolved components: 倉	⿰足倉
U+8E4D	蹍	exact_ids	unresolved components: 展	⿰足展
U+8E4F	蹏	exact_ids	unresolved components: 虒	⿰足虒
U+8E52	蹒	missing	missing	
U+8E53	蹓	exact_ids	unresolved components: 留	⿰足留
U+8E59	蹙	exact_ids	unresolved components: 戚	⿱戚足
U+8E5A	蹚	exact_ids	unresolved components: 冋	⿰足堂
U+8E5F	蹟	exact_ids	unresolved components: 龶	⿰足責
U+8E61	蹡	exact_ids	unresolved components: 將	⿰足將
U+8E62	蹢	exact_ids	unresolved components: 啇	⿰足啇
U+8E64	蹤	exact_ids	unresolved components: 從	⿰足從
U+8E67	蹧	exact_ids	unresolved components: 曹	⿰足曹
U+8E69	蹩	exact_ids	unresolved components: 㡀	⿱敝足
U+8E6D	蹭	exact_ids	unresolved components: 曾	⿰足曾
U+8E70	蹰	exact_ids	unresolved components: 厨	⿰足厨
U+8E71	蹱	exact_ids	unresolved components: 里	⿰足童
U+8E72	蹲	exact_ids	unresolved components: 酉	⿰足尊
U+8E73	蹳	exact_ids	unresolved components: 發	⿰足發
U+8E74	蹴	exact_ids	unresolved components: 京	⿰足就
U+8E75	蹵	exact_ids	unresolved components: 京	⿱就足
U+8E7B	蹻	exact_ids	unresolved components: 冋	⿰足喬
U+8E7D	蹽	exact_ids	unresolved components: 昚	⿰足尞
U+8E7E	蹾	exact_ids	unresolved components: 享	⿰足敦
U+8E83	躃	exact_ids	unresolved components: 𡰪	⿰足辟
U+8E84	躄	exact_ids	unresolved components: 𡰪	⿱辟足
U+8E85	躅	exact_ids	unresolved components: 𠣜	⿰足蜀
U+8E88	躈	exact_ids	unresolved components: 敫	⿰足敫
U+8E8A	躊	exact_ids	unresolved components: 壽	⿰足壽
U+8E8C	躌	exact_ids	unresolved components: 舞	⿰足舞
U+8E8F	躏	exact_ids	unresolved components: 閵	⿰足蔺
U+8E90	躐	exact_ids	unresolved components: 巤	⿰足巤
U+8E91	躑	exact_ids	unresolved components: 酉	⿰足鄭
U+8E92	躒	exact_ids	unresolved components: 樂	⿰足樂
U+8E94	躔	exact_ids	unresolved components: 里,𡉀	⿰足廛
U+8E97	躗	exact_ids	unresolved components: 衞	⿱衞足
U+8E99	躙	exact_ids	unresolved components: 閵	⿰足閵
U+8E9A	躚	exact_ids	unresolved components: 遷	⿰足遷
U+8E9B	躛	exact_ids	unresolved components: 衞	⿱衞足
U+8E9C	躜	exact_ids	unresolved components: 赞	⿰足赞
U+8E9D	躝	exact_ids	unresolved components: 闌	⿰足闌
U+8E9E	躞	exact_ids	unresolved components: 燮	⿰足燮
U+8E9F	躟	exact_ids	unresolved components: 襄	⿰足襄
U+8EA0	躠	exact_ids	unresolved components: 薛	⿱薛足
U+8EA2	躢	exact_ids	unresolved components: 闒	⿰足闒
U+8EA4	躤	exact_ids	unresolved components: 耒,龷	⿰足藉
U+8EA7	躧	exact_ids	unresolved components: 丽	⿰足麗
U+8EA8	躨	exact_ids	unresolved components: 夒	⿰足夔
U+8EAA	躪	exact_ids	unresolved components: 閵	⿰足藺
U+8EAF	躯	exact_ids	unresolved components: 区	⿰身区
U+8EB9	躹	exact_ids	unresolved components: 匊	⿰身匊
U+8EBA	躺	exact_ids	unresolved components: 冋	⿰身尚
U+8EBD	躽	exact_ids	unresolved components: 匽	⿰身匽
U+8EBE	躾	exact_ids	unresolved components: 美	⿰身美
U+8EBF	躿	exact_ids	unresolved components: 隶	⿰身康
U+8EC0	軀	exact_ids	unresolved components: 區	⿰身區
U+8EC1	軁	exact_ids	unresolved components: 婁	⿰身婁
U+8EC3	軃	exact_ids	unresolved components: 單	⿰身單
U+8EC4	軄	exact_ids	unresolved components: 戈	⿰身戠
U+8EC7	軇	exact_ids	unresolved components: 壽	⿰身壽
U+8EC8	軈	exact_ids	unresolved components: 應	⿰身應
U+8EC9	軉	exact_ids	unresolved components: 寶	⿰身寶
U+8ED3	軓	exact_ids	unresolved components: 凡	⿰車凡
U+8ED6	軖	exact_ids	structural collision: 軠	⿰車王
U+8EE0	軠	exact_ids	structural collision: 軖	⿰車王
U+8EE1	軡	exact_ids	unresolved components: ㇇	⿰車今
U+8EE3	軣	missing	missing	
U+8EE5	軥	exact_ids	unresolved components: 句	⿰車句
U+8EEC	軬	missing	missing	
U+8EED	軭	exact_ids	unresolved components: 匡	⿰車匡
U+8EF0	軰	exact_ids	unresolved components: 北	⿱北車
U+8EF3	軳	exact_ids	unresolved components: 包	⿰車包
U+8EF7	軷	exact_ids	unresolved components: 犮	⿰車犮
U+8EF8	軸	exact_ids	unresolved components: 由	⿰車由
U+8F04	輄	exact_ids	unresolved components: ⺌	⿰車光
U+8F06	輆	exact_ids	unresolved components: 亥	⿰車亥
U+8F09	載	missing	missing	
U+8F0B	輋	missing	missing	
U+8F0F	輏	exact_ids	unresolved components: 酉	⿰車酉
U+8F11	輑	exact_ids	unresolved components: 尹	⿰車君
U+8F15	輕	exact_ids	unresolved components: 巠	⿰車巠
U+8F16	輖	exact_ids	unresolved components: 周	⿰車周
U+8F1A	輚	exact_ids	unresolved components: 戈	⿰車戔
U+8F1C	輜	exact_ids	structural collision: 輺	⿰車甾
U+8F1D	輝	exact_ids	unresolved components: ⺌	⿰光軍
U+8F1E	輞	exact_ids	unresolved components: 罔	⿰車罔
U+8F21	輡	exact_ids	unresolved components: ⺈	⿰車臽
U+8F24	輤	exact_ids	unresolved components: 龶	⿰車青
U+8F27	輧	exact_ids	unresolved components: 幷	⿰車幷
U+8F2A	輪	exact_ids	unresolved components: 𠕁	⿰車侖
U+8F2C	輬	exact_ids	unresolved components: 京	⿰車京
U+8F31	輱	exact_ids	unresolved components: 咸	⿰車咸
U+8F34	輴	exact_ids	unresolved components: ⺁	⿰車盾
U+8F35	輵	exact_ids	unresolved components: 匃	⿰車曷
U+8F36	輶	exact_ids	unresolved components: 酉	⿰車酋
U+8F37	輷	exact_ids	unresolved components: 訇	⿰車訇
U+8F39	輹	exact_ids	unresolved components: 复	⿰車复
U+8F3A	輺	exact_ids	structural collision: 輜	⿰車甾
U+8F3B	輻	exact_ids	unresolved components: 畐	⿰車畐
U+8F3E	輾	exact_ids	unresolved components: 展	⿰車展
U+8F3F	輿	missing	missing	
U+8F40	轀	exact_ids	unresolved components: 囚	⿰車𥁕
U+8F42	轂	missing	missing	
U+8F44	轄	exact_ids	unresolved components: 害	⿰車害
U+8F45	轅	exact_ids	unresolved components: 袁	⿰車袁
U+8F49	轉	exact_ids	unresolved components: 𤰔	⿰車專
U+8F4D	轍	missing	missing	
U+8F4E	轎	exact_ids	unresolved components: 冋	⿰車喬
U+8F51	轑	exact_ids	unresolved components: 昚	⿰車尞
U+8F55	轕	exact_ids	unresolved components: 匃	⿰車葛
U+8F56	轖	exact_ids	unresolved components: 回	⿰車嗇
U+8F57	轗	exact_ids	unresolved components: 咸	⿰車感
U+8F58	轘	exact_ids	unresolved components: 睘	⿰車睘
U+8F59	轙	exact_ids	unresolved components: 義	⿰車義
U+8F5B	轛	exact_ids	unresolved components: 𢆉	⿰車對
U+8F5E	轞	exact_ids	unresolved components: 監	⿰車監
U+8F61	轡	exact_ids	unresolved components: 𦆕	⿱𦆕口
U+8F62	轢	exact_ids	unresolved components: 樂	⿰車樂
U+8F64	轤	exact_ids	unresolved components: 𧆨	⿰車盧
U+8F65	轥	exact_ids	unresolved components: 閵	⿰車藺
U+8F74	轴	exact_ids	unresolved components: 由	⿰车由
U+8F7D	载	missing	missing	
U+8F89	辉	exact_ids	unresolved components: ⺌	⿰光军
U+8F8B	辋	exact_ids	unresolved components: 罔	⿰车罔
U+8F8C	辌	exact_ids	unresolved components: 京	⿰车京
U+8F90	辐	exact_ids	unresolved components: 畐	⿰车畐
U+8F94	辔	missing	missing	
U+8F95	辕	exact_ids	unresolved components: 袁	⿰车袁
U+8F96	辖	exact_ids	unresolved components: 害	⿰车害
U+8F97	辗	exact_ids	unresolved components: 展	⿰车展
U+8F99	辙	missing	missing	
U+8F9F	辟	exact_ids	unresolved components: 𡰪	⿰𡰪辛
U+8FA5	辥	exact_ids	unresolved components: 𡴎	⿰𡴎辛
U+8FAA	辪	missing	missing	
U+8FAD	辭	exact_ids	unresolved components: 𤔔	⿰𤔔辛
U+8FB4	辴	exact_ids	unresolved components: 單	⿰單辰
U+8FC4	迄	exact_ids	unresolved components: 乞	⿰辶乞
U+8FCF	迏	exact_ids	structural collision: 迖	⿰辶太
U+8FD4	返	exact_ids	unresolved components: 反	⿰辶反
U+8FD6	迖	exact_ids	structural collision: 迏	⿰辶犬
U+8FDF	迟	exact_ids	unresolved components: ㇏	⿰辶尺
U+8FE5	迥	exact_ids	unresolved components: 冋	⿰辶冋
U+8FE7	迧	exact_ids	unresolved components: 申	⿰辶申
U+8FE9	迩	exact_ids	unresolved components: ⺈	⿰辶尔
U+8FEA	迪	exact_ids	unresolved components: 由	⿰辶由
U+8FF4	迴	exact_ids	unresolved components: 回	⿰辶回
U+8FF5	迵	exact_ids	unresolved components: 同	⿰辶同
U+8FFF	迿	exact_ids	unresolved components: 旬	⿰辶旬
U+9005	逅	exact_ids	unresolved components: 后	⿰辶后
U+9008	逈	exact_ids	unresolved components: 冋	⿰辶向
U+900E	逎	exact_ids	unresolved components: 酉	⿰辶酉
U+9013	逓	exact_ids	unresolved components: 乕	⿰辶乕
U+9015	逕	exact_ids	unresolved components: 巠	⿰辶巠
U+9025	逥	exact_ids	unresolved components: 囬	⿰辶囬
U+9026	逦	exact_ids	unresolved components: 丽	⿰辶丽
U+902A	逪	exact_ids	unresolved components: 龷	⿰辶昔
U+902C	逬	exact_ids	unresolved components: 幷	⿰辶幷
U+902E	逮	exact_ids	unresolved components: 隶	⿰辶隶
U+9030	逰	missing	missing	
U+9031	週	exact_ids	unresolved components: 周	⿰辶周
U+9033	逳	exact_ids	unresolved components: 育	⿰辶育
U+9039	逹	exact_ids	unresolved components: 𢆉	⿰辶幸
U+903A	逺	exact_ids	unresolved components: 𡊮	⿰辶𡊮
U+903C	逼	exact_ids	unresolved components: 畐	⿰辶畐
U+903E	逾	exact_ids	unresolved components: 兪	⿰辶兪
U+9041	遁	exact_ids	unresolved components: ⺁	⿰辶盾
U+9048	遈	exact_ids	unresolved components: 𤴓	⿰辶是
U+904D	遍	exact_ids	unresolved components: 𠕁	⿰辶扁
U+904F	遏	exact_ids	unresolved components: 匃	⿰辶曷
U+9052	遒	exact_ids	unresolved components: 酉	⿰辶酋
U+9056	遖	exact_ids	unresolved components: 南	⿰辶南
U+9059	遙	exact_ids	structural collision: 遥	⿰辶䍃
U+905A	遚	exact_ids	unresolved components: 𦥔	⿰辶叟
U+905B	遛	exact_ids	unresolved components: 留	⿰辶留
U+905E	遞	exact_ids	unresolved components: 虒	⿰辶虒
U+9060	遠	exact_ids	unresolved components: 袁	⿰辶袁
U+9062	遢	exact_ids	unresolved components: 冃	⿰辶𦐇
U+9065	遥	exact_ids	structural collision: 遙	⿰辶䍃
U+9068	遨	exact_ids	unresolved components: 敖	⿰辶敖
U+9069	適	exact_ids	unresolved components: 啇	⿰辶啇
U+906A	遪	exact_ids	unresolved components: 參	⿰辶參
U+906D	遭	exact_ids	unresolved components: 曹	⿰辶曹
U+9071	遱	exact_ids	unresolved components: 婁	⿰辶婁
U+9072	遲	exact_ids	unresolved components: 犀	⿰辶犀
U+9075	遵	exact_ids	unresolved components: 酉	⿰辶尊
U+9077	遷	missing	missing	
U+907C	遼	exact_ids	unresolved components: 昚	⿰辶尞
U+907E	遾	exact_ids	unresolved components: 亇	⿰辶筮
U+907F	避	exact_ids	unresolved components: 𡰪	⿰辶辟
U+9080	邀	exact_ids	unresolved components: 敫	⿰辶敫
U+9082	邂	exact_ids	unresolved components: 解	⿰辶解
U+9084	還	exact_ids	unresolved components: 睘	⿰辶睘
U+9085	邅	exact_ids	unresolved components: 回	⿰辶亶
U+9089	邉	missing	missing	
U+908A	邊	exact_ids	unresolved components: 臱	⿰辶臱
U+908B	邋	exact_ids	unresolved components: 巤	⿰辶巤
U+908C	邌	exact_ids	unresolved components: 黎	⿰辶黎
U+908D	邍	missing	missing	
U+9090	邐	exact_ids	unresolved components: 丽	⿰辶麗
U+90AD	邭	exact_ids	unresolved components: 句	⿰句阝
U+90AE	邮	exact_ids	unresolved components: 由	⿰由阝
U+90B6	邶	exact_ids	unresolved components: 北	⿰北阝
U+90B9	邹	exact_ids	unresolved components: ⺈	⿰刍阝
U+90BC	邼	exact_ids	unresolved components: 匡	⿰匡阝
U+90C2	郂	exact_ids	unresolved components: 亥	⿰亥阝
U+90C4	郄	missing	missing	
U+90C7	郇	exact_ids	unresolved components: 旬	⿰旬阝
U+90C8	郈	exact_ids	unresolved components: 后	⿰后阝
U+90CE	郎	exact_ids	structural collision: 郞	⿰良阝
U+90D5	郕	exact_ids	unresolved components: 成	⿰成阝
U+90D7	郗	exact_ids	unresolved components: 布	⿰希阝
U+90D8	郘	exact_ids	unresolved components: 呂	⿰呂阝
U+90DE	郞	exact_ids	structural collision: 郎	⿰良阝
U+90E1	郡	exact_ids	unresolved components: 尹	⿰君阝
U+90E6	郦	exact_ids	unresolved components: 丽	⿰丽阝
U+90EA	郪	exact_ids	unresolved components: 妻	⿰妻阝
U+90EC	郬	exact_ids	unresolved components: 龶	⿰青阝
U+90ED	郭	exact_ids	unresolved components: 享	⿰享阝
U+90EE	郮	exact_ids	unresolved components: 周	⿰周阝
U+90F7	郷	exact_ids	structural collision: 鄉	⿰乡郎
U+90F8	郸	exact_ids	unresolved components: 单	⿰单阝
U+90FB	郻	missing	missing	
U+90FE	郾	exact_ids	unresolved components: 匽	⿰匽阝
U+9101	鄁	exact_ids	unresolved components: 北	⿰背阝
U+9105	鄅	exact_ids	unresolved components: 禹	⿰禹阝
U+9107	鄇	exact_ids	unresolved components: 侯	⿰侯阝
U+9109	鄉	exact_ids	structural collision: 郷	⿰乡郎
U+910B	鄋	exact_ids	unresolved components: 𦥔	⿰叟阝
U+910C	鄌	exact_ids	unresolved components: 唐	⿰唐阝
U+9111	鄑	exact_ids	unresolved components: 晉	⿰晉阝
U+9112	鄒	exact_ids	unresolved components: 芻	⿰芻阝
U+9115	鄕	missing	missing	
U+9117	鄗	exact_ids	unresolved components: 高	⿰高阝
U+9118	鄘	exact_ids	unresolved components: 庸	⿰庸阝
U+9119	鄙	exact_ids	unresolved components: 啚	⿰啚阝
U+911F	鄟	exact_ids	unresolved components: 𤰔	⿰專阝
U+9121	鄡	exact_ids	unresolved components: 梟	⿰梟阝
U+9124	鄤	exact_ids	unresolved components: 曼	⿰曼阝
U+9128	鄨	exact_ids	unresolved components: 㡀	⿱敝邑
U+9129	鄩	exact_ids	unresolved components: 尋	⿰尋阝
U+912B	鄫	missing	missing	
U+912D	鄭	exact_ids	unresolved components: 酉	⿰奠阝
U+912E	鄮	exact_ids	unresolved components: 貿	⿰貿阝
U+912F	鄯	exact_ids	unresolved components: 善	⿰善阝
U+9132	鄲	exact_ids	unresolved components: 單	⿰單阝
U+9136	鄶	exact_ids	unresolved components: 曾	⿰會阝
U+9138	鄸	exact_ids	unresolved components: 夢	⿰夢阝
U+913D	鄽	exact_ids	unresolved components: 里,𡉀	⿰廛阝
U+913F	鄿	exact_ids	unresolved components: 單	⿰蕇阝
U+9140	酀	exact_ids	unresolved components: 燕	⿰燕阝
U+9141	酁	exact_ids	unresolved components: 毚	⿰毚阝
U+9142	酂	exact_ids	unresolved components: 赞	⿰赞阝
U+9143	酃	exact_ids	unresolved components: 𠱠	⿰霝阝
U+9146	酆	exact_ids	unresolved components: 𠁳	⿰豐阝
U+9148	酈	exact_ids	unresolved components: 丽	⿰麗阝
U+9149	酉	missing	missing	
U+914A	酊	exact_ids	unresolved components: 酉	⿰酉丁
U+914B	酋	exact_ids	unresolved components: 酉	⿱丷酉
U+914C	酌	exact_ids	unresolved components: 勺,酉	⿰酉勺
U+914D	配	exact_ids	unresolved components: 酉	⿰酉己
U+914E	酎	exact_ids	unresolved components: 酉	⿰酉寸
U+914F	酏	exact_ids	unresolved components: 酉	⿰酉也
U+9150	酐	exact_ids	unresolved components: 酉	⿰酉干
U+9151	酑	exact_ids	unresolved components: 酉	⿰酉于
U+9152	酒	exact_ids	unresolved components: 酉	⿰氵酉
U+9153	酓	exact_ids	unresolved components: ㇇,酉	⿱今酉
U+9154	酔	exact_ids	unresolved components: 酉	⿰酉卆
U+9155	酕	exact_ids	unresolved components: 酉	⿰酉毛
U+9156	酖	exact_ids	unresolved components: 酉	⿰酉冘
U+9157	酗	exact_ids	unresolved components: 凶,酉	⿰酉凶
U+9158	酘	exact_ids	unresolved components: 酉	⿰酉殳
U+9159	酙	exact_ids	unresolved components: 酉	⿰酉斗
U+915A	酚	exact_ids	unresolved components: 酉	⿰酉分
U+915B	酛	exact_ids	unresolved components: 酉	⿰酉元
U+915C	酜	exact_ids	unresolved components: 酉	⿰酉夫
U+915D	酝	exact_ids	unresolved components: 酉	⿰酉云
U+915E	酞	exact_ids	unresolved components: 酉	⿰酉太
U+915F	酟	exact_ids	unresolved components: 酉	⿰酉占
U+9160	酠	exact_ids	unresolved components: 酉	⿰酉可
U+9161	酡	exact_ids	unresolved components: 酉	⿰酉它
U+9162	酢	exact_ids	unresolved components: 酉	⿰酉乍
U+9163	酣	exact_ids	unresolved components: 酉	⿰酉甘
U+9164	酤	exact_ids	unresolved components: 酉	⿰酉古
U+9165	酥	exact_ids	unresolved components: 酉	⿰酉禾
U+9166	酦	exact_ids	unresolved components: 酉	⿰酉发
U+9167	酧	exact_ids	unresolved components: 酉	⿰酉守
U+9168	酨	missing	missing	
U+9169	酩	exact_ids	unresolved components: 酉	⿰酉名
U+916A	酪	exact_ids	unresolved components: 酉	⿰酉各
U+916B	酫	exact_ids	unresolved components: 酉	⿰酉全
U+916C	酬	exact_ids	unresolved components: 酉	⿰酉州
U+916D	酭	exact_ids	unresolved components: 酉	⿰酉有
U+916E	酮	exact_ids	unresolved components: 同,酉	⿰酉同
U+916F	酯	exact_ids	unresolved components: 酉	⿰酉旨
U+9170	酰	exact_ids	unresolved components: 酉	⿰酉先
U+9171	酱	missing	missing	
U+9172	酲	exact_ids	unresolved components: 酉	⿰酉呈
U+9173	酳	missing	missing	
U+9174	酴	exact_ids	unresolved components: 酉	⿰酉余
U+9175	酵	exact_ids	unresolved components: 酉	⿰酉孝
U+9176	酶	exact_ids	unresolved components: 酉	⿰酉每
U+9177	酷	exact_ids	unresolved components: 酉	⿰酉告
U+9178	酸	exact_ids	unresolved components: 酉	⿰酉夋
U+9179	酹	exact_ids	unresolved components: 酉	⿰酉寽
U+917A	酺	exact_ids	unresolved components: 酉	⿰酉甫
U+917B	酻	exact_ids	unresolved components: 酉	⿰酉孚
U+917C	酼	exact_ids	unresolved components: 酉	⿰酉㐬
U+917D	酽	exact_ids	unresolved components: 酉	⿰酉严
U+917E	酾	exact_ids	unresolved components: 丽,酉	⿰酉丽
U+917F	酿	exact_ids	unresolved components: 酉	⿰酉良
U+9180	醀	exact_ids	unresolved components: 酉	⿰酉隹
U+9181	醁	exact_ids	unresolved components: 酉	⿰酉录
U+9182	醂	exact_ids	unresolved components: 酉	⿰酉林
U+9183	醃	exact_ids	unresolved components: 电,酉	⿰酉奄
U+9184	醄	exact_ids	unresolved components: 匋,酉	⿰酉匋
U+9185	醅	exact_ids	unresolved components: 酉	⿰酉咅
U+9186	醆	exact_ids	unresolved components: 戈,酉	⿰酉戔
U+9187	醇	exact_ids	unresolved components: 享,酉	⿰酉享
U+9188	醈	exact_ids	unresolved components: 酉	⿰酉炎
U+9189	醉	exact_ids	unresolved components: 卒,酉	⿰酉卒
U+918A	醊	exact_ids	unresolved components: 酉	⿰酉叕
U+918B	醋	exact_ids	unresolved components: 酉,龷	⿰酉昔
U+918C	醌	exact_ids	unresolved components: 酉	⿰酉昆
U+918D	醍	exact_ids	unresolved components: 酉,𤴓	⿰酉是
U+918E	醎	exact_ids	unresolved components: 咸,酉	⿰酉咸
U+918F	醏	exact_ids	unresolved components: 酉	⿰酉者
U+9190	醐	exact_ids	unresolved components: 酉	⿰酉胡
U+9191	醑	exact_ids	unresolved components: 酉	⿰酉胥
U+9192	醒	exact_ids	unresolved components: 酉	⿰酉星
U+9193	醓	missing	missing	
U+9194	醔	exact_ids	unresolved components: 酉	⿱秋酉
U+9195	醕	exact_ids	unresolved components: 亯,酉	⿰酉亯
U+9196	醖	exact_ids	unresolved components: 酉	⿰酉昷
U+9197	醗	exact_ids	unresolved components: 発,酉	⿰酉発
U+9198	醘	exact_ids	unresolved components: 酉	⿰酉盍
U+9199	醙	exact_ids	unresolved components: 酉,𦥔	⿰酉叟
U+919A	醚	exact_ids	unresolved components: 酉	⿰酉迷
U+919B	醛	exact_ids	unresolved components: 酉	⿰酉荃
U+919C	醜	exact_ids	unresolved components: 酉	⿰酉鬼
U+919D	醝	exact_ids	unresolved components: 酉	⿰酉差
U+919E	醞	exact_ids	unresolved components: 囚,酉	⿰酉𥁕
U+919F	醟	exact_ids	unresolved components: 酉	⿳炏冖酉
U+91A0	醠	exact_ids	unresolved components: 酉	⿰酉盎
U+91A1	醡	exact_ids	unresolved components: 酉	⿰酉窄
U+91A2	醢	exact_ids	unresolved components: 酉	⿰酉𥁓
U+91A3	醣	exact_ids	unresolved components: 唐,酉	⿰酉唐
U+91A4	醤	exact_ids	unresolved components: 将,酉	⿱将酉
U+91A5	醥	exact_ids	unresolved components: 酉	⿰酉票
U+91A6	醦	exact_ids	unresolved components: 參,酉	⿰酉參
U+91A7	醧	exact_ids	unresolved components: 區,酉	⿰酉區
U+91A8	醨	exact_ids	unresolved components: 凶,酉	⿰酉离
U+91A9	醩	exact_ids	unresolved components: 曹,酉	⿰酉曹
U+91AA	醪	exact_ids	unresolved components: 酉	⿰酉翏
U+91AB	醫	exact_ids	unresolved components: 医,酉	⿱殹酉
U+91AC	醬	exact_ids	unresolved components: 將,酉	⿱將酉
U+91AD	醭	exact_ids	unresolved components: 酉	⿰酉菐
U+91AE	醮	exact_ids	unresolved components: 酉	⿰酉焦
U+91AF	醯	missing	missing	
U+91B0	醰	exact_ids	unresolved components: 酉	⿰酉覃
U+91B1	醱	exact_ids	unresolved components: 發,酉	⿰酉發
U+91B2	醲	exact_ids	unresolved components: 酉	⿰酉農
U+91B3	醳	exact_ids	unresolved components: 酉,𢆉	⿰酉睪
U+91B4	醴	exact_ids	unresolved components: 酉	⿰酉豊
U+91B5	醵	exact_ids	unresolved components: 酉	⿰酉豦
U+91B6	醶	exact_ids	unresolved components: 僉,酉	⿰酉僉
U+91B7	醷	exact_ids	unresolved components: 酉	⿰酉意
U+91B8	醸	exact_ids	unresolved components: 㐮,酉	⿰酉㐮
U+91B9	醹	exact_ids	unresolved components: 酉	⿰酉需
U+91BA	醺	exact_ids	unresolved components: 熏,酉	⿰酉熏
U+91BB	醻	exact_ids	unresolved components: 壽,酉	⿰酉壽
U+91BC	醼	exact_ids	unresolved components: 燕,酉	⿰酉燕
U+91BD	醽	exact_ids	unresolved components: 酉,𠱠	⿰酉霝
U+91BE	醾	exact_ids	unresolved components: 酉	⿰酉糜
U+91BF	醿	exact_ids	unresolved components: 酉	⿰酉縻
U+91C0	釀	exact_ids	unresolved components: 襄,酉	⿰酉襄
U+91C1	釁	missing	missing	
U+91C2	釂	exact_ids	unresolved components: 爵,酉	⿰酉爵
U+91C3	釃	exact_ids	unresolved components: 丽,酉	⿰酉麗
U+91C4	釄	exact_ids	unresolved components: 酉	⿰酉靡
U+91C5	釅	exact_ids	unresolved components: 酉,𠪚	⿰酉嚴
U+91C8	釈	exact_ids	unresolved components: ㇏	⿰釆尺
U+91C9	釉	exact_ids	unresolved components: 由	⿰采由
U+91CB	釋	exact_ids	unresolved components: 𢆉	⿰釆睪
U+91CC	里	missing	missing	
U+91CD	重	exact_ids	unresolved components: 里	⿻千里
U+91CE	野	exact_ids	unresolved components: 里	⿰里予
U+91CF	量	exact_ids	unresolved components: 里	⿱旦里
U+91D0	釐	missing	missing	
U+91DC	釜	missing	missing	
U+91E3	釣	exact_ids	unresolved components: 勺	⿰金勺
U+91E9	釩	exact_ids	unresolved components: 凡	⿰金凡
U+91F3	釳	exact_ids	unresolved components: 乞	⿰金乞
U+920E	鈎	exact_ids	unresolved components: 勾	⿰金勾
U+9210	鈐	exact_ids	unresolved components: ㇇	⿰金今
U+9211	鈑	exact_ids	unresolved components: 反	⿰金反
U+9212	鈒	exact_ids	unresolved components: ㇏	⿰金及
U+921B	鈛	exact_ids	unresolved components: 戈	⿰金戈
U+921C	鈜	exact_ids	unresolved components: 厷	⿰金厷
U+921E	鈞	exact_ids	unresolved components: 匀	⿰金匀
U+922C	鈬	exact_ids	unresolved components: ㇏	⿰金尺
U+9238	鈸	exact_ids	unresolved components: 犮	⿰金犮
U+923D	鈽	exact_ids	unresolved components: 布	⿰金布
U+923E	鈾	exact_ids	unresolved components: 由	⿰金由
U+9240	鉀	exact_ids	unresolved components: 甲	⿰金甲
U+924B	鉋	exact_ids	unresolved components: 包	⿰金包
U+9253	鉓	exact_ids	unresolved components: 布	⿰金布
U+9254	鉔	exact_ids	unresolved components: 匝	⿰金匝
U+925A	鉚	exact_ids	unresolved components: 卯	⿰金卯
U+925E	鉞	exact_ids	unresolved components: 戈	⿰金戉
U+9264	鉤	exact_ids	unresolved components: 句	⿰金句
U+9265	鉥	exact_ids	unresolved components: 朮	⿰金朮
U+9268	鉨	exact_ids	unresolved components: ⺈	⿰金尔
U+926E	鉮	exact_ids	unresolved components: 申	⿰金申
U+9270	鉰	exact_ids	unresolved components: 司	⿰金司
U+9273	鉳	exact_ids	unresolved components: 北	⿰金北
U+9274	鉴	missing	missing	
U+9281	銁	exact_ids	unresolved components: 旬	⿰金旬
U+9284	銄	exact_ids	unresolved components: 冋	⿰金向
U+9285	銅	exact_ids	unresolved components: 同	⿰金同
U+9287	銇	exact_ids	unresolved components: 耒	⿰金耒
U+9289	銉	exact_ids	unresolved components: 聿	⿰金聿
U+928A	銊	exact_ids	unresolved components: 戍	⿰金戍
U+928C	銌	exact_ids	unresolved components: 存	⿰金存
U+928E	銎	exact_ids	unresolved components: 凡	⿱巩金
U+9297	銗	exact_ids	unresolved components: 后	⿰金后
U+929E	銞	exact_ids	unresolved components: 旬	⿱旬金
U+929F	銟	missing	missing	
U+92A2	銢	missing	missing	
U+92A6	銦	exact_ids	unresolved components: 因	⿰金因
U+92A7	銧	exact_ids	unresolved components: ⺌	⿰金光
U+92AB	銫	exact_ids	unresolved components: ⺈	⿰金色
U+92AD	銭	exact_ids	unresolved components: 𢦑	⿰金𢦑
U+92B3	銳	exact_ids	structural collision: 鋭	⿰金兌
U+92C1	鋁	exact_ids	unresolved components: 呂	⿰金呂
U+92C4	鋄	missing	missing	
U+92C6	鋆	exact_ids	unresolved components: 匀	⿱均金
U+92D0	鋐	exact_ids	unresolved components: 厷	⿰金宏
U+92DA	鋚	exact_ids	unresolved components: 攸	⿱攸金
U+92DE	鋞	exact_ids	unresolved components: 巠	⿰金巠
U+92E1	鋡	exact_ids	unresolved components: ㇇	⿰金含
U+92E6	鋦	exact_ids	unresolved components: 局	⿰金局
U+92E8	鋨	exact_ids	unresolved components: 戈	⿰金我
U+92EC	鋬	exact_ids	unresolved components: 反	⿱扳金
U+92ED	鋭	exact_ids	structural collision: 銳	⿰金兌
U+92EE	鋮	exact_ids	unresolved components: 成	⿰金成
U+92F0	鋰	exact_ids	unresolved components: 里	⿰金里
U+92FC	鋼	exact_ids	unresolved components: 岡	⿰金岡
U+92FE	鋾	exact_ids	unresolved components: 匋	⿰金匋
U+92FF	鋿	exact_ids	unresolved components: 冋	⿰金尚
U+9300	錀	exact_ids	unresolved components: 𠕁	⿰金侖
U+9305	錅	missing	missing	
U+9306	錆	exact_ids	unresolved components: 龶	⿰金青
U+930A	錊	exact_ids	unresolved components: 卒	⿰金卒
U+930E	錎	exact_ids	unresolved components: ⺈	⿰金臽
U+9319	錙	exact_ids	structural collision: 鍿	⿰金甾
U+931C	錜	exact_ids	unresolved components: ㇇	⿰金念
U+931E	錞	exact_ids	unresolved components: 享	⿰金享
U+9320	錠	exact_ids	unresolved components: 𤴓	⿰金定
U+9322	錢	exact_ids	unresolved components: 戈	⿰金戔
U+9325	錥	exact_ids	unresolved components: 育	⿰金育
U+932D	錭	exact_ids	unresolved components: 周	⿰金周
U+932E	錮	exact_ids	unresolved components: 固	⿰金固
U+932F	錯	exact_ids	unresolved components: 龷	⿰金昔
U+9336	錶	exact_ids	unresolved components: 表	⿰金表
U+933B	錻	exact_ids	unresolved components: 武	⿰金武
U+9344	鍄	exact_ids	unresolved components: 京	⿰金京
U+9349	鍉	exact_ids	unresolved components: 𤴓	⿰金是
U+934D	鍍	exact_ids	unresolved components: 度	⿰金度
U+934E	鍎	exact_ids	unresolved components: ⺁	⿰金盾
U+9350	鍐	exact_ids	unresolved components: 凶	⿰金㚇
U+9351	鍑	exact_ids	unresolved components: 复	⿰金复
U+9356	鍖	exact_ids	unresolved components: 匹	⿰金甚
U+935B	鍛	exact_ids	unresolved components: 段	⿰金段
U+9362	鍢	exact_ids	unresolved components: 畐	⿰金畐
U+9367	鍧	exact_ids	unresolved components: 訇	⿰金訇
U+936D	鍭	exact_ids	unresolved components: 侯	⿰金侯
U+936E	鍮	exact_ids	unresolved components: 兪	⿰金兪
U+9373	鍳	missing	missing	
U+9375	鍵	exact_ids	unresolved components: 聿	⿰金建
U+9379	鍹	exact_ids	unresolved components: 亘	⿰金宣
U+937B	鍻	exact_ids	unresolved components: 匃	⿰金曷
U+937C	鍼	exact_ids	unresolved components: 咸	⿰金咸
U+937D	鍽	exact_ids	unresolved components: 𠕁	⿰金扁
U+937E	鍾	exact_ids	unresolved components: 里	⿰金重
U+937F	鍿	exact_ids	structural collision: 錙	⿰金甾
U+9380	鎀	exact_ids	unresolved components: 修	⿰金修
U+9382	鎂	exact_ids	unresolved components: 美	⿰金美
U+9383	鎃	exact_ids	unresolved components: 派	⿰金派
U+9384	鎄	exact_ids	unresolved components: 哀	⿰金哀
U+9385	鎅	exact_ids	unresolved components: 介	⿰金界
U+9389	鎉	exact_ids	unresolved components: 冃	⿰金𦐇
U+938B	鎋	exact_ids	unresolved components: 害	⿰金害
U+9395	鎕	exact_ids	unresolved components: 唐	⿰金唐
U+9397	鎗	exact_ids	unresolved components: 倉	⿰金倉
U+939E	鎞	exact_ids	unresolved components: 囟	⿰金𣬉
U+93A4	鎤	exact_ids	unresolved components: ⺌	⿰金晃
U+93A5	鎥	exact_ids	unresolved components: 條	⿱條金
U+93A6	鎦	exact_ids	unresolved components: 留	⿰金留
U+93AA	鎪	exact_ids	unresolved components: 𦥔	⿰金叟
U+93AB	鎫	missing	missing	
U+93AC	鎬	exact_ids	unresolved components: 高	⿰金高
U+93B0	鎰	exact_ids	unresolved components: 益	⿰金益
U+93B1	鎱	exact_ids	unresolved components: 袁	⿰金袁
U+93C2	鏂	exact_ids	unresolved components: 區	⿰金區
U+93C3	鏃	exact_ids	unresolved components: 族	⿰金族
U+93C4	鏄	exact_ids	unresolved components: 𤰔	⿰金專
U+93C5	鏅	exact_ids	unresolved components: 脩	⿰金脩
U+93C7	鏇	exact_ids	unresolved components: 旋	⿰金旋
U+93CA	鏊	exact_ids	unresolved components: 敖	⿱敖金
U+93D1	鏑	exact_ids	unresolved components: 啇	⿰金啇
U+93D2	鏒	exact_ids	unresolved components: 參	⿰金參
U+93D3	鏓	exact_ids	unresolved components: 囱	⿰金悤
U+93D4	鏔	exact_ids	unresolved components: 寅	⿰金寅
U+93D8	鏘	exact_ids	unresolved components: 將	⿰金將
U+93DA	鏚	exact_ids	unresolved components: 戚	⿰金戚
U+93DC	鏜	exact_ids	unresolved components: 冋	⿰金堂
U+93DD	鏝	exact_ids	unresolved components: 曼	⿰金曼
U+93DE	鏞	exact_ids	unresolved components: 庸	⿰金庸
U+93E4	鏤	exact_ids	unresolved components: 婁	⿰金婁
U+93E6	鏦	exact_ids	unresolved components: 從	⿰金從
U+93EA	鏪	exact_ids	unresolved components: 曹	⿰金曹
U+93EE	鏮	exact_ids	unresolved components: 隶	⿰金康
U+93EF	鏯	exact_ids	unresolved components: 㸚	⿰金爽
U+93F2	鏲	exact_ids	unresolved components: 牽	⿰金牽
U+93F3	鏳	exact_ids	unresolved components: 曾	⿰金曾
U+93F8	鏸	exact_ids	unresolved components: 𤰔	⿰金惠
U+93FA	鏺	exact_ids	unresolved components: 發	⿰金發
U+93FC	鏼	exact_ids	unresolved components: 亇	⿰金策
U+93FE	鏾	exact_ids	unresolved components: 散	⿰金散
U+9405	鐅	exact_ids	unresolved components: 㡀	⿱敝金
U+9408	鐈	exact_ids	unresolved components: 冋	⿰金喬
U+940F	鐏	exact_ids	unresolved components: 酉	⿰金尊
U+9410	鐐	exact_ids	unresolved components: 昚	⿰金尞
U+9413	鐓	exact_ids	unresolved components: 享	⿰金敦
U+9416	鐖	exact_ids	unresolved components: 戍	⿰金幾
U+9417	鐗	exact_ids	unresolved components: 閒	⿰金閒
U+9418	鐘	exact_ids	unresolved components: 里	⿰金童
U+941B	鐛	exact_ids	unresolved components: 京	⿰金景
U+941C	鐜	exact_ids	unresolved components: 享	⿱敦金
U+941E	鐞	exact_ids	unresolved components: 尋	⿰金尋
U+9421	鐡	missing	missing	
U+9423	鐣	exact_ids	unresolved components: 冋	⿰金掌
U+9425	鐥	exact_ids	unresolved components: 善	⿰金善
U+9426	鐦	exact_ids	unresolved components: 開	⿰金開
U+9427	鐧	exact_ids	unresolved components: 間	⿰金間
U+942C	鐬	exact_ids	unresolved components: 歲	⿰金歲
U+9431	鐱	exact_ids	unresolved components: 僉	⿰金僉
U+9432	鐲	exact_ids	unresolved components: 𠣜	⿰金蜀
U+9434	鐴	exact_ids	unresolved components: 𡰪	⿰金辟
U+9435	鐵	exact_ids	unresolved components: 𢧜	⿰金𢧜
U+9436	鐶	exact_ids	unresolved components: 睘	⿰金睘
U+9438	鐸	exact_ids	unresolved components: 𢆉	⿰金睪
U+943A	鐺	exact_ids	unresolved components: 冋	⿰金當
U+943E	鐾	exact_ids	unresolved components: 𡰪	⿱辟金
U+9441	鑁	missing	missing	
U+9442	鑂	exact_ids	unresolved components: 熏	⿰金熏
U+9444	鑄	exact_ids	unresolved components: 壽	⿰金壽
U+9446	鑆	exact_ids	unresolved components: 𢆉	⿰金對
U+944B	鑋	exact_ids	unresolved components: 巠	⿱輕金
U+944C	鑌	exact_ids	unresolved components: 賓	⿰金賓
U+944E	鑎	exact_ids	unresolved components: 匱	⿰金匱
U+944F	鑏	exact_ids	unresolved components: 寍	⿰金寧
U+9451	鑑	exact_ids	unresolved components: 監	⿰金監
U+9452	鑒	missing	missing	
U+9454	鑔	exact_ids	unresolved components: 祭	⿰金察
U+9456	鑖	exact_ids	unresolved components: 戌	⿰金蔑
U+9457	鑗	exact_ids	unresolved components: 黎	⿰金黎
U+9459	鑙	missing	missing	
U+945C	鑜	exact_ids	unresolved components: 冋	⿰金賞
U+945D	鑝	missing	missing	
U+945E	鑞	exact_ids	unresolved components: 巤	⿰金巤
U+9460	鑠	exact_ids	unresolved components: 樂	⿰金樂
U+946A	鑪	exact_ids	unresolved components: 𧆨	⿰金盧
U+946C	鑬	exact_ids	unresolved components: 覧	⿰金覧
U+946D	鑭	exact_ids	unresolved components: 闌	⿰金闌
U+946F	鑯	exact_ids	unresolved components: 韱	⿰金韱
U+9471	鑱	exact_ids	unresolved components: 毚	⿰金毚
U+9472	鑲	exact_ids	unresolved components: 襄	⿰金襄
U+9473	鑳	exact_ids	unresolved components: 蹇	⿰金蹇
U+9476	鑶	exact_ids	unresolved components: 臧	⿰金藏
U+947F	鑿	missing	missing	
U+9482	钂	exact_ids	unresolved components: 冋	⿰金黨
U+9483	钃	exact_ids	unresolved components: 屬	⿰金屬
U+9484	钄	exact_ids	unresolved components: 闌	⿰金蘭
U+9491	钑	exact_ids	unresolved components: ㇏	⿰钅及
U+9492	钒	exact_ids	unresolved components: 凡	⿰钅凡
U+9493	钓	exact_ids	unresolved components: 勺	⿰钅勺
U+9496	钖	exact_ids	unresolved components: 𠃓	⿰钅𠃓
U+94A0	钠	exact_ids	structural collision: 钡	⿰钅内
U+94A1	钡	exact_ids	structural collision: 钠	⿰钅贝
U+94A2	钢	exact_ids	unresolved components: 冈	⿰钅冈
U+94A3	钣	exact_ids	unresolved components: 反	⿰钅反
U+94A4	钤	exact_ids	unresolved components: ㇇	⿰钅今
U+94A7	钧	exact_ids	unresolved components: 匀	⿰钅匀
U+94A9	钩	exact_ids	unresolved components: 勾	⿰钅勾
U+94B1	钱	exact_ids	unresolved components: 戈	⿰钅戋
U+94B8	钸	exact_ids	unresolved components: 布	⿰钅布
U+94B9	钹	exact_ids	unresolved components: 犮	⿰钅犮
U+94BA	钺	exact_ids	unresolved components: 戈	⿰钅戉
U+94BE	钾	exact_ids	unresolved components: 甲	⿰钅甲
U+94C0	铀	exact_ids	unresolved components: 由	⿰钅由
U+94C6	铆	exact_ids	unresolved components: 卯	⿰钅卯
U+94C7	铇	exact_ids	unresolved components: 包	⿰钅包
U+94C8	铈	missing	missing	
U+94D6	铖	exact_ids	unresolved components: 成	⿰钅成
U+94D9	铙	exact_ids	unresolved components: 尧	⿰钅尧
U+94DC	铜	exact_ids	unresolved components: 同	⿰钅同
U+94DF	铟	exact_ids	unresolved components: 因	⿰钅因
U+94EE	铮	exact_ids	unresolved components: 争	⿰钅争
U+94EF	铯	exact_ids	unresolved components: ⺈	⿰钅色
U+94F4	铴	exact_ids	unresolved components: 𠃓	⿰钅汤
U+94FC	铼	exact_ids	unresolved components: 来	⿰钅来
U+9501	锁	missing	missing	
U+9502	锂	exact_ids	unresolved components: 里	⿰钅里
U+9507	锇	exact_ids	unresolved components: 戈	⿰钅我
U+950E	锎	exact_ids	unresolved components: 開	⿰钅開
U+950F	锏	exact_ids	unresolved components: 间	⿰钅间
U+9514	锔	exact_ids	unresolved components: 局	⿰钅局
U+9516	锖	exact_ids	unresolved components: 龶	⿰钅青
U+9519	错	exact_ids	unresolved components: 龷	⿰钅昔
U+9522	锢	exact_ids	unresolved components: 固	⿰钅固
U+9527	锧	exact_ids	unresolved components: 𣂑	⿰钅质
U+952D	锭	exact_ids	unresolved components: 𤴓	⿰钅定
U+952E	键	exact_ids	unresolved components: 聿	⿰钅建
U+9535	锵	exact_ids	unresolved components: 将	⿰钅将
U+953A	锺	exact_ids	unresolved components: 里	⿰钅重
U+953B	锻	exact_ids	unresolved components: 段	⿰钅段
U+953C	锼	exact_ids	unresolved components: 𦥔	⿰钅叟
U+953F	锿	exact_ids	unresolved components: 哀	⿰钅哀
U+9540	镀	exact_ids	unresolved components: 度	⿰钅度
U+9541	镁	exact_ids	unresolved components: 美	⿰钅美
U+954F	镏	exact_ids	unresolved components: 留	⿰钅留
U+9550	镐	exact_ids	unresolved components: 高	⿰钅高
U+9552	镒	exact_ids	unresolved components: 益	⿰钅益
U+9557	镗	exact_ids	unresolved components: 冋	⿰钅堂
U+9558	镘	exact_ids	unresolved components: 曼	⿰钅曼
U+955B	镛	exact_ids	unresolved components: 庸	⿰钅庸
U+955D	镝	exact_ids	unresolved components: 啇	⿰钅啇
U+955E	镞	exact_ids	unresolved components: 族	⿰钅族
U+955F	镟	exact_ids	unresolved components: 旋	⿰钅旋
U+9563	镣	exact_ids	unresolved components: 昚	⿰钅尞
U+9566	镦	exact_ids	unresolved components: 享	⿰钅敦
U+9567	镧	exact_ids	unresolved components: 阑	⿰钅阑
U+956E	镮	exact_ids	unresolved components: 睘	⿰钅睘
U+956F	镯	exact_ids	unresolved components: 𠣜	⿰钅蜀
U+9572	镲	exact_ids	unresolved components: 祭	⿰钅察
U+9574	镴	exact_ids	unresolved components: 巤	⿰钅巤
U+9575	镵	exact_ids	unresolved components: 毚	⿰钅毚
U+9576	镶	exact_ids	unresolved components: 襄	⿰钅襄
U+957D	镽	exact_ids	unresolved components: 昚	⿰镸尞
U+9581	閁	missing	missing	
U+9582	閂	missing	missing	
U+9583	閃	missing	missing	
U+9585	閅	missing	missing	
U+9586	閆	missing	missing	
U+9587	閇	missing	missing	
U+9588	閈	missing	missing	
U+9589	閉	missing	missing	
U+958A	閊	missing	missing	
U+958B	開	missing	missing	
U+958C	閌	missing	missing	
U+958D	閍	missing	missing	
U+958E	閎	missing	missing	
U+958F	閏	missing	missing	
U+9590	閐	missing	missing	
U+9591	閑	missing	missing	
U+9592	閒	missing	missing	
U+9593	間	missing	missing	
U+9594	閔	missing	missing	
U+9595	閕	missing	missing	
U+9596	閖	missing	missing	
U+9597	閗	missing	missing	
U+9598	閘	missing	missing	
U+9599	閙	missing	missing	
U+959A	閚	missing	missing	
U+959B	閛	missing	missing	
U+959C	閜	missing	missing	
U+959D	閝	missing	missing	
U+959E	閞	missing	missing	
U+959F	閟	missing	missing	
U+95A0	閠	missing	missing	
U+95A1	閡	missing	missing	
U+95A2	関	missing	missing	
U+95A3	閣	missing	missing	
U+95A4	閤	missing	missing	
U+95A5	閥	missing	missing	
U+95A6	閦	missing	missing	
U+95A7	閧	missing	missing	
U+95A8	閨	missing	missing	
U+95A9	閩	missing	missing	
U+95AA	閪	missing	missing	
U+95AB	閫	missing	missing	
U+95AC	閬	missing	missing	
U+95AD	閭	missing	missing	
U+95AE	閮	missing	missing	
U+95AF	閯	missing	missing	
U+95B0	閰	missing	missing	
U+95B1	閱	missing	missing	
U+95B2	閲	missing	missing	
U+95B3	閳	missing	missing	
U+95B4	閴	missing	missing	
U+95B5	閵	missing	missing	
U+95B6	閶	missing	missing	
U+95B7	閷	exact_ids	unresolved components: 閃	⿰杀閃
U+95B8	閸	missing	missing	
U+95B9	閹	missing	missing	
U+95BA	閺	missing	missing	
U+95BB	閻	missing	missing	
U+95BC	閼	missing	missing	
U+95BD	閽	missing	missing	
U+95BE	閾	missing	missing	
U+95BF	閿	missing	missing	
U+95C0	闀	missing	missing	
U+95C1	闁	missing	missing	
U+95C2	闂	missing	missing	
U+95C3	闃	missing	missing	
U+95C4	闄	missing	missing	
U+95C5	闅	missing	missing	
U+95C6	闆	missing	missing	
U+95C7	闇	missing	missing	
U+95C8	闈	missing	missing	
U+95C9	闉	missing	missing	
U+95CA	闊	missing	missing	
U+95CB	闋	missing	missing	
U+95CC	闌	missing	missing	
U+95CD	闍	missing	missing	
U+95CE	闎	missing	missing	
U+95CF	闏	missing	missing	
U+95D0	闐	missing	missing	
U+95D1	闑	missing	missing	
U+95D2	闒	missing	missing	
U+95D3	闓	missing	missing	
U+95D4	闔	missing	missing	
U+95D5	闕	missing	missing	
U+95D6	闖	missing	missing	
U+95D7	闗	missing	missing	
U+95D8	闘	missing	missing	
U+95D9	闙	missing	missing	
U+95DA	闚	missing	missing	
U+95DB	闛	missing	missing	
U+95DC	關	missing	missing	
U+95DD	闝	missing	missing	
U+95DE	闞	missing	missing	
U+95DF	闟	missing	missing	
U+95E0	闠	missing	missing	
U+95E1	闡	missing	missing	
U+95E2	闢	missing	missing	
U+95E3	闣	missing	missing	
U+95E4	闤	missing	missing	
U+95E5	闥	missing	missing	
U+95E6	闦	missing	missing	
U+95E7	闧	missing	missing	
U+95E9	闩	missing	missing	
U+95EA	闪	missing	missing	
U+95EB	闫	missing	missing	
U+95EC	闬	missing	missing	
U+95ED	闭	missing	missing	
U+95EE	问	missing	missing	
U+95EF	闯	missing	missing	
U+95F0	闰	missing	missing	
U+95F1	闱	missing	missing	
U+95F2	闲	missing	missing	
U+95F3	闳	missing	missing	
U+95F4	间	missing	missing	
U+95F5	闵	missing	missing	
U+95F6	闶	missing	missing	
U+95F7	闷	missing	missing	
U+95F8	闸	missing	missing	
U+95F9	闹	missing	missing	
U+95FA	闺	missing	missing	
U+95FB	闻	missing	missing	
U+95FC	闼	missing	missing	
U+95FD	闽	missing	missing	
U+95FE	闾	missing	missing	
U+95FF	闿	missing	missing	
U+9600	阀	missing	missing	
U+9601	阁	missing	missing	
U+9602	阂	missing	missing	
U+9603	阃	missing	missing	
U+9604	阄	missing	missing	
U+9605	阅	missing	missing	
U+9606	阆	missing	missing	
U+9607	阇	missing	missing	
U+9608	阈	missing	missing	
U+9609	阉	missing	missing	
U+960A	阊	missing	missing	
U+960B	阋	missing	missing	
U+960C	阌	missing	missing	
U+960D	阍	missing	missing	
U+960E	阎	missing	missing	
U+960F	阏	missing	missing	
U+9610	阐	missing	missing	
U+9611	阑	missing	missing	
U+9612	阒	missing	missing	
U+9613	阓	missing	missing	
U+9614	阔	missing	missing	
U+9615	阕	missing	missing	
U+9616	阖	missing	missing	
U+9617	阗	missing	missing	
U+9618	阘	missing	missing	
U+9619	阙	missing	missing	
U+961A	阚	missing	missing	
U+961B	阛	missing	missing	
U+9623	阣	exact_ids	unresolved components: 乞	⿰阝乞
U+962A	阪	exact_ids	unresolved components: 反	⿰阝反
U+9636	阶	exact_ids	unresolved components: 介	⿰阝介
U+9646	陆	exact_ids	unresolved components: 击	⿰阝击
U+964B	陋	missing	missing	
U+9652	陒	exact_ids	unresolved components: ⺈	⿰阝危
U+9654	陔	exact_ids	unresolved components: 亥	⿰阝亥
U+9658	陘	exact_ids	unresolved components: 巠	⿰阝巠
U+965A	陚	exact_ids	unresolved components: 武	⿰阝武
U+9665	陥	missing	missing	
U+9669	险	exact_ids	unresolved components: 佥	⿰阝佥
U+966F	陯	exact_ids	unresolved components: 𠕁	⿰阝侖
U+9670	陰	exact_ids	unresolved components: ㇇	⿰阝侌
U+9671	陱	exact_ids	unresolved components: 匊	⿰阝匊
U+9676	陶	exact_ids	unresolved components: 匋	⿰阝匋
U+9677	陷	exact_ids	unresolved components: ⺈	⿰阝臽
U+9679	陹	missing	missing	
U+967F	陿	exact_ids	unresolved components: 匧	⿰阝匧
U+9680	隀	exact_ids	unresolved components: 里	⿰阝重
U+9681	隁	exact_ids	unresolved components: 匽	⿰阝匽
U+9682	隂	missing	missing	
U+9684	隄	exact_ids	unresolved components: 𤴓	⿰阝是
U+9686	隆	missing	missing	
U+9687	隇	exact_ids	unresolved components: 威	⿰阝威
U+9689	隉	missing	missing	
U+9690	隐	exact_ids	unresolved components: ⺈	⿰阝急
U+9693	隓	exact_ids	unresolved components: 左	⿰阝𢀡
U+9698	隘	exact_ids	unresolved components: 益	⿰阝益
U+969A	隚	exact_ids	unresolved components: 冋	⿰阝堂
U+969B	際	exact_ids	unresolved components: 祭	⿰阝祭
U+969E	隞	exact_ids	unresolved components: 敖	⿰阝敖
U+96A0	隠	missing	missing	
U+96A6	隦	exact_ids	unresolved components: 𡰪	⿰阝辟
U+96AA	險	exact_ids	unresolved components: 僉	⿰阝僉
U+96AF	隯	exact_ids	unresolved components: 壽	⿰阝壽
U+96B1	隱	missing	missing	
U+96B2	隲	missing	missing	
U+96B3	隳	exact_ids	unresolved components: 㣺	⿱隋𠇍
U+96B5	隵	exact_ids	unresolved components: 䖒,戈	⿰阝戲
U+96B6	隶	missing	missing	
U+96B7	隷	missing	missing	
U+96B8	隸	exact_ids	unresolved components: 隶	⿰柰隶
U+96C2	雂	exact_ids	unresolved components: ㇇	⿰今隹
U+96C4	雄	exact_ids	unresolved components: 厷	⿰厷隹
U+96CA	雊	exact_ids	unresolved components: 句	⿰句隹
U+96CD	雍	missing	missing	
U+96CF	雏	exact_ids	unresolved components: ⺈	⿰刍隹
U+96D5	雕	exact_ids	unresolved components: 周	⿰周隹
U+96D7	雗	missing	missing	
U+96DB	雛	exact_ids	unresolved components: 芻	⿰芻隹
U+96DC	雜	missing	missing	
U+96DF	雟	missing	missing	
U+96E2	離	exact_ids	unresolved components: 凶	⿰离隹
U+96E4	雤	missing	missing	
U+96ED	雭	exact_ids	unresolved components: ㇏	⿱雨及
U+96F9	雹	exact_ids	unresolved components: 包	⿱雨包
U+96FB	電	exact_ids	unresolved components: 电	⿱雨电
U+970A	霊	missing	missing	
U+970B	霋	exact_ids	unresolved components: 妻	⿱雨妻
U+970C	霌	exact_ids	unresolved components: 周	⿱雨周
U+9712	霒	exact_ids	unresolved components: ㇇	⿰雲今
U+9718	霘	exact_ids	unresolved components: 同	⿱雨洞
U+971D	霝	exact_ids	unresolved components: 𠱠	⿱雨𠱠
U+9721	霡	exact_ids	unresolved components: 永	⿱雨脉
U+9722	霢	exact_ids	unresolved components: 脈	⿱雨脈
U+9724	霤	exact_ids	unresolved components: 留	⿱雨留
U+9725	霥	exact_ids	unresolved components: 冃	⿱雨冡
U+9728	霨	exact_ids	unresolved components: 尉	⿱雨尉
U+9729	霩	exact_ids	unresolved components: 享	⿱雨郭
U+972D	霭	exact_ids	unresolved components: 匃	⿱雨谒
U+972E	霮	exact_ids	unresolved components: 匹	⿱雨湛
U+9730	霰	exact_ids	unresolved components: 散	⿱雨散
U+9733	霳	exact_ids	unresolved components: 隆	⿱雨隆
U+9734	霴	exact_ids	unresolved components: 隶	⿰雲隶
U+9735	霵	exact_ids	unresolved components: 戈	⿱雨戢
U+9738	霸	exact_ids	unresolved components: 䩗	⿱雨䩗
U+9739	霹	exact_ids	unresolved components: 𡰪	⿱雨辟
U+973E	霾	exact_ids	unresolved components: 里	⿱雨貍
U+973F	霿	missing	missing	
U+9740	靀	exact_ids	unresolved components: 冃	⿱雨蒙
U+9744	靄	exact_ids	unresolved components: 匃	⿱雨謁
U+9746	靆	exact_ids	unresolved components: 隶	⿰雲逮
U+9748	靈	exact_ids	unresolved components: 𠱠	⿱霝巫
U+974A	靊	exact_ids	unresolved components: 𠁳	⿱雨豐
U+974C	靌	exact_ids	unresolved components: 寳	⿱雨寳
U+9751	靑	exact_ids	unresolved components: 円,龶	⿱龶円
U+9752	青	exact_ids	unresolved components: 龶	⿱龶月
U+9753	靓	exact_ids	unresolved components: 龶	⿰青见
U+9754	靔	exact_ids	unresolved components: 龶	⿰青气
U+9755	靕	exact_ids	unresolved components: 円,龶	⿰正靑
U+9756	靖	exact_ids	unresolved components: 龶	⿰立青
U+9757	靗	exact_ids	unresolved components: ⺌,龶	⿰青光
U+9758	靘	exact_ids	unresolved components: ⺈,龶	⿰青色
U+9759	静	exact_ids	unresolved components: 争,龶	⿰青争
U+975A	靚	exact_ids	unresolved components: 龶	⿰青見
U+975B	靛	exact_ids	unresolved components: 龶,𤴓	⿰青定
U+975C	靜	exact_ids	unresolved components: 龶	⿰青爭
U+975D	靝	exact_ids	unresolved components: 龶	⿰青氣
U+9763	靣	exact_ids	unresolved components: 回	⿱丆回
U+9764	靤	exact_ids	unresolved components: 包	⿰面包
U+9768	靨	exact_ids	unresolved components: 冃	⿱厭面
U+976E	靮	exact_ids	unresolved components: 勺	⿰革勺
U+9772	靲	exact_ids	unresolved components: ㇇	⿰革今
U+9778	靸	exact_ids	unresolved components: ㇏	⿰革及
U+9784	鞄	exact_ids	unresolved components: 包	⿰革包
U+9787	鞇	exact_ids	unresolved components: 因	⿰革因
U+978F	鞏	exact_ids	unresolved components: 凡	⿱巩革
U+9797	鞗	missing	missing	
U+979D	鞝	exact_ids	unresolved components: 冋	⿰革尚
U+979F	鞟	exact_ids	unresolved components: 享	⿰革享
U+97A0	鞠	exact_ids	unresolved components: 匊	⿰革匊
U+97A7	鞧	exact_ids	unresolved components: 酉	⿰革酋
U+97A8	鞨	exact_ids	unresolved components: 匃	⿰革曷
U+97AB	鞫	exact_ids	unresolved components: 訇	⿰革訇
U+97AC	鞬	exact_ids	unresolved components: 聿	⿰革建
U+97AE	鞮	exact_ids	unresolved components: 𤴓	⿰革是
U+97AF	鞯	exact_ids	unresolved components: 存	⿰革荐
U+97B4	鞴	missing	missing	
U+97B9	鞹	exact_ids	unresolved components: 享	⿰革郭
U+97BA	鞺	exact_ids	unresolved components: 冋	⿰革堂
U+97BB	鞻	exact_ids	unresolved components: 婁	⿰革婁
U+97BD	鞽	exact_ids	unresolved components: 冋	⿰革喬
U+97BF	鞿	exact_ids	unresolved components: 戍	⿰革幾
U+97C1	韁	exact_ids	unresolved components: 三	⿰革畺
U+97C2	韂	exact_ids	unresolved components: 詹	⿰革詹
U+97C6	韆	exact_ids	unresolved components: 遷	⿰革遷
U+97C8	韈	exact_ids	unresolved components: 戌	⿰革蔑
U+97CA	韊	exact_ids	unresolved components: 闌	⿰革蘭
U+97CD	韍	exact_ids	unresolved components: 犮	⿰韋犮
U+97D1	韑	exact_ids	unresolved components: ⺌	⿰光韋
U+97D3	韓	missing	missing	
U+97D5	韕	exact_ids	unresolved components: 享	⿰韋享
U+97D9	韙	exact_ids	unresolved components: 𤴓	⿰是韋
U+97DB	韛	missing	missing	
U+97DE	韞	exact_ids	unresolved components: 囚	⿰韋𥁕
U+97E2	韢	exact_ids	unresolved components: 𤰔	⿰韋惠
U+97E3	韣	exact_ids	unresolved components: 𠣜	⿰韋蜀
U+97E4	韤	exact_ids	unresolved components: 戌	⿰韋蔑
U+97E8	韨	exact_ids	unresolved components: 犮	⿰韦犮
U+97E9	韩	missing	missing	
U+97EA	韪	exact_ids	unresolved components: 𤴓	⿰是韦
U+97EF	韯	missing	missing	
U+97F0	韰	exact_ids	unresolved components: 𣦼	⿱𣦼韭
U+97F1	韱	missing	missing	
U+97F2	韲	missing	missing	
U+97F5	韵	exact_ids	unresolved components: 匀	⿰音匀
U+97FD	韽	exact_ids	unresolved components: ㇇,酉	⿰酓音
U+9814	頔	exact_ids	unresolved components: 由	⿰由頁
U+981B	頛	exact_ids	unresolved components: 耒	⿰耒頁
U+9820	頠	exact_ids	unresolved components: ⺈	⿰危頁
U+9824	頤	missing	missing	
U+9825	頥	missing	missing	
U+9826	頦	exact_ids	unresolved components: 亥	⿰亥頁
U+9827	頧	missing	missing	
U+982E	頮	missing	missing	
U+982F	頯	exact_ids	unresolved components: 𢌳	⿰𢌳頁
U+9834	頴	exact_ids	unresolved components: 𥘈	⿰𥘈頁
U+9835	頵	exact_ids	unresolved components: 尹	⿰君頁
U+9837	頷	exact_ids	unresolved components: ㇇	⿰含頁
U+9838	頸	exact_ids	unresolved components: 巠	⿰巠頁
U+983F	頿	missing	missing	
U+9841	顁	exact_ids	unresolved components: 𤴓	⿰定頁
U+9847	顇	exact_ids	unresolved components: 卒	⿰卒頁
U+9848	顈	missing	missing	
U+984C	題	exact_ids	unresolved components: 𤴓	⿰是頁
U+984F	顏	exact_ids	structural collision: 顔	⿰彥頁
U+9851	顑	exact_ids	unresolved components: 咸	⿰咸頁
U+9854	顔	exact_ids	structural collision: 顏	⿰彦頁
U+9856	顖	exact_ids	unresolved components: 囟	⿰恖頁
U+9863	顣	exact_ids	unresolved components: 戚	⿰戚頁
U+9865	顥	exact_ids	unresolved components: 京	⿰景頁
U+9869	顩	exact_ids	unresolved components: 僉	⿰僉頁
U+986A	顪	exact_ids	unresolved components: 歲	⿰歲頁
U+986B	顫	exact_ids	unresolved components: 回	⿰亶頁
U+986D	顭	exact_ids	unresolved components: 夢	⿰夢頁
U+986E	顮	exact_ids	unresolved components: 賓	⿰賓頁
U+9871	顱	exact_ids	unresolved components: 𧆨	⿰盧頁
U+9872	顲	missing	missing	
U+9888	颈	missing	missing	
U+988D	颍	missing	missing	
U+988E	颎	missing	missing	
U+988F	颏	exact_ids	unresolved components: 亥	⿰亥页
U+9890	颐	missing	missing	
U+9892	颒	missing	missing	
U+9894	颔	exact_ids	unresolved components: ㇇	⿰含页
U+9895	颕	exact_ids	unresolved components: 𥘈	⿰𥘈页
U+9896	颖	missing	missing	
U+9898	题	exact_ids	unresolved components: 𤴓	⿰是页
U+989F	颟	missing	missing	
U+98A2	颢	exact_ids	unresolved components: 京	⿰景页
U+98A4	颤	exact_ids	unresolved components: 回	⿰亶页
U+98AE	颮	exact_ids	unresolved components: 包	⿰風包
U+98B0	颰	exact_ids	unresolved components: 犮	⿰風犮
U+98B4	颴	missing	missing	
U+98BB	颻	missing	missing	
U+98BC	颼	exact_ids	unresolved components: 𦥔	⿰風叟
U+98C0	飀	exact_ids	unresolved components: 留	⿰風留
U+98C9	飉	exact_ids	unresolved components: 昚	⿰風尞
U+98CE	风	missing	missing	
U+98CF	飏	exact_ids	unresolved components: 风,𠃓	⿰风𠃓
U+98D0	飐	exact_ids	unresolved components: 风	⿰风占
U+98D1	飑	exact_ids	unresolved components: 包,风	⿰风包
U+98D2	飒	exact_ids	unresolved components: 风	⿰立风
U+98D3	飓	exact_ids	unresolved components: 风	⿰风具
U+98D4	飔	exact_ids	unresolved components: 风	⿰风思
U+98D5	飕	exact_ids	unresolved components: 风,𦥔	⿰风叟
U+98D6	飖	missing	missing	
U+98D7	飗	exact_ids	unresolved components: 留,风	⿰风留
U+98D8	飘	exact_ids	unresolved components: 风	⿰票风
U+98D9	飙	exact_ids	unresolved components: 风	⿰猋风
U+98DA	飚	exact_ids	unresolved components: 风	⿰风焱
U+98DF	食	exact_ids	structural collision: 飠	⿱人良
U+98E0	飠	exact_ids	structural collision: 食	⿱人良
U+98ED	飭	missing	missing	
U+98EE	飮	exact_ids	structural collision: 飲	⿰食欠
U+98EF	飯	exact_ids	unresolved components: 反	⿰食反
U+98F2	飲	exact_ids	structural collision: 飮	⿰食欠
U+98F9	飹	exact_ids	unresolved components: 卯	⿰食卯
U+98FC	飼	exact_ids	unresolved components: 司	⿰食司
U+98FD	飽	exact_ids	unresolved components: 包	⿰食包
U+98FE	飾	exact_ids	unresolved components: 布	⿰食布
U+9907	餇	exact_ids	unresolved components: 同	⿰食同
U+9909	餉	exact_ids	unresolved components: 冋	⿰食向
U+990A	養	missing	missing	
U+9910	餐	exact_ids	unresolved components: 𣦼	⿱𣦼食
U+9913	餓	exact_ids	unresolved components: 戈	⿰食我
U+9919	餙	exact_ids	unresolved components: 布	⿰食希
U+991E	餞	exact_ids	unresolved components: 戈	⿰食戔
U+9920	餠	exact_ids	unresolved components: 幷	⿰食幷
U+9921	餡	exact_ids	unresolved components: ⺈	⿰食臽
U+9923	餣	exact_ids	unresolved components: 电	⿰食奄
U+9929	餩	exact_ids	unresolved components: 亥	⿰食侅
U+9931	餱	exact_ids	unresolved components: 侯	⿰食侯
U+9932	餲	exact_ids	unresolved components: 匃	⿰食曷
U+9939	餹	exact_ids	unresolved components: 唐	⿰食唐
U+993B	餻	exact_ids	unresolved components: 羔	⿰食羔
U+993E	餾	exact_ids	unresolved components: 留	⿰食留
U+993F	餿	exact_ids	unresolved components: 𦥔	⿰食叟
U+9942	饂	exact_ids	unresolved components: 囚	⿰食𥁕
U+9944	饄	exact_ids	unresolved components: 冋	⿰食堂
U+9945	饅	exact_ids	unresolved components: 曼	⿰食曼
U+9947	饇	exact_ids	unresolved components: 區	⿰食區
U+994A	饊	exact_ids	unresolved components: 散	⿰食散
U+994D	饍	exact_ids	unresolved components: 善	⿰食善
U+994F	饏	exact_ids	unresolved components: 敢	⿱敢食
U+9951	饑	exact_ids	unresolved components: 戍	⿰食幾
U+9954	饔	exact_ids	unresolved components: 雍	⿱雍食
U+9956	饖	exact_ids	unresolved components: 歲	⿰食歲
U+9958	饘	exact_ids	unresolved components: 回	⿰食亶
U+995B	饛	exact_ids	unresolved components: 冃	⿰食蒙
U+995C	饜	exact_ids	unresolved components: 冃	⿱厭食
U+995E	饞	exact_ids	unresolved components: 毚	⿰食毚
U+995F	饟	exact_ids	unresolved components: 襄	⿰食襄
U+9967	饧	exact_ids	unresolved components: 𠃓	⿰饣𠃓
U+996C	饬	missing	missing	
U+996D	饭	exact_ids	unresolved components: 反	⿰饣反
U+996F	饯	exact_ids	unresolved components: 𢦑	⿰饣𢦑
U+9970	饰	exact_ids	unresolved components: 布	⿰饣布
U+9971	饱	exact_ids	unresolved components: 包	⿰饣包
U+9972	饲	exact_ids	unresolved components: 司	⿰饣司
U+9976	饶	exact_ids	unresolved components: 尧	⿰饣尧
U+9977	饷	exact_ids	unresolved components: 冋	⿰饣向
U+997F	饿	exact_ids	unresolved components: 戈	⿰饣我
U+9985	馅	exact_ids	unresolved components: ⺈	⿰饣臽
U+998A	馊	exact_ids	unresolved components: 𦥔	⿰饣叟
U+998B	馋	missing	missing	
U+998F	馏	exact_ids	unresolved components: 留	⿰饣留
U+9992	馒	exact_ids	unresolved components: 曼	⿰饣曼
U+9993	馓	exact_ids	unresolved components: 散	⿰饣散
U+9998	馘	exact_ids	unresolved components: 或	⿰首或
U+999B	馛	exact_ids	unresolved components: 犮	⿰香犮
U+99A0	馠	exact_ids	unresolved components: ㇇	⿰香含
U+99A2	馢	exact_ids	unresolved components: 戈	⿰香戔
U+99A3	馣	exact_ids	unresolved components: 电	⿰香奄
U+99A4	馤	exact_ids	unresolved components: 匃	⿰香曷
U+99A5	馥	exact_ids	unresolved components: 复	⿰香复
U+99A7	馧	exact_ids	unresolved components: 囚	⿰香𥁕
U+99AA	馪	exact_ids	unresolved components: 賓	⿰香賓
U+99B0	馰	exact_ids	unresolved components: 勺	⿰馬勺
U+99BA	馺	exact_ids	unresolved components: ㇏	⿰馬及
U+99C2	駂	missing	missing	
U+99C5	駅	exact_ids	unresolved components: ㇏	⿰馬尺
U+99C6	駆	exact_ids	unresolved components: 区	⿰馬区
U+99C9	駉	exact_ids	unresolved components: 冋	⿰馬冋
U+99CE	駎	exact_ids	unresolved components: 由	⿰馬由
U+99D2	駒	exact_ids	unresolved components: 句	⿰馬句
U+99DF	駟	exact_ids	unresolved components: 四	⿰馬四
U+99E0	駠	exact_ids	unresolved components: 卯	⿰馬卯
U+99E5	駥	exact_ids	unresolved components: 戈	⿰馬戎
U+99E7	駧	exact_ids	unresolved components: 同	⿰馬同
U+99E8	駨	exact_ids	unresolved components: 旬	⿰馬旬
U+99EB	駫	exact_ids	unresolved components: ⺌	⿰馬光
U+99ED	駭	exact_ids	unresolved components: 亥	⿰馬亥
U+99F0	駰	exact_ids	unresolved components: 因	⿰馬因
U+99F4	駴	exact_ids	unresolved components: 戈	⿰馬戒
U+99F6	駶	exact_ids	unresolved components: 局	⿰馬局
U+9A00	騀	exact_ids	unresolved components: 戈	⿰馬我
U+9A01	騁	exact_ids	unresolved components: 由	⿰馬甹
U+9A06	騆	exact_ids	unresolved components: 周	⿰馬周
U+9A08	騈	exact_ids	unresolved components: 幷	⿰馬幷
U+9A0A	騊	exact_ids	unresolved components: 匋	⿰馬匋
U+9A10	騐	exact_ids	unresolved components: ㇇	⿰馬念
U+9A14	騔	exact_ids	unresolved components: 匃	⿰馬曷
U+9A17	騗	exact_ids	unresolved components: 𠕁	⿰扁馬
U+9A19	騙	exact_ids	unresolved components: 𠕁	⿰馬扁
U+9A1D	騝	exact_ids	unresolved components: 聿	⿰馬建
U+9A20	騠	exact_ids	unresolved components: 𤴓	⿰馬是
U+9A23	騣	exact_ids	unresolved components: 凶	⿰馬㚇
U+9A28	騨	exact_ids	unresolved components: 単	⿰馬単
U+9A2A	騪	exact_ids	unresolved components: 𦥔	⿰馬叟
U+9A2B	騫	missing	missing	
U+9A2C	騬	exact_ids	unresolved components: 北	⿰馬乘
U+9A2E	騮	exact_ids	unresolved components: 留	⿰馬留
U+9A30	騰	exact_ids	structural collision: 腾	⿰月駦
U+9A36	騶	exact_ids	unresolved components: 芻	⿰馬芻
U+9A3A	騺	exact_ids	unresolved components: 𢆉	⿱執馬
U+9A3B	騻	exact_ids	unresolved components: 㸚	⿰馬爽
U+9A41	驁	exact_ids	unresolved components: 敖	⿱敖馬
U+9A42	驂	exact_ids	unresolved components: 參	⿰馬參
U+9A44	驄	exact_ids	unresolved components: 囱	⿰馬悤
U+9A45	驅	exact_ids	unresolved components: 區	⿰馬區
U+9A4B	驋	exact_ids	unresolved components: 發	⿰馬發
U+9A50	驐	exact_ids	unresolved components: 享	⿰馬敦
U+9A52	驒	exact_ids	unresolved components: 單	⿰馬單
U+9A53	驓	exact_ids	unresolved components: 曾	⿰馬曾
U+9A55	驕	exact_ids	unresolved components: 冋	⿰馬喬
U+9A56	驖	exact_ids	unresolved components: 𢧜	⿰馬𢧜
U+9A57	驗	exact_ids	unresolved components: 僉	⿰馬僉
U+9A58	驘	missing	missing	
U+9A59	驙	exact_ids	unresolved components: 回	⿰馬亶
U+9A5A	驚	exact_ids	unresolved components: 句	⿱敬馬
U+9A5B	驛	exact_ids	unresolved components: 𢆉	⿰馬睪
U+9A5E	驞	exact_ids	unresolved components: 賓	⿰馬賓
U+9A60	驠	exact_ids	unresolved components: 燕	⿰馬燕
U+9A62	驢	exact_ids	unresolved components: 𧆨	⿰馬盧
U+9A64	驤	exact_ids	unresolved components: 襄	⿰馬襄
U+9A65	驥	exact_ids	unresolved components: 北	⿰馬冀
U+9A67	驧	exact_ids	unresolved components: 匊	⿰馬鞠
U+9A6A	驪	exact_ids	unresolved components: 丽	⿰馬麗
U+9A71	驱	exact_ids	unresolved components: 区	⿰马区
U+9A77	驷	exact_ids	unresolved components: 四	⿰马四
U+9A79	驹	exact_ids	unresolved components: 句	⿰马句
U+9A7A	驺	exact_ids	unresolved components: ⺈	⿰马刍
U+9A81	骁	exact_ids	unresolved components: 尧	⿰马尧
U+9A83	骃	exact_ids	unresolved components: 因	⿰马因
U+9A87	骇	exact_ids	unresolved components: 亥	⿰马亥
U+9A8A	骊	exact_ids	unresolved components: 丽	⿰马丽
U+9A8B	骋	exact_ids	unresolved components: 由	⿰马甹
U+9A8C	验	exact_ids	unresolved components: 佥	⿰马佥
U+9A95	骕	exact_ids	unresolved components: 肃	⿰马肃
U+9A96	骖	exact_ids	unresolved components: 参	⿰马参
U+9A97	骗	exact_ids	unresolved components: 𠕁	⿰马扁
U+9A9C	骜	exact_ids	unresolved components: 敖	⿱敖马
U+9A9D	骝	exact_ids	unresolved components: 留	⿰马留
U+9A9E	骞	missing	missing	
U+9AA2	骢	exact_ids	unresolved components: 囱	⿰马悤
U+9AA5	骥	exact_ids	unresolved components: 北	⿰马冀
U+9AA7	骧	exact_ids	unresolved components: 襄	⿰马襄
U+9AAA	骪	exact_ids	unresolved components: 凡	⿰骨凡
U+9AB1	骱	exact_ids	unresolved components: 介	⿰骨介
U+9AB2	骲	exact_ids	unresolved components: 包	⿰骨包
U+9AB8	骸	exact_ids	unresolved components: 亥	⿰骨亥
U+9ABA	骺	exact_ids	unresolved components: 后	⿰骨后
U+9AC7	髇	exact_ids	unresolved components: 高	⿰骨高
U+9ACF	髏	exact_ids	unresolved components: 婁	⿰骨婁
U+9AD1	髑	exact_ids	unresolved components: 𠣜	⿰骨蜀
U+9AD2	髒	exact_ids	unresolved components: 葬	⿰骨葬
U+9AD5	髕	exact_ids	unresolved components: 賓	⿰骨賓
U+9AD7	髗	exact_ids	unresolved components: 𧆨	⿰骨盧
U+9AD8	高	missing	missing	
U+9AD9	髙	missing	missing	
U+9ADA	髚	exact_ids	unresolved components: 高	⿰高亢
U+9ADB	髛	exact_ids	unresolved components: 高	⿰高尻
U+9ADC	髜	exact_ids	unresolved components: 高	⿰高昇
U+9ADD	髝	exact_ids	unresolved components: 高	⿰高勞
U+9ADE	髞	exact_ids	unresolved components: 高	⿰高喿
U+9AEE	髮	exact_ids	unresolved components: 犮	⿱髟犮
U+9AF1	髱	exact_ids	unresolved components: 包	⿱髟包
U+9B07	鬇	exact_ids	unresolved components: 争	⿱髟争
U+9B09	鬉	exact_ids	unresolved components: 凶	⿱髟㚇
U+9B16	鬖	exact_ids	unresolved components: 參	⿱髟參
U+9B18	鬘	exact_ids	unresolved components: 曼	⿱髟曼
U+9B19	鬙	exact_ids	unresolved components: 曾	⿱髟曾
U+9B1B	鬛	missing	missing	
U+9B1C	鬜	exact_ids	unresolved components: 閒	⿱髟閒
U+9B1D	鬝	exact_ids	unresolved components: 間	⿱髟間
U+9B1F	鬟	exact_ids	unresolved components: 睘	⿱髟睘
U+9B20	鬠	exact_ids	unresolved components: 曾	⿱髟會
U+9B21	鬡	exact_ids	unresolved components: 寍	⿱髟寧
U+9B22	鬢	exact_ids	unresolved components: 賓	⿱髟賓
U+9B23	鬣	exact_ids	unresolved components: 巤	⿱髟巤
U+9B24	鬤	exact_ids	unresolved components: 襄	⿱髟襄
U+9B2A	鬪	missing	missing	
U+9B2B	鬫	exact_ids	unresolved components: 敢	⿱鬥敢
U+9B2C	鬬	missing	missing	
U+9B2D	鬭	exact_ids	unresolved components: 斲	⿱鬥斲
U+9B2F	鬯	missing	missing	
U+9B30	鬰	missing	missing	
U+9B31	鬱	missing	missing	
U+9B37	鬷	exact_ids	unresolved components: 凶	⿰鬲㚇
U+9B38	鬸	exact_ids	unresolved components: 留	⿰鬲留
U+9B3A	鬺	missing	missing	
U+9B40	魀	exact_ids	unresolved components: 介	⿰鬼介
U+9B43	魃	exact_ids	unresolved components: 犮	⿰鬼犮
U+9B46	魆	exact_ids	unresolved components: 戈	⿰鬼戉
U+9B4A	魊	exact_ids	unresolved components: 或	⿰鬼或
U+9B4D	魍	exact_ids	unresolved components: 罔	⿰鬼罔
U+9B51	魑	exact_ids	unresolved components: 凶	⿰鬼离
U+9B55	魕	exact_ids	unresolved components: 戍	⿰鬼幾
U+9B57	魗	exact_ids	unresolved components: 壽	⿰壽鬼
U+9B58	魘	exact_ids	unresolved components: 冃	⿱厭鬼
U+9B61	魡	exact_ids	unresolved components: 勺	⿰魚勺
U+9B65	魥	exact_ids	unresolved components: ㇏	⿰魚及
U+9B6A	魪	exact_ids	unresolved components: 介	⿰魚介
U+9B6C	魬	exact_ids	unresolved components: 反	⿰魚反
U+9B7B	魻	exact_ids	unresolved components: 甲	⿰魚甲
U+9B81	鮁	exact_ids	unresolved components: 犮	⿰魚犮
U+9B82	鮂	exact_ids	unresolved components: 囚	⿰魚囚
U+9B88	鮈	exact_ids	unresolved components: 句	⿰魚句
U+9B8B	鮋	exact_ids	unresolved components: 由	⿰魚由
U+9B91	鮑	exact_ids	unresolved components: 包	⿰魚包
U+9B9C	鮜	exact_ids	unresolved components: 后	⿰魚后
U+9BA0	鮠	exact_ids	unresolved components: ⺈	⿰魚危
U+9BA3	鮣	exact_ids	unresolved components: 印	⿰魚印
U+9BA6	鮦	exact_ids	unresolved components: 同	⿰魚同
U+9BB0	鮰	exact_ids	unresolved components: 回	⿰魚回
U+9BB6	鮶	exact_ids	unresolved components: 尹	⿰魚君
U+9BBA	鮺	missing	missing	
U+9BC2	鯂	exact_ids	unresolved components: 酉	⿰魚酉
U+9BC8	鯈	missing	missing	
U+9BC9	鯉	exact_ids	unresolved components: 里	⿰魚里
U+9BCE	鯎	exact_ids	unresolved components: 成	⿰魚成
U+9BD1	鯑	exact_ids	unresolved components: 布	⿰魚希
U+9BD6	鯖	exact_ids	unresolved components: 龶	⿰魚青
U+9BD9	鯙	exact_ids	unresolved components: 享	⿰魚享
U+9BDB	鯛	exact_ids	unresolved components: 周	⿰魚周
U+9BDD	鯝	exact_ids	unresolved components: 固	⿰魚固
U+9BE8	鯨	exact_ids	unresolved components: 京	⿰魚京
U+9BE9	鯩	exact_ids	unresolved components: 𠕁	⿰魚侖
U+9BEC	鯬	missing	missing	
U+9BEF	鯯	exact_ids	unresolved components: 制	⿰魚制
U+9BF0	鯰	exact_ids	unresolved components: ㇇	⿰魚念
U+9BF5	鯵	exact_ids	unresolved components: 参	⿰魚参
U+9BF7	鯷	exact_ids	unresolved components: 𤴓	⿰魚是
U+9BF8	鯸	exact_ids	unresolved components: 侯	⿰魚侯
U+9BFC	鯼	exact_ids	unresolved components: 凶	⿰魚㚇
U+9BFF	鯿	exact_ids	unresolved components: 𠕁	⿰魚扁
U+9C04	鰄	exact_ids	unresolved components: 威	⿰魚威
U+9C0B	鰋	exact_ids	unresolved components: 匽	⿰魚匽
U+9C0C	鰌	exact_ids	unresolved components: 酉	⿰魚酋
U+9C0E	鰎	exact_ids	unresolved components: 聿	⿰魚建
U+9C0F	鰏	exact_ids	unresolved components: 畐	⿰魚畐
U+9C12	鰒	exact_ids	unresolved components: 复	⿰魚复
U+9C14	鰔	exact_ids	unresolved components: 咸	⿰魚咸
U+9C1A	鰚	exact_ids	unresolved components: 亘	⿰魚宣
U+9C1D	鰝	exact_ids	unresolved components: 高	⿰魚高
U+9C21	鰡	exact_ids	unresolved components: 留	⿰魚留
U+9C24	鰤	exact_ids	unresolved components: 師	⿰魚師
U+9C28	鰨	exact_ids	unresolved components: 冃	⿰魚𦐇
U+9C2E	鰮	exact_ids	unresolved components: 囚	⿰魚𥁕
U+9C30	鰰	exact_ids	unresolved components: 申	⿰魚神
U+9C32	鰲	exact_ids	unresolved components: 敖	⿱敖魚
U+9C34	鰴	missing	missing	
U+9C36	鰶	exact_ids	unresolved components: 祭	⿰魚祭
U+9C37	鰷	exact_ids	unresolved components: 條	⿰魚條
U+9C38	鰸	exact_ids	unresolved components: 區	⿰魚區
U+9C3A	鰺	exact_ids	unresolved components: 參	⿰魚參
U+9C3B	鰻	exact_ids	unresolved components: 曼	⿰魚曼
U+9C3D	鰽	exact_ids	unresolved components: 曹	⿰魚曹
U+9C3F	鰿	exact_ids	unresolved components: 龶	⿰魚責
U+9C42	鱂	exact_ids	unresolved components: 將	⿰魚將
U+9C44	鱄	exact_ids	unresolved components: 𤰔	⿰魚專
U+9C45	鱅	exact_ids	unresolved components: 庸	⿰魚庸
U+9C47	鱇	exact_ids	unresolved components: 隶	⿰魚康
U+9C49	鱉	exact_ids	unresolved components: 㡀	⿱敝魚
U+9C4D	鱍	exact_ids	unresolved components: 發	⿰魚發
U+9C4E	鱎	exact_ids	unresolved components: 冋	⿰魚喬
U+9C52	鱒	exact_ids	unresolved components: 酉	⿰魚尊
U+9C53	鱓	exact_ids	unresolved components: 單	⿰魚單
U+9C54	鱔	exact_ids	unresolved components: 善	⿰魚善
U+9C58	鱘	exact_ids	unresolved components: 尋	⿰魚尋
U+9C5B	鱛	exact_ids	unresolved components: 曾	⿰魚曾
U+9C5E	鱞	exact_ids	unresolved components: 睘	⿰魚睘
U+9C5F	鱟	missing	missing	
U+9C60	鱠	exact_ids	unresolved components: 曾	⿰魚會
U+9C61	鱡	exact_ids	unresolved components: 戈	⿰魚賊
U+9C63	鱣	exact_ids	unresolved components: 回	⿰魚亶
U+9C64	鱤	exact_ids	unresolved components: 咸	⿰魚感
U+9C65	鱥	exact_ids	unresolved components: 歲	⿰魚歲
U+9C68	鱨	exact_ids	unresolved components: 冋	⿰魚嘗
U+9C72	鱲	exact_ids	unresolved components: 巤	⿰魚巤
U+9C73	鱳	exact_ids	unresolved components: 樂	⿰魚樂
U+9C74	鱴	exact_ids	unresolved components: 戌	⿰魚蔑
U+9C75	鱵	exact_ids	unresolved components: 亇,咸	⿰魚箴
U+9C76	鱶	exact_ids	unresolved components: 養	⿰魚養
U+9C78	鱸	exact_ids	unresolved components: 𧆨	⿰魚盧
U+9C7A	鱺	exact_ids	unresolved components: 丽	⿰魚麗
U+9C85	鲅	exact_ids	unresolved components: 犮	⿰鱼犮
U+9C89	鲉	exact_ids	unresolved components: 由	⿰鱼由
U+9C8D	鲍	exact_ids	unresolved components: 包	⿰鱼包
U+9C96	鲖	exact_ids	unresolved components: 同	⿰鱼同
U+9C98	鲘	exact_ids	unresolved components: 后	⿰鱼后
U+9C9D	鲝	missing	missing	
U+9CA1	鲡	exact_ids	unresolved components: 丽	⿰鱼丽
U+9CA4	鲤	exact_ids	unresolved components: 里	⿰鱼里
U+9CAA	鲪	exact_ids	unresolved components: 尹	⿰鱼君
U+9CAD	鲭	exact_ids	unresolved components: 龶	⿰鱼青
U+9CB4	鲴	exact_ids	unresolved components: 固	⿰鱼固
U+9CB6	鲶	exact_ids	unresolved components: ㇇	⿰鱼念
U+9CB7	鲷	exact_ids	unresolved components: 周	⿰鱼周
U+9CB8	鲸	exact_ids	unresolved components: 京	⿰鱼京
U+9CB9	鲹	exact_ids	unresolved components: 参	⿰鱼参
U+9CBE	鲾	exact_ids	unresolved components: 畐	⿰鱼畐
U+9CC0	鳀	exact_ids	unresolved components: 𤴓	⿰鱼是
U+9CC6	鳆	exact_ids	unresolved components: 复	⿰鱼复
U+9CC9	鳉	exact_ids	unresolved components: 将	⿰鱼将
U+9CCA	鳊	exact_ids	unresolved components: 𠕁	⿰鱼扁
U+9CCC	鳌	exact_ids	unresolved components: 敖	⿱敖鱼
U+9CCE	鳎	exact_ids	unresolved components: 冃	⿰鱼𦐇
U+9CD6	鳖	exact_ids	unresolved components: 㡀	⿱敝鱼
U+9CD7	鳗	exact_ids	unresolved components: 曼	⿰鱼曼
U+9CD9	鳙	exact_ids	unresolved components: 庸	⿰鱼庸
U+9CDA	鳚	exact_ids	unresolved components: 尉	⿰鱼尉
U+9CDD	鳝	exact_ids	unresolved components: 善	⿰鱼善
U+9CDF	鳟	exact_ids	unresolved components: 酉	⿰鱼尊
U+9CE1	鳡	exact_ids	unresolved components: 咸	⿰鱼感
U+9CE3	鳣	exact_ids	unresolved components: 回	⿰鱼亶
U+9CE4	鳤	exact_ids	unresolved components: 亇	⿰鱼管
U+9CEC	鳬	missing	missing	
U+9CEF	鳯	missing	missing	
U+9CF3	鳳	missing	missing	
U+9CF9	鳹	exact_ids	unresolved components: ㇇	⿰今鳥
U+9D04	鴄	exact_ids	unresolved components: 匹	⿰匹鳥
U+9D07	鴇	missing	missing	
U+9D0E	鴎	exact_ids	unresolved components: 区	⿰区鳥
U+9D1D	鴝	exact_ids	unresolved components: 句	⿰句鳥
U+9D27	鴧	exact_ids	structural collision: 鴪	⿰穴鳥
U+9D28	鴨	exact_ids	unresolved components: 甲	⿰甲鳥
U+9D2A	鴪	exact_ids	structural collision: 鴧	⿰穴鳥
U+9D2D	鴭	missing	missing	
U+9D57	鵗	exact_ids	unresolved components: 布	⿰希鳥
U+9D58	鵘	exact_ids	unresolved components: 尹	⿰君鳥
U+9D5B	鵛	exact_ids	unresolved components: 巠	⿰巠鳥
U+9D5D	鵝	exact_ids	unresolved components: 戈	⿰我鳥
U+9D5E	鵞	exact_ids	unresolved components: 戈	⿱我鳥
U+9D61	鵡	exact_ids	unresolved components: 武	⿰武鳥
U+9D64	鵤	exact_ids	unresolved components: ⺈	⿰角鳥
U+9D6A	鵪	exact_ids	unresolved components: 电	⿰奄鳥
U+9D6E	鵮	exact_ids	unresolved components: ⺈	⿰臽鳥
U+9D70	鵰	exact_ids	unresolved components: 周	⿰周鳥
U+9D72	鵲	exact_ids	unresolved components: 龷	⿰昔鳥
U+9D74	鵴	exact_ids	unresolved components: 匊	⿰匊鳥
U+9D79	鵹	missing	missing	
U+9D7A	鵺	exact_ids	unresolved components: 夜	⿰夜鳥
U+9D81	鶁	exact_ids	unresolved components: 京	⿰京鳥
U+9D84	鶄	exact_ids	unresolved components: 龶	⿰青鳥
U+9D88	鶈	exact_ids	unresolved components: 妻	⿰妻鳥
U+9D89	鶉	exact_ids	unresolved components: 享	⿰享鳥
U+9D8A	鶊	exact_ids	unresolved components: 庚	⿰庚鳥
U+9D8F	鶏	missing	missing	
U+9D97	鶗	exact_ids	unresolved components: 𤴓	⿰是鳥
U+9D9D	鶝	exact_ids	unresolved components: 畐	⿰畐鳥
U+9D9E	鶞	exact_ids	unresolved components: ⺁	⿰盾鳥
U+9DA0	鶠	exact_ids	unresolved components: 匽	⿰匽鳥
U+9DA1	鶡	exact_ids	unresolved components: 匃	⿰曷鳥
U+9DA3	鶣	exact_ids	unresolved components: 𠕁	⿰扁鳥
U+9DAC	鶬	exact_ids	unresolved components: 倉	⿰倉鳥
U+9DAE	鶮	exact_ids	unresolved components: 高	⿰高鳥
U+9DB1	鶱	missing	missing	
U+9DB3	鶳	exact_ids	unresolved components: 師	⿰鳥師
U+9DB5	鶵	exact_ids	unresolved components: 芻	⿰芻鳥
U+9DB6	鶶	exact_ids	unresolved components: 唐	⿰唐鳥
U+9DB7	鶷	exact_ids	unresolved components: 害	⿰害鳥
U+9DB9	鶹	exact_ids	unresolved components: 留	⿰留鳥
U+9DBE	鶾	missing	missing	
U+9DBF	鶿	missing	missing	
U+9DC0	鷀	missing	missing	
U+9DC1	鷁	exact_ids	unresolved components: 益	⿰益鳥
U+9DC2	鷂	missing	missing	
U+9DC7	鷇	missing	missing	
U+9DC8	鷈	exact_ids	unresolved components: 虒	⿰鳥虒
U+9DC9	鷉	exact_ids	unresolved components: 虒	⿰虒鳥
U+9DD1	鷑	exact_ids	unresolved components: 亇	⿰笠鳥
U+9DD2	鷒	exact_ids	unresolved components: 𤰔	⿰專鳥
U+9DD4	鷔	exact_ids	unresolved components: 敖	⿱敖鳥
U+9DD6	鷖	exact_ids	unresolved components: 医	⿱殹鳥
U+9DD7	鷗	exact_ids	unresolved components: 區	⿰區鳥
U+9DD9	鷙	exact_ids	unresolved components: 𢆉	⿱執鳥
U+9DDB	鷛	exact_ids	unresolved components: 庸	⿰庸鳥
U+9DDC	鷜	exact_ids	unresolved components: 婁	⿰婁鳥
U+9DDE	鷞	exact_ids	unresolved components: 㸚	⿰爽鳥
U+9DDF	鷟	exact_ids	unresolved components: 族	⿱族鳥
U+9DE4	鷤	exact_ids	unresolved components: 單	⿰單鳥
U+9DE5	鷥	missing	missing	
U+9DE9	鷩	exact_ids	unresolved components: 㡀	⿱敝鳥
U+9DEA	鷪	missing	missing	
U+9DEE	鷮	exact_ids	unresolved components: 冋	⿰喬鳥
U+9DEF	鷯	exact_ids	unresolved components: 昚	⿰尞鳥
U+9DF0	鷰	missing	missing	
U+9DF1	鷱	exact_ids	unresolved components: 臯	⿰臯鳥
U+9DF2	鷲	exact_ids	unresolved components: 京	⿱就鳥
U+9DF3	鷳	exact_ids	unresolved components: 閒	⿰閒鳥
U+9DF4	鷴	exact_ids	unresolved components: 閑	⿰閑鳥
U+9DF7	鷷	exact_ids	unresolved components: 酉	⿰尊鳥
U+9DF9	鷹	missing	missing	
U+9DFB	鷻	exact_ids	unresolved components: 享	⿰鳥敦
U+9DFC	鷼	exact_ids	unresolved components: 間	⿰間鳥
U+9DFD	鷽	missing	missing	
U+9DFF	鷿	exact_ids	unresolved components: 𡰪	⿱辟鳥
U+9E00	鸀	exact_ids	unresolved components: 𠣜	⿰蜀鳥
U+9E01	鸁	missing	missing	
U+9E03	鸃	exact_ids	unresolved components: 義	⿰鳥義
U+9E04	鸄	exact_ids	unresolved components: 敫	⿱敫鳥
U+9E05	鸅	exact_ids	unresolved components: 𢆉	⿰睪鳥
U+9E07	鸇	exact_ids	unresolved components: 回	⿰亶鳥
U+9E0A	鸊	exact_ids	unresolved components: 𡰪	⿰辟鳥
U+9E0B	鸋	exact_ids	unresolved components: 寍	⿰寧鳥
U+9E0F	鸏	exact_ids	unresolved components: 冃	⿰蒙鳥
U+9E15	鸕	exact_ids	unresolved components: 𧆨	⿰盧鳥
U+9E1D	鸝	exact_ids	unresolved components: 丽	⿰麗鳥
U+9E25	鸥	exact_ids	unresolved components: 区	⿰区鸟
U+9E28	鸨	missing	missing	
U+9E2D	鸭	exact_ids	unresolved components: 甲	⿰甲鸟
U+9E32	鸲	exact_ids	unresolved components: 句	⿰句鸟
U+9E42	鹂	exact_ids	unresolved components: 丽	⿰丽鸟
U+9E45	鹅	exact_ids	unresolved components: 戈	⿰我鸟
U+9E47	鹇	exact_ids	unresolved components: 闲	⿰闲鸟
U+9E49	鹉	exact_ids	unresolved components: 武	⿰武鸟
U+9E4A	鹊	exact_ids	unresolved components: 龷	⿰昔鸟
U+9E4C	鹌	exact_ids	unresolved components: 电	⿰奄鸟
U+9E50	鹐	exact_ids	unresolved components: ⺈	⿰臽鸟
U+9E51	鹑	exact_ids	unresolved components: 享	⿰享鸟
U+9E52	鹒	exact_ids	unresolved components: 庚	⿰庚鸟
U+9E54	鹔	exact_ids	unresolved components: 肃	⿰肃鸟
U+9E56	鹖	exact_ids	unresolved components: 匃	⿰曷鸟
U+9E5E	鹞	missing	missing	
U+9E60	鹠	exact_ids	unresolved components: 留	⿰留鸟
U+9E62	鹢	exact_ids	unresolved components: 益	⿰益鸟
U+9E65	鹥	exact_ids	unresolved components: 医	⿱殹鸟
U+9E69	鹩	exact_ids	unresolved components: 昚	⿰尞鸟
U+9E6B	鹫	exact_ids	unresolved components: 京	⿱就鸟
U+9E6E	鹮	exact_ids	unresolved components: 睘	⿰睘鸟
U+9E6F	鹯	exact_ids	unresolved components: 回	⿰亶鸟
U+9E72	鹲	exact_ids	unresolved components: 冃	⿰蒙鸟
U+9E76	鹶	exact_ids	unresolved components: ㇇	⿰鹵今
U+9E79	鹹	exact_ids	unresolved components: 咸	⿰鹵咸
U+9E7C	鹼	exact_ids	unresolved components: 僉	⿰鹵僉
U+9E7D	鹽	missing	missing	
U+9E7E	鹾	exact_ids	unresolved components: 龱	⿰卤差
U+9E81	麁	exact_ids	unresolved components: ⺈	⿱⺈鹿
U+9E85	麅	exact_ids	unresolved components: 包	⿱鹿包
U+9E8F	麏	exact_ids	unresolved components: 尹	⿱鹿君
U+9E95	麕	exact_ids	unresolved components: 囷	⿱鹿囷
U+9E96	麖	exact_ids	unresolved components: 京	⿱鹿京
U+9E97	麗	exact_ids	unresolved components: 丽	⿱丽鹿
U+9E99	麙	exact_ids	unresolved components: 咸	⿱鹿咸
U+9EA0	麠	exact_ids	unresolved components: 三	⿱鹿畺
U+9EA2	麢	exact_ids	unresolved components: 𠱠	⿱鹿霝
U+9EA3	麣	exact_ids	unresolved components: 𠪚	⿰鹿嚴
U+9EA6	麦	exact_ids	unresolved components: 龶	⿱龶夂
U+9EA7	麧	exact_ids	unresolved components: 乞	⿰麥乞
U+9EAD	麭	exact_ids	unresolved components: 包	⿰麥包
U+9EB4	麴	exact_ids	unresolved components: 匊	⿰麥匊
U+9EB6	麶	exact_ids	unresolved components: 凶	⿰麥离
U+9EB7	麷	exact_ids	unresolved components: 𠁳	⿰麥豐
U+9EB8	麸	exact_ids	unresolved components: 龶	⿰麦夫
U+9EB9	麹	exact_ids	unresolved components: 匊,龶	⿰麦匊
U+9EBA	麺	exact_ids	unresolved components: 龶	⿰麦面
U+9EBF	麿	exact_ids	unresolved components: 呂	⿱麻呂
U+9EC5	黅	exact_ids	unresolved components: ㇇	⿰黄今
U+9ECB	黋	exact_ids	unresolved components: ⺌	⿰光黄
U+9ECC	黌	missing	missing	
U+9ECE	黎	missing	missing	
U+9ED0	黐	exact_ids	unresolved components: 凶	⿰黍离
U+9ED4	黔	exact_ids	unresolved components: ㇇	⿰黑今
U+9ED9	黙	missing	missing	
U+9EE4	黤	exact_ids	unresolved components: 电	⿰黑奄
U+9EE5	黥	exact_ids	unresolved components: 京	⿰黑京
U+9EE7	黧	missing	missing	
U+9EE8	黨	exact_ids	unresolved components: 冋	⿱尚黑
U+9EEA	黪	exact_ids	unresolved components: 参	⿰黑参
U+9EEC	黬	exact_ids	unresolved components: 咸	⿰黑咸
U+9EEE	黮	exact_ids	unresolved components: 匹	⿰黑甚
U+9EF1	黱	missing	missing	
U+9EF2	黲	exact_ids	unresolved components: 參	⿰黑參
U+9EF3	黳	exact_ids	unresolved components: 医	⿱殹黑
U+9EF4	黴	missing	missing	
U+9EF5	黵	exact_ids	unresolved components: 詹	⿰黑詹
U+9EF6	黶	exact_ids	unresolved components: 冃	⿱厭黑
U+9EF8	黸	exact_ids	unresolved components: 𧆨	⿰黑盧
U+9EFB	黻	exact_ids	unresolved components: 犮	⿰黹犮
U+9EFE	黾	exact_ids	unresolved components: 电	⿱口电
U+9F07	鼇	exact_ids	unresolved components: 敖	⿱敖黽
U+9F08	鼈	exact_ids	unresolved components: 㡀	⿱敝黽
U+9F0A	鼊	exact_ids	unresolved components: 𡰪	⿱辟黽
U+9F0B	鼋	exact_ids	unresolved components: 电	⿱元黾
U+9F0C	鼌	exact_ids	unresolved components: 电	⿱旦黾
U+9F0D	鼍	missing	missing	
U+9F1E	鼞	exact_ids	unresolved components: 冋	⿱鼓堂
U+9F25	鼥	exact_ids	unresolved components: 犮	⿰鼠犮
U+9F29	鼩	exact_ids	unresolved components: 句	⿰鼠句
U+9F2C	鼬	exact_ids	unresolved components: 由	⿰鼠由
U+9F31	鼱	exact_ids	unresolved components: 龶	⿰鼠青
U+9F34	鼴	exact_ids	unresolved components: 匽	⿰鼠匽
U+9F36	鼶	exact_ids	unresolved components: 虒	⿰鼠虒
U+9F41	齁	exact_ids	unresolved components: 句	⿰鼻句
U+9F42	齂	exact_ids	unresolved components: 隶	⿰鼻隶
U+9F43	齃	exact_ids	unresolved components: 匃	⿰鼻曷
U+9F55	齕	exact_ids	unresolved components: 乞	⿰齒乞
U+9F58	齘	exact_ids	unresolved components: 介	⿰齒介
U+9F59	齙	exact_ids	unresolved components: 包	⿰齒包
U+9F62	齢	missing	missing	
U+9F63	齣	exact_ids	unresolved components: 句	⿰齒句
U+9F6B	齫	exact_ids	unresolved components: 困	⿰齒困
U+9F70	齰	exact_ids	unresolved components: 龷	⿰齒昔
U+9F72	齲	exact_ids	unresolved components: 禹	⿰齒禹
U+9F78	齸	exact_ids	unresolved components: 益	⿰齒益
U+9F7A	齺	exact_ids	unresolved components: 芻	⿰齒芻
U+9F81	龁	exact_ids	unresolved components: 乞	⿰齿乞
U+9F85	龅	exact_ids	unresolved components: 包	⿰齿包
U+9F8B	龋	exact_ids	unresolved components: 禹	⿰齿禹
U+9F97	龗	exact_ids	unresolved components: 𠱠	⿱霝龍
U+9F9E	龞	exact_ids	unresolved components: 㡀	⿱敝龜
U+9FA6	龦	missing	missing	
U+9FA7	龧	missing	missing	
U+9FA8	龨	missing	missing	
U+9FA9	龩	missing	missing	
U+9FAA	龪	missing	missing	
U+9FAB	龫	missing	missing	
U+9FAC	龬	missing	missing	
U+9FAD	龭	missing	missing	
U+9FAE	龮	missing	missing	
U+9FAF	龯	missing	missing	
U+9FB1	龱	missing	missing	
U+9FB2	龲	missing	missing	
U+9FB3	龳	missing	missing	
U+9FB5	龵	missing	missing	
U+9FB6	龶	missing	missing	
U+9FB7	龷	missing	missing	
U+9FB8	龸	missing	missing	
U+9FBA	龺	missing	missing	
U+9FBB	龻	missing	missing	
U+9FBC	龼	missing	missing	
U+9FBD	龽	missing	missing	
U+9FBE	龾	missing	missing	
U+9FBF	龿	missing	missing	
U+9FC0	鿀	missing	missing	
U+9FC1	鿁	missing	missing	
U+9FC2	鿂	missing	missing	
U+9FC3	鿃	missing	missing	
U+9FC4	鿄	missing	missing	
U+9FC5	鿅	missing	missing	
U+9FC6	鿆	missing	missing	
U+9FC7	鿇	missing	missing	
U+9FC8	鿈	missing	missing	
U+9FC9	鿉	missing	missing	
U+9FCA	鿊	missing	missing	
U+9FCB	鿋	missing	missing	
U+9FCC	鿌	missing	missing	
U+9FCD	鿍	missing	missing	
U+9FCE	鿎	missing	missing	
U+9FCF	鿏	missing	missing	
U+9FD0	鿐	missing	missing	
U+9FD1	鿑	missing	missing	
U+9FD2	鿒	missing	missing	
U+9FD3	鿓	missing	missing	
U+9FD4	鿔	missing	missing	
U+9FD5	鿕	missing	missing	
U+9FD6	鿖	missing	missing	
U+9FD7	鿗	missing	missing	
U+9FD8	鿘	missing	missing	
U+9FD9	鿙	missing	missing	
U+9FDA	鿚	missing	missing	
U+9FDB	鿛	missing	missing	
U+9FDC	鿜	missing	missing	
U+9FDD	鿝	missing	missing	
U+9FDE	鿞	missing	missing	
U+9FDF	鿟	missing	missing	
U+9FE0	鿠	missing	missing	
U+9FE1	鿡	missing	missing	
U+9FE2	鿢	missing	missing	
U+9FE3	鿣	missing	missing	
U+9FE4	鿤	missing	missing	
U+9FE5	鿥	missing	missing	
U+9FE6	鿦	missing	missing	
U+9FE7	鿧	missing	missing	
U+9FE8	鿨	missing	missing	
U+9FE9	鿩	missing	missing	
U+9FEA	鿪	missing	missing	
U+9FEB	鿫	missing	missing	
U+9FEC	鿬	missing	missing	
U+9FED	鿭	missing	missing	
U+9FEE	鿮	missing	missing	
U+9FEF	鿯	missing	missing	
U+9FF0	鿰	missing	missing	
U+9FF1	鿱	missing	missing	
U+9FF2	鿲	missing	missing	
U+9FF3	鿳	missing	missing	
U+9FF4	鿴	missing	missing	
U+9FF5	鿵	missing	missing	
U+9FF6	鿶	missing	missing	
U+9FF7	鿷	missing	missing	
U+9FF8	鿸	missing	missing	
U+9FF9	鿹	missing	missing	
U+9FFA	鿺	missing	missing	
U+9FFB	鿻	missing	missing	
U+9FFC	鿼	missing	missing	
U+9FFD	鿽	missing	missing	
U+9FFE	鿾	missing	missing	
U+9FFF	鿿	missing	missing	
