{
  "transcribed_bytes": 208634,
  "not_transcribed_bytes": 7905,
  "total_bytes": 216539,
  "pct_transcribed": 96.34938740827288,
  "pct_not_transcribed": 3.6506125917271253
}