{
  "transcribed_bytes": 305426,
  "not_transcribed_bytes": 21596,
  "total_bytes": 327022,
  "pct_transcribed": 93.3961629492817,
  "pct_not_transcribed": 6.6038370507183
}