{
  "transcribed_bytes": 271690,
  "not_transcribed_bytes": 8833,
  "total_bytes": 280523,
  "pct_transcribed": 96.85123857936783,
  "pct_not_transcribed": 3.148761420632176
}