{
  "transcribed_bytes": 208747,
  "not_transcribed_bytes": 27209,
  "total_bytes": 235956,
  "pct_transcribed": 88.4686127922155,
  "pct_not_transcribed": 11.531387207784501
}